# osCommerce, Open Source E-Commerce Solutions
# http://www.oscommerce.com
#
# Database Backup For TOPSTAR
# Copyright (c) 2008 TOPSTAR
#
# Database: startop_data
# Database Server: localhost
#
# Backup Date: 17/08/2008 10:47:18

drop table if exists address_book;
create table address_book (
  address_book_id int(11) not null auto_increment,
  customers_id int(11) default '0' not null ,
  entry_gender char(1) not null ,
  entry_company varchar(32) ,
  entry_company_tax_id varchar(32) ,
  entry_firstname varchar(32) not null ,
  entry_lastname varchar(32) not null ,
  entry_street_address varchar(64) not null ,
  entry_suburb varchar(32) ,
  entry_postcode varchar(10) not null ,
  entry_city varchar(32) not null ,
  entry_state varchar(32) ,
  entry_country_id int(11) default '0' not null ,
  entry_zone_id int(11) default '0' not null ,
  PRIMARY KEY (address_book_id),
  KEY idx_address_book_customers_id (customers_id)
);

insert into address_book (address_book_id, customers_id, entry_gender, entry_company, entry_company_tax_id, entry_firstname, entry_lastname, entry_street_address, entry_suburb, entry_postcode, entry_city, entry_state, entry_country_id, entry_zone_id) values ('40', '30', 'm', 'asa', '', 'adsad', 'asdsadasd', 'jasas', NULL, 'sasa', 'sasa', '', '195', '139');
insert into address_book (address_book_id, customers_id, entry_gender, entry_company, entry_company_tax_id, entry_firstname, entry_lastname, entry_street_address, entry_suburb, entry_postcode, entry_city, entry_state, entry_country_id, entry_zone_id) values ('135', '125', 'm', 'Maslet', '04615961E', 'Cristian', 'de Diego', 'Colón 48', NULL, '16002', 'Cuenca', '', '195', '148');
insert into address_book (address_book_id, customers_id, entry_gender, entry_company, entry_company_tax_id, entry_firstname, entry_lastname, entry_street_address, entry_suburb, entry_postcode, entry_city, entry_state, entry_country_id, entry_zone_id) values ('42', '32', 'm', '', '', 'toloo', 'lololo', 'weewopopo', NULL, 'ewesdsd', 'wewesdsd', 'wewesdsd', '10', '0');
insert into address_book (address_book_id, customers_id, entry_gender, entry_company, entry_company_tax_id, entry_firstname, entry_lastname, entry_street_address, entry_suburb, entry_postcode, entry_city, entry_state, entry_country_id, entry_zone_id) values ('43', '33', 'm', '', '', 'toto', 'lalalall', 'sasasaa', NULL, 'sasassas', 'asasasas', 'sasa', '37', '0');
insert into address_book (address_book_id, customers_id, entry_gender, entry_company, entry_company_tax_id, entry_firstname, entry_lastname, entry_street_address, entry_suburb, entry_postcode, entry_city, entry_state, entry_country_id, entry_zone_id) values ('204', '194', 'f', 'RECLAMOS PUBLICITARIOS PATRY', '33487243W', 'MONICA', 'LIMIÑANA GALDON', 'POLIGONO INDUSTRIAL CARRÚS C/.INCA, 6', NULL, '03205', 'ELCHE', '', '195', '133');
insert into address_book (address_book_id, customers_id, entry_gender, entry_company, entry_company_tax_id, entry_firstname, entry_lastname, entry_street_address, entry_suburb, entry_postcode, entry_city, entry_state, entry_country_id, entry_zone_id) values ('133', '123', 'f', '', '', 'Isabel Mª', 'González Delgado', 'Camino la Gloria,nº15', NULL, '04230', 'Huércal de Almería', '', '195', '134');
insert into address_book (address_book_id, customers_id, entry_gender, entry_company, entry_company_tax_id, entry_firstname, entry_lastname, entry_street_address, entry_suburb, entry_postcode, entry_city, entry_state, entry_country_id, entry_zone_id) values ('134', '124', 'm', '', '', 'javier', 'navas guerreo', 'blas infante,11', NULL, '14960', 'rute', '', '195', '147');
insert into address_book (address_book_id, customers_id, entry_gender, entry_company, entry_company_tax_id, entry_firstname, entry_lastname, entry_street_address, entry_suburb, entry_postcode, entry_city, entry_state, entry_country_id, entry_zone_id) values ('136', '126', 'f', 'estuco', 'dni', 'SONIA', 'PACHECO SANCHEZ', 'granada, 14', NULL, '18300', 'loja', '', '195', '150');
insert into address_book (address_book_id, customers_id, entry_gender, entry_company, entry_company_tax_id, entry_firstname, entry_lastname, entry_street_address, entry_suburb, entry_postcode, entry_city, entry_state, entry_country_id, entry_zone_id) values ('137', '127', 'f', 'belen barrera', '52770680d', 'belen', 'barrera cabanes', 'c/ alegria nº6', NULL, '49400', 'fuentesauco', '', '195', '180');
insert into address_book (address_book_id, customers_id, entry_gender, entry_company, entry_company_tax_id, entry_firstname, entry_lastname, entry_street_address, entry_suburb, entry_postcode, entry_city, entry_state, entry_country_id, entry_zone_id) values ('138', '128', 'f', 'Regalos ALMU', '43829312Y', 'Maria del Pilar', 'Hernandez Garcia', 'c/san francisco 4', NULL, '38900', 'Valverde', '', '195', '170');
insert into address_book (address_book_id, customers_id, entry_gender, entry_company, entry_company_tax_id, entry_firstname, entry_lastname, entry_street_address, entry_suburb, entry_postcode, entry_city, entry_state, entry_country_id, entry_zone_id) values ('139', '129', 'f', 'BAZAR LARREAUNDI', '44.550.561k', 'AMAIA', 'TRUEBA VICENTE', 'C/IÑIGO DE LOYOLA,12', NULL, '20303', 'IRUN', '', '195', '152');
insert into address_book (address_book_id, customers_id, entry_gender, entry_company, entry_company_tax_id, entry_firstname, entry_lastname, entry_street_address, entry_suburb, entry_postcode, entry_city, entry_state, entry_country_id, entry_zone_id) values ('140', '130', 'f', 'chuches', '52405873m', 'elena', 'galvez romero', 'avellano 16', NULL, '18620', 'alhendin', '', '195', '150');
insert into address_book (address_book_id, customers_id, entry_gender, entry_company, entry_company_tax_id, entry_firstname, entry_lastname, entry_street_address, entry_suburb, entry_postcode, entry_city, entry_state, entry_country_id, entry_zone_id) values ('141', '131', 'f', '', '76967066-G', 'Eva María', 'Dosil Tomé', 'C/ Algalia de Arriba, Nº 10 - Bajo', NULL, '15704', 'Santiago de Compostela', '', '195', '130');
insert into address_book (address_book_id, customers_id, entry_gender, entry_company, entry_company_tax_id, entry_firstname, entry_lastname, entry_street_address, entry_suburb, entry_postcode, entry_city, entry_state, entry_country_id, entry_zone_id) values ('142', '132', 'f', 'modas stella', '21440366l', 'maria teresa', 'miralles botella', 'roque de chabas n 2', NULL, '03011', 'alicante', '', '195', '133');
insert into address_book (address_book_id, customers_id, entry_gender, entry_company, entry_company_tax_id, entry_firstname, entry_lastname, entry_street_address, entry_suburb, entry_postcode, entry_city, entry_state, entry_country_id, entry_zone_id) values ('143', '133', 'm', 'De Cosas Hogar y Moda', '52796771H', 'Emilio', 'Lucia Ballester', 'Victor Garcia de la Concha 14 bajo/dcha', NULL, '33300', 'Villaviciosa', '', '195', '135');
insert into address_book (address_book_id, customers_id, entry_gender, entry_company, entry_company_tax_id, entry_firstname, entry_lastname, entry_street_address, entry_suburb, entry_postcode, entry_city, entry_state, entry_country_id, entry_zone_id) values ('144', '134', 'f', 'MARIA ISABEL NAVARRO NAVARRO', '', 'MARIA ISABEL', 'NAVARRO NAVARRO', 'C/ JACINTO GONZALEZ, 21', NULL, '28600', 'NAVALCARNERO', '', '195', '161');
insert into address_book (address_book_id, customers_id, entry_gender, entry_company, entry_company_tax_id, entry_firstname, entry_lastname, entry_street_address, entry_suburb, entry_postcode, entry_city, entry_state, entry_country_id, entry_zone_id) values ('145', '135', 'f', 'CALÇATS I COMPLEMENTS ALMA', '33.450.770.F', 'MARISOL', 'MACIAS PEREZ', 'C/ ARZOBISPO OLAECHEA, 36', NULL, '46017', 'VALENCIA', '', '195', '177');
insert into address_book (address_book_id, customers_id, entry_gender, entry_company, entry_company_tax_id, entry_firstname, entry_lastname, entry_street_address, entry_suburb, entry_postcode, entry_city, entry_state, entry_country_id, entry_zone_id) values ('146', '136', 'f', 'centre elial', '40935917B', 'marga', 'CASANOVA GARRIGOS', 'Av.Catalunya, 17', NULL, '43580', 'DELTEBRE', '', '195', '174');
insert into address_book (address_book_id, customers_id, entry_gender, entry_company, entry_company_tax_id, entry_firstname, entry_lastname, entry_street_address, entry_suburb, entry_postcode, entry_city, entry_state, entry_country_id, entry_zone_id) values ('147', '137', 'f', 'COMERCIO MIXTO RURAL', '18432207F', 'ANA BELEN', 'ARRAZOLA SANCHEZ', 'BAJA DEL RIO,24', NULL, '19310', 'CHECA', 'GUADALAJARA', '194', '0');
insert into address_book (address_book_id, customers_id, entry_gender, entry_company, entry_company_tax_id, entry_firstname, entry_lastname, entry_street_address, entry_suburb, entry_postcode, entry_city, entry_state, entry_country_id, entry_zone_id) values ('148', '138', 'f', 'Il.lusions', '22547956k', 'AMPARO', 'GIMENO TAMARIT', 'ABADIA 3', NULL, '46135', 'ALBALAT DELS SORELLS', '', '195', '177');
insert into address_book (address_book_id, customers_id, entry_gender, entry_company, entry_company_tax_id, entry_firstname, entry_lastname, entry_street_address, entry_suburb, entry_postcode, entry_city, entry_state, entry_country_id, entry_zone_id) values ('149', '139', 'f', 'LA TIENDA NUEVA', '31686872W', 'INES MARIA', 'GARCIA BELTRAN', 'REAL,33', NULL, '06740', 'ORELLANA LA VIEJA', '', '195', '137');
insert into address_book (address_book_id, customers_id, entry_gender, entry_company, entry_company_tax_id, entry_firstname, entry_lastname, entry_street_address, entry_suburb, entry_postcode, entry_city, entry_state, entry_country_id, entry_zone_id) values ('150', '140', 'f', 'El Paraiso deBethesda', '75111955G', 'Manuela', 'Ruiz', 'El Paraiso 10', NULL, '23400', 'Ubeda', '', '195', '155');
insert into address_book (address_book_id, customers_id, entry_gender, entry_company, entry_company_tax_id, entry_firstname, entry_lastname, entry_street_address, entry_suburb, entry_postcode, entry_city, entry_state, entry_country_id, entry_zone_id) values ('151', '141', 'f', 'CRISTINA CALAFAT CABRERA', '51086719Q', 'CRISTINA', 'CALAFAT CABRERA', 'AVDA EUROPA Nº23 \"BE BUBBY\"', NULL, '28224', 'POZUELO DE ALARCON', '', '195', '161');
insert into address_book (address_book_id, customers_id, entry_gender, entry_company, entry_company_tax_id, entry_firstname, entry_lastname, entry_street_address, entry_suburb, entry_postcode, entry_city, entry_state, entry_country_id, entry_zone_id) values ('152', '142', 'f', 'barbara borrmann gonzalez', '78739481q', 'barbara', 'borrmann gonzalez', 'valentin losada nº 7 bjo', NULL, '36940', 'cangas de morrazo', '', '195', '130');
insert into address_book (address_book_id, customers_id, entry_gender, entry_company, entry_company_tax_id, entry_firstname, entry_lastname, entry_street_address, entry_suburb, entry_postcode, entry_city, entry_state, entry_country_id, entry_zone_id) values ('153', '143', 'm', '\"de to un poco\"', '37721606L', 'antonio', 'pino ponferrada', 'avd.dtr.fleming 8', NULL, '14004', 'cordoba', '', '195', '130');
insert into address_book (address_book_id, customers_id, entry_gender, entry_company, entry_company_tax_id, entry_firstname, entry_lastname, entry_street_address, entry_suburb, entry_postcode, entry_city, entry_state, entry_country_id, entry_zone_id) values ('154', '144', 'f', 'FRIMAN2005 S.L.', 'B-92705011', 'malgorzata', 'kaszubowska', 'C/ CARDENAL HERRERA ORIA Nº13 LOCAL', NULL, '29680', 'ESTEPONA', '', '195', '162');
insert into address_book (address_book_id, customers_id, entry_gender, entry_company, entry_company_tax_id, entry_firstname, entry_lastname, entry_street_address, entry_suburb, entry_postcode, entry_city, entry_state, entry_country_id, entry_zone_id) values ('155', '145', 'f', 'PAPELERIA NURIA', '16808731D', 'Almudena', 'Pascual Palomar', 'C/ MARQUES DE VADILLO, 20', NULL, '42300', 'EL BURGO DE OSMA', '', '195', '173');
insert into address_book (address_book_id, customers_id, entry_gender, entry_company, entry_company_tax_id, entry_firstname, entry_lastname, entry_street_address, entry_suburb, entry_postcode, entry_city, entry_state, entry_country_id, entry_zone_id) values ('156', '146', 'f', '', '', 'pili', 'rodrigo', 'antoni gaudi, 39', NULL, '08231', 'ullastrell', '', '195', '139');
insert into address_book (address_book_id, customers_id, entry_gender, entry_company, entry_company_tax_id, entry_firstname, entry_lastname, entry_street_address, entry_suburb, entry_postcode, entry_city, entry_state, entry_country_id, entry_zone_id) values ('157', '147', 'f', 'la casita de caramelo', '52563176-b', 'maria isabel', 'guerrero baena', 'profesor tierno galvan nº 25', NULL, '14100', 'la carlota', '', '195', '147');
insert into address_book (address_book_id, customers_id, entry_gender, entry_company, entry_company_tax_id, entry_firstname, entry_lastname, entry_street_address, entry_suburb, entry_postcode, entry_city, entry_state, entry_country_id, entry_zone_id) values ('158', '148', 'f', 'TAU TAU', '06272314f', 'ARANZAZU', 'CANTOS MAQUEDA', 'OSLO Nº2 LOCAL', NULL, '45830', 'MIGUEL ESTEBAN', '', '195', '176');
insert into address_book (address_book_id, customers_id, entry_gender, entry_company, entry_company_tax_id, entry_firstname, entry_lastname, entry_street_address, entry_suburb, entry_postcode, entry_city, entry_state, entry_country_id, entry_zone_id) values ('159', '149', 'f', 'Pilar Ellston', 'x-1013247-M', 'Pilar', 'Ellston', 'avd. Universidad de Salamanca, 8 local 9', NULL, '41930', 'Bormujos', '', '195', '172');
insert into address_book (address_book_id, customers_id, entry_gender, entry_company, entry_company_tax_id, entry_firstname, entry_lastname, entry_street_address, entry_suburb, entry_postcode, entry_city, entry_state, entry_country_id, entry_zone_id) values ('160', '150', 'f', 'la corona', 'B83913772', 'petra', 'corona sanchez', 'PLAZA RAFAEL PEREZ DEL ALAMO 3', NULL, '11630', 'arcos de la frontera', '', '195', '142');
insert into address_book (address_book_id, customers_id, entry_gender, entry_company, entry_company_tax_id, entry_firstname, entry_lastname, entry_street_address, entry_suburb, entry_postcode, entry_city, entry_state, entry_country_id, entry_zone_id) values ('161', '151', 'f', 'iris', '30650239w', 'marian', 'diez', 'pedro matutes noguera 16 bj', NULL, '07800', 'ibiza', '', '195', '138');
insert into address_book (address_book_id, customers_id, entry_gender, entry_company, entry_company_tax_id, entry_firstname, entry_lastname, entry_street_address, entry_suburb, entry_postcode, entry_city, entry_state, entry_country_id, entry_zone_id) values ('162', '152', 'f', 'Tania Moraleda Escolano', '41460110b', 'Tania', 'Moraleda Escolano', 'Avenida Miramar 118 tienda Bus...K...Me', NULL, '07871', 'Es Pujols - Formentera', '', '195', '138');
insert into address_book (address_book_id, customers_id, entry_gender, entry_company, entry_company_tax_id, entry_firstname, entry_lastname, entry_street_address, entry_suburb, entry_postcode, entry_city, entry_state, entry_country_id, entry_zone_id) values ('163', '153', 'f', 'albenisport', '11444090a', 'adela', 'joyera garcia', 'avda principado nº40', NULL, '33400', 'las vegas corvera', '', '195', '135');
insert into address_book (address_book_id, customers_id, entry_gender, entry_company, entry_company_tax_id, entry_firstname, entry_lastname, entry_street_address, entry_suburb, entry_postcode, entry_city, entry_state, entry_country_id, entry_zone_id) values ('164', '154', 'f', 'regalos artea', '30632974x', 'encina', 'arrazuria ureta', 'Barrenkale nº2F lonja', NULL, '01474', 'Artziniega', '', '195', '131');
insert into address_book (address_book_id, customers_id, entry_gender, entry_company, entry_company_tax_id, entry_firstname, entry_lastname, entry_street_address, entry_suburb, entry_postcode, entry_city, entry_state, entry_country_id, entry_zone_id) values ('165', '155', 'f', 'kuaki', '46608055g', 'silvia', 'limones flores', 'sicilia,67', NULL, '08224', 'terrassa', '', '195', '139');
insert into address_book (address_book_id, customers_id, entry_gender, entry_company, entry_company_tax_id, entry_firstname, entry_lastname, entry_street_address, entry_suburb, entry_postcode, entry_city, entry_state, entry_country_id, entry_zone_id) values ('166', '156', 'f', 'Dunia', '27267758Q', 'Luisa', 'Pérez González', 'Alcalde jacinto, 2', NULL, '04638', 'Mojácar', '', '195', '134');
insert into address_book (address_book_id, customers_id, entry_gender, entry_company, entry_company_tax_id, entry_firstname, entry_lastname, entry_street_address, entry_suburb, entry_postcode, entry_city, entry_state, entry_country_id, entry_zone_id) values ('167', '157', 'f', 'El Món de Miriam', '53029761h', 'Miriam', 'Frasnedo Alonso', 'C/Pintor Fortuny,2 L-1', NULL, '08120', 'La Llagosta', '', '195', '139');
insert into address_book (address_book_id, customers_id, entry_gender, entry_company, entry_company_tax_id, entry_firstname, entry_lastname, entry_street_address, entry_suburb, entry_postcode, entry_city, entry_state, entry_country_id, entry_zone_id) values ('168', '158', 'f', '', '', 'MAria Jesus', 'Gandara Pena', 'montiron 113 6ºI', NULL, '27002', 'Lugo', '', '195', '160');
insert into address_book (address_book_id, customers_id, entry_gender, entry_company, entry_company_tax_id, entry_firstname, entry_lastname, entry_street_address, entry_suburb, entry_postcode, entry_city, entry_state, entry_country_id, entry_zone_id) values ('169', '159', 'f', 'D\'ACCORD', '31252586W', 'PILAR', 'HERNANDEZ DELGADO', 'C/ COBOS 4 LOCAL', NULL, '11005', 'CADIZ', '', '195', '142');
insert into address_book (address_book_id, customers_id, entry_gender, entry_company, entry_company_tax_id, entry_firstname, entry_lastname, entry_street_address, entry_suburb, entry_postcode, entry_city, entry_state, entry_country_id, entry_zone_id) values ('170', '160', 'f', 'MERCERIA VISI', '18967671P', 'VISI', 'SAURA MARTIN', 'SAN JOSE 5', NULL, '12592', 'XILXES', '', '195', '144');
insert into address_book (address_book_id, customers_id, entry_gender, entry_company, entry_company_tax_id, entry_firstname, entry_lastname, entry_street_address, entry_suburb, entry_postcode, entry_city, entry_state, entry_country_id, entry_zone_id) values ('171', '161', 'f', 'Amoraga&Molaro SL', 'B54288253', 'Carolina', 'Molaro Rodriguez', 'Avd/ Villajoyosa sn local 2 edf sanigrif', NULL, '03502', 'Benidorm', '', '195', '133');
insert into address_book (address_book_id, customers_id, entry_gender, entry_company, entry_company_tax_id, entry_firstname, entry_lastname, entry_street_address, entry_suburb, entry_postcode, entry_city, entry_state, entry_country_id, entry_zone_id) values ('172', '162', 'f', 'robleventur s.l.u', 'b-85404242', 'raquel', 'sanchez sanchez', 'c/ martires nº 35', NULL, '28690', 'brunete', '', '195', '161');
insert into address_book (address_book_id, customers_id, entry_gender, entry_company, entry_company_tax_id, entry_firstname, entry_lastname, entry_street_address, entry_suburb, entry_postcode, entry_city, entry_state, entry_country_id, entry_zone_id) values ('173', '163', 'f', 'nova \"regalos y complementos\"', '75765021p', 'M Carmen', 'Moreno Ramirez', 'c/sor angela de la cruz, residencial la florida nº43', NULL, '11130', 'chiclana', '', '195', '142');
insert into address_book (address_book_id, customers_id, entry_gender, entry_company, entry_company_tax_id, entry_firstname, entry_lastname, entry_street_address, entry_suburb, entry_postcode, entry_city, entry_state, entry_country_id, entry_zone_id) values ('174', '164', 'f', 'lenceria susana', '34751603y', 'antonia', 'reyes casado', 'corneli nepos 5', NULL, '08206', 'sabadell', '', '195', '139');
insert into address_book (address_book_id, customers_id, entry_gender, entry_company, entry_company_tax_id, entry_firstname, entry_lastname, entry_street_address, entry_suburb, entry_postcode, entry_city, entry_state, entry_country_id, entry_zone_id) values ('175', '165', 'm', '', '', 'francisco', 'sanchez martinez', 'andorra, 18 bis', NULL, '08207', 'sabadell', '', '195', '139');
insert into address_book (address_book_id, customers_id, entry_gender, entry_company, entry_company_tax_id, entry_firstname, entry_lastname, entry_street_address, entry_suburb, entry_postcode, entry_city, entry_state, entry_country_id, entry_zone_id) values ('176', '166', 'f', 'de todo un poco', '09419092v', 'ana belen', 'barredo fernandez', 'santa cruz 31 bajo', NULL, '31180', 'zizur mayor', '', '195', '165');
insert into address_book (address_book_id, customers_id, entry_gender, entry_company, entry_company_tax_id, entry_firstname, entry_lastname, entry_street_address, entry_suburb, entry_postcode, entry_city, entry_state, entry_country_id, entry_zone_id) values ('177', '167', 'f', 'sorginzulo', '72311407M', 'patricia', 'goienetxea suarez', 'nardiz tar jon 55', NULL, '48370', 'bermeo', '', '195', '130');
insert into address_book (address_book_id, customers_id, entry_gender, entry_company, entry_company_tax_id, entry_firstname, entry_lastname, entry_street_address, entry_suburb, entry_postcode, entry_city, entry_state, entry_country_id, entry_zone_id) values ('178', '168', 'm', '', '', 'JOSE', 'LABORDA ALCALA', 'diego ponce 7', NULL, '29200', 'antequera', '', '195', '162');
insert into address_book (address_book_id, customers_id, entry_gender, entry_company, entry_company_tax_id, entry_firstname, entry_lastname, entry_street_address, entry_suburb, entry_postcode, entry_city, entry_state, entry_country_id, entry_zone_id) values ('179', '169', 'f', 'LLEIZ', '44502306C', 'Nuria', 'Camps Valero', 'Padre Tomas Lucas 5', NULL, '12520', 'Nules', '', '195', '144');
insert into address_book (address_book_id, customers_id, entry_gender, entry_company, entry_company_tax_id, entry_firstname, entry_lastname, entry_street_address, entry_suburb, entry_postcode, entry_city, entry_state, entry_country_id, entry_zone_id) values ('180', '170', 'f', 'cucades', 'g.25592387', 'rosamaria', 'gonzalez poyatos', 'crt.lleida', NULL, '25132', 'benavent de segria', '', '195', '130');
insert into address_book (address_book_id, customers_id, entry_gender, entry_company, entry_company_tax_id, entry_firstname, entry_lastname, entry_street_address, entry_suburb, entry_postcode, entry_city, entry_state, entry_country_id, entry_zone_id) values ('181', '171', 'f', 'Francisca Míguez Nuñez', '76986074z', 'Francisca', 'Míguez Nuñez', 'Ribeira, 17', NULL, '36800', 'Redondela', '', '195', '168');
insert into address_book (address_book_id, customers_id, entry_gender, entry_company, entry_company_tax_id, entry_firstname, entry_lastname, entry_street_address, entry_suburb, entry_postcode, entry_city, entry_state, entry_country_id, entry_zone_id) values ('182', '172', 'f', 'moonlight', '70979131g', 'alicia', 'gonzalo vicente', 'san roque 28', NULL, '37210', 'vitigudino', '', '195', '169');
insert into address_book (address_book_id, customers_id, entry_gender, entry_company, entry_company_tax_id, entry_firstname, entry_lastname, entry_street_address, entry_suburb, entry_postcode, entry_city, entry_state, entry_country_id, entry_zone_id) values ('183', '173', 'f', 'breena, c.b.', 'e-37475696', 'sonia', 'sanchez hernandez', 'paseo la estancion 50', NULL, '37003', 'SALAMANCA', '', '195', '169');
insert into address_book (address_book_id, customers_id, entry_gender, entry_company, entry_company_tax_id, entry_firstname, entry_lastname, entry_street_address, entry_suburb, entry_postcode, entry_city, entry_state, entry_country_id, entry_zone_id) values ('184', '174', 'f', 'lorena vidal', '30982668n', 'lorena', 'vidal lopez', 'blas infante 7', NULL, '14120', 'fuente palmera', '', '195', '147');
insert into address_book (address_book_id, customers_id, entry_gender, entry_company, entry_company_tax_id, entry_firstname, entry_lastname, entry_street_address, entry_suburb, entry_postcode, entry_city, entry_state, entry_country_id, entry_zone_id) values ('185', '175', 'f', 'decoralba', '20187022', 'virginia', 'Campos Rocha', 'c/río pisuerga, s/n', NULL, '34840', 'cervera de pisuerga', '', '195', '167');
insert into address_book (address_book_id, customers_id, entry_gender, entry_company, entry_company_tax_id, entry_firstname, entry_lastname, entry_street_address, entry_suburb, entry_postcode, entry_city, entry_state, entry_country_id, entry_zone_id) values ('186', '176', 'f', 'la marqueza', '79194640-m', 'loli', 'garcia sanchez', 'peman 35', NULL, '41567', 'herrera', '', '195', '130');
insert into address_book (address_book_id, customers_id, entry_gender, entry_company, entry_company_tax_id, entry_firstname, entry_lastname, entry_street_address, entry_suburb, entry_postcode, entry_city, entry_state, entry_country_id, entry_zone_id) values ('187', '177', 'f', '', '', 'palma', 'abas boquera', 'andreu llambrich', NULL, '43860', 'l\'ametlla de mar', '', '195', '174');
insert into address_book (address_book_id, customers_id, entry_gender, entry_company, entry_company_tax_id, entry_firstname, entry_lastname, entry_street_address, entry_suburb, entry_postcode, entry_city, entry_state, entry_country_id, entry_zone_id) values ('188', '178', 'f', 'maodum', '46917036-a', 'irene', 'blanco suarez', 'general vidal rios', NULL, '15150', 'zas', '', '195', '130');
insert into address_book (address_book_id, customers_id, entry_gender, entry_company, entry_company_tax_id, entry_firstname, entry_lastname, entry_street_address, entry_suburb, entry_postcode, entry_city, entry_state, entry_country_id, entry_zone_id) values ('189', '179', 'f', '', '', 'Gloria', 'Muñoz Gelo', 'Virgen de la Paloma,20', NULL, '41809', 'Albaida del Aljarafe', '', '195', '172');
insert into address_book (address_book_id, customers_id, entry_gender, entry_company, entry_company_tax_id, entry_firstname, entry_lastname, entry_street_address, entry_suburb, entry_postcode, entry_city, entry_state, entry_country_id, entry_zone_id) values ('190', '180', 'f', 'venus', '53285397d', 'esther', 'roca borras', 'C/ Muntaner nº25 bajos', NULL, '08917', 'badalona', '', '195', '139');
insert into address_book (address_book_id, customers_id, entry_gender, entry_company, entry_company_tax_id, entry_firstname, entry_lastname, entry_street_address, entry_suburb, entry_postcode, entry_city, entry_state, entry_country_id, entry_zone_id) values ('191', '181', 'f', 'sonia bergada puigpinos', '78082475M', 'sonia', 'bergada puigpinos', 'c/ pare sanahuja 52', NULL, '25600', 'balaguer', '', '195', '159');
insert into address_book (address_book_id, customers_id, entry_gender, entry_company, entry_company_tax_id, entry_firstname, entry_lastname, entry_street_address, entry_suburb, entry_postcode, entry_city, entry_state, entry_country_id, entry_zone_id) values ('192', '182', 'm', 'INFORMATICA ICO', '75269901D', 'FRANCISCO JOSE', 'RUIZ DIAZ', 'CAMINO VIEJO DE GARRUCHA,6', NULL, '04140', 'CARBONERAS', '', '195', '134');
insert into address_book (address_book_id, customers_id, entry_gender, entry_company, entry_company_tax_id, entry_firstname, entry_lastname, entry_street_address, entry_suburb, entry_postcode, entry_city, entry_state, entry_country_id, entry_zone_id) values ('193', '183', 'm', 'LA METRO SANXENXO S.L.', 'B36514180', 'javier', 'BARROS OTERO', 'PROGRESO 3', NULL, '36960', 'SANXENXO', '', '195', '168');
insert into address_book (address_book_id, customers_id, entry_gender, entry_company, entry_company_tax_id, entry_firstname, entry_lastname, entry_street_address, entry_suburb, entry_postcode, entry_city, entry_state, entry_country_id, entry_zone_id) values ('194', '184', 'm', 'BAZAR NAVAS S.L', 'B14399661', 'VIDAL', 'NAVAS CARRASCO', 'CALLE IGLESIA,43', NULL, '14911', 'JAUJA', '', '195', '147');
insert into address_book (address_book_id, customers_id, entry_gender, entry_company, entry_company_tax_id, entry_firstname, entry_lastname, entry_street_address, entry_suburb, entry_postcode, entry_city, entry_state, entry_country_id, entry_zone_id) values ('195', '185', 'f', 'gal-la chic', '39879613-m', 'maria francisca', 'cano lozano', 'c / valencia nº3', NULL, '43840', 'salou', '', '195', '130');
insert into address_book (address_book_id, customers_id, entry_gender, entry_company, entry_company_tax_id, entry_firstname, entry_lastname, entry_street_address, entry_suburb, entry_postcode, entry_city, entry_state, entry_country_id, entry_zone_id) values ('196', '186', 'f', 'GARDE', '44377176x', 'PAQUI', 'DEFEZ RUIZ', 'FUENTE GRANDE 12', NULL, '02260', 'FUENTEALBILLA', '', '195', '132');
insert into address_book (address_book_id, customers_id, entry_gender, entry_company, entry_company_tax_id, entry_firstname, entry_lastname, entry_street_address, entry_suburb, entry_postcode, entry_city, entry_state, entry_country_id, entry_zone_id) values ('197', '187', 'f', '3mil.lennium', '45494387l', 'marisol', 'titos calvillo', 'monsen angel rodamilans 205 bajo derecha', NULL, '08222', 'terrassa', '', '195', '139');
insert into address_book (address_book_id, customers_id, entry_gender, entry_company, entry_company_tax_id, entry_firstname, entry_lastname, entry_street_address, entry_suburb, entry_postcode, entry_city, entry_state, entry_country_id, entry_zone_id) values ('198', '188', 'f', 'Calçats i complements Pas a Pas', '33928370N', 'MªCarmen', 'Camps Espejo', 'C/. Jaume Balmes, 5', NULL, '08120', 'La Llagosta', '', '195', '139');
insert into address_book (address_book_id, customers_id, entry_gender, entry_company, entry_company_tax_id, entry_firstname, entry_lastname, entry_street_address, entry_suburb, entry_postcode, entry_city, entry_state, entry_country_id, entry_zone_id) values ('199', '189', 'f', 'Paola Iglesias', '47056831G', 'paola', 'iglesias piqueras', 'Pasaje Lodares, 2', NULL, '02001', 'Albacete', '', '195', '132');
insert into address_book (address_book_id, customers_id, entry_gender, entry_company, entry_company_tax_id, entry_firstname, entry_lastname, entry_street_address, entry_suburb, entry_postcode, entry_city, entry_state, entry_country_id, entry_zone_id) values ('200', '190', 'f', 'sisuca decoracion', '32799110y', 'silvia', 'vazquez gonzalez', 'av dos martires 19 bajo', NULL, '15175', 'carral', '', '195', '130');
insert into address_book (address_book_id, customers_id, entry_gender, entry_company, entry_company_tax_id, entry_firstname, entry_lastname, entry_street_address, entry_suburb, entry_postcode, entry_city, entry_state, entry_country_id, entry_zone_id) values ('201', '191', 'f', 'TeTé', '79104377v', 'María José', 'Mateo Gracia', 'Avda. Alcalde Jose Rodriguez 33 b', NULL, '03150', 'DOLORES', '', '195', '133');
insert into address_book (address_book_id, customers_id, entry_gender, entry_company, entry_company_tax_id, entry_firstname, entry_lastname, entry_street_address, entry_suburb, entry_postcode, entry_city, entry_state, entry_country_id, entry_zone_id) values ('202', '192', 'f', 'Atenea', '70983072N', 'Fátima', 'Andrés Rastrero', 'Carcabas 1 bajo', NULL, '37500', 'Ciudad Rodrigo', '', '195', '169');
insert into address_book (address_book_id, customers_id, entry_gender, entry_company, entry_company_tax_id, entry_firstname, entry_lastname, entry_street_address, entry_suburb, entry_postcode, entry_city, entry_state, entry_country_id, entry_zone_id) values ('203', '193', 'f', '', '', 'maria del carmen', 'martinez lara', 'pasaje de la cruz local 10', NULL, '41318', 'villaverde del rio', '', '195', '172');
insert into address_book (address_book_id, customers_id, entry_gender, entry_company, entry_company_tax_id, entry_firstname, entry_lastname, entry_street_address, entry_suburb, entry_postcode, entry_city, entry_state, entry_country_id, entry_zone_id) values ('205', '195', 'f', 'lua', '76622859s', 'ana maria', 'lopez lopez', 'peregrino,29', NULL, '27600', 'sarria', '', '195', '160');
insert into address_book (address_book_id, customers_id, entry_gender, entry_company, entry_company_tax_id, entry_firstname, entry_lastname, entry_street_address, entry_suburb, entry_postcode, entry_city, entry_state, entry_country_id, entry_zone_id) values ('206', '196', 'f', 'regalosvainilla', 'g26408153', 'monica', 'nicolas', 'bebricio 39, local 23', NULL, '26500', 'calahorra', '', '195', '156');
insert into address_book (address_book_id, customers_id, entry_gender, entry_company, entry_company_tax_id, entry_firstname, entry_lastname, entry_street_address, entry_suburb, entry_postcode, entry_city, entry_state, entry_country_id, entry_zone_id) values ('207', '197', 'f', 'DETALLES', '72254012 H', 'MAITE', 'LEJARZA OLANO', 'CORRERIA 64', NULL, '48800', 'BALMASEDA', '', '195', '130');
insert into address_book (address_book_id, customers_id, entry_gender, entry_company, entry_company_tax_id, entry_firstname, entry_lastname, entry_street_address, entry_suburb, entry_postcode, entry_city, entry_state, entry_country_id, entry_zone_id) values ('208', '198', 'f', 'de pies a kabeza', '50883127-c', 'arancha', 'vizcaya garcia', 'c/concepcion arenal', NULL, '27880', 'burela', '', '195', '160');
insert into address_book (address_book_id, customers_id, entry_gender, entry_company, entry_company_tax_id, entry_firstname, entry_lastname, entry_street_address, entry_suburb, entry_postcode, entry_city, entry_state, entry_country_id, entry_zone_id) values ('209', '199', 'f', 'l´ull de la vila', '39728008q', 'sonia', 'romero albalat', 'hortalans 6', NULL, '43400', 'montblanc', '', '195', '174');
insert into address_book (address_book_id, customers_id, entry_gender, entry_company, entry_company_tax_id, entry_firstname, entry_lastname, entry_street_address, entry_suburb, entry_postcode, entry_city, entry_state, entry_country_id, entry_zone_id) values ('210', '200', 'f', '', '', 'Juani', 'Pividal Ruiz', 'Dpt. La Hoya', NULL, '30816', 'Lorca', '', '195', '164');
insert into address_book (address_book_id, customers_id, entry_gender, entry_company, entry_company_tax_id, entry_firstname, entry_lastname, entry_street_address, entry_suburb, entry_postcode, entry_city, entry_state, entry_country_id, entry_zone_id) values ('211', '201', 'f', 'carmen c.p', '25455317k', 'carmen', 'c.p.', 'gomez acebo,82', NULL, '50830', 'villanueva de gallego', '', '195', '181');
insert into address_book (address_book_id, customers_id, entry_gender, entry_company, entry_company_tax_id, entry_firstname, entry_lastname, entry_street_address, entry_suburb, entry_postcode, entry_city, entry_state, entry_country_id, entry_zone_id) values ('212', '202', 'f', 'atutita', '28626901c', 'seneida', 'medina torrejon', 'c/cabo martin nº10', NULL, '41370', 'czalla de la sierra', '', '195', '172');
insert into address_book (address_book_id, customers_id, entry_gender, entry_company, entry_company_tax_id, entry_firstname, entry_lastname, entry_street_address, entry_suburb, entry_postcode, entry_city, entry_state, entry_country_id, entry_zone_id) values ('213', '203', 'f', 'KAPRICHO´S', '51971119c', 'rosa', 'tierno ropero', 'Carretera de Torrelaguna nº 2', NULL, '19200', 'Azuqueca de Henares', '', '195', '151');
insert into address_book (address_book_id, customers_id, entry_gender, entry_company, entry_company_tax_id, entry_firstname, entry_lastname, entry_street_address, entry_suburb, entry_postcode, entry_city, entry_state, entry_country_id, entry_zone_id) values ('214', '204', 'f', 'colours', '25187572L', 'ana', 'GARCIA CHUECA', 'AUTOVIA DE LOGROÑO 58', NULL, '50620', 'CASETAS', '', '195', '181');
insert into address_book (address_book_id, customers_id, entry_gender, entry_company, entry_company_tax_id, entry_firstname, entry_lastname, entry_street_address, entry_suburb, entry_postcode, entry_city, entry_state, entry_country_id, entry_zone_id) values ('215', '205', 'f', 'Reg. Comp. Blanco', '72432426k', 'JUANA', 'BLANCO GORDO', 'PUREZA CANELO 48', NULL, '10840', 'MORALEJA', '', '195', '141');
insert into address_book (address_book_id, customers_id, entry_gender, entry_company, entry_company_tax_id, entry_firstname, entry_lastname, entry_street_address, entry_suburb, entry_postcode, entry_city, entry_state, entry_country_id, entry_zone_id) values ('216', '206', 'f', 'laura colomer dosrius', '77301652D', 'cristina', 'casas colomer', 'camí llobeta 6, baixos 3º', NULL, '08591', 'Aiguafreda', '', '195', '139');
insert into address_book (address_book_id, customers_id, entry_gender, entry_company, entry_company_tax_id, entry_firstname, entry_lastname, entry_street_address, entry_suburb, entry_postcode, entry_city, entry_state, entry_country_id, entry_zone_id) values ('217', '207', 'f', '', '', 'Mari Luz', 'Solis Rodriguez', 'cl. pius XII, 13', NULL, '46870', 'Ontinyent', '', '195', '177');
insert into address_book (address_book_id, customers_id, entry_gender, entry_company, entry_company_tax_id, entry_firstname, entry_lastname, entry_street_address, entry_suburb, entry_postcode, entry_city, entry_state, entry_country_id, entry_zone_id) values ('218', '208', 'f', '', '77504269L', 'Maria Jesus', 'Gomez Marin', 'Medico Gomez, 63 Bajo', NULL, '30550', 'Abaran', '', '195', '164');
insert into address_book (address_book_id, customers_id, entry_gender, entry_company, entry_company_tax_id, entry_firstname, entry_lastname, entry_street_address, entry_suburb, entry_postcode, entry_city, entry_state, entry_country_id, entry_zone_id) values ('219', '209', 'f', 'LA COQUETA', '51934417A', 'MARIA ROSARIO', 'ROPERO LARA', 'CTRA FUENTE EL SAZ, 48 LOCAL D', NULL, '19170', 'EL CASAR', '', '195', '151');
insert into address_book (address_book_id, customers_id, entry_gender, entry_company, entry_company_tax_id, entry_firstname, entry_lastname, entry_street_address, entry_suburb, entry_postcode, entry_city, entry_state, entry_country_id, entry_zone_id) values ('220', '210', 'f', 'ABANICO', '13105787L', 'CARMEN', 'SANJUAN', 'CAPITAN ROJAS, 14', NULL, '47300', 'PEÑAFIEL', '', '195', '178');
insert into address_book (address_book_id, customers_id, entry_gender, entry_company, entry_company_tax_id, entry_firstname, entry_lastname, entry_street_address, entry_suburb, entry_postcode, entry_city, entry_state, entry_country_id, entry_zone_id) values ('221', '211', 'f', 'tu almacen', '50185993', 'sonia', 'arpa retamal', 'federico gutierrez 22', NULL, '28027', 'madrid', '', '195', '161');
insert into address_book (address_book_id, customers_id, entry_gender, entry_company, entry_company_tax_id, entry_firstname, entry_lastname, entry_street_address, entry_suburb, entry_postcode, entry_city, entry_state, entry_country_id, entry_zone_id) values ('222', '212', 'f', 'DOSKOMTRÉS', '7959995V', 'Rosa', 'Sánchez', 'Avd,Los Cedros 18', NULL, '37004', 'Salamanca', '', '195', '169');
insert into address_book (address_book_id, customers_id, entry_gender, entry_company, entry_company_tax_id, entry_firstname, entry_lastname, entry_street_address, entry_suburb, entry_postcode, entry_city, entry_state, entry_country_id, entry_zone_id) values ('223', '213', 'f', '', '', 'beatriz', 'pastor macia', 'barcelona nº14', NULL, '25270', 'sant guim de freixenet', '', '195', '130');
insert into address_book (address_book_id, customers_id, entry_gender, entry_company, entry_company_tax_id, entry_firstname, entry_lastname, entry_street_address, entry_suburb, entry_postcode, entry_city, entry_state, entry_country_id, entry_zone_id) values ('224', '214', 'f', 'caprixet', '48372878z', 'silvia', 'davo carreres', 'san pedro nº3', NULL, '03330', 'crevillente', '', '195', '133');
insert into address_book (address_book_id, customers_id, entry_gender, entry_company, entry_company_tax_id, entry_firstname, entry_lastname, entry_street_address, entry_suburb, entry_postcode, entry_city, entry_state, entry_country_id, entry_zone_id) values ('225', '215', 'm', 'calzado infantil y complementos ', '46845419p', 'sergio', 'garcia gonzalez', 'c/soledad,3', NULL, '28607', 'el alamo', '', '195', '161');
insert into address_book (address_book_id, customers_id, entry_gender, entry_company, entry_company_tax_id, entry_firstname, entry_lastname, entry_street_address, entry_suburb, entry_postcode, entry_city, entry_state, entry_country_id, entry_zone_id) values ('226', '216', 'f', 'Zoe', '53030043R', 'Aurora', 'Arenas Sansaloni', 'Pare Rodes n7 b', NULL, '08130', 'Sta.perpetua', '', '195', '139');
insert into address_book (address_book_id, customers_id, entry_gender, entry_company, entry_company_tax_id, entry_firstname, entry_lastname, entry_street_address, entry_suburb, entry_postcode, entry_city, entry_state, entry_country_id, entry_zone_id) values ('227', '217', 'f', 'PUNTO AZUL COMPLEMENTOS, S.L.', 'B39599931', 'MARTA', 'FERNANDEZ FERNANDEZ', 'TRAV.PEPIN DEL RIO GATOO, 2-BAJO', NULL, '39300', 'TORRELAVEGA', '', '195', '130');
insert into address_book (address_book_id, customers_id, entry_gender, entry_company, entry_company_tax_id, entry_firstname, entry_lastname, entry_street_address, entry_suburb, entry_postcode, entry_city, entry_state, entry_country_id, entry_zone_id) values ('228', '218', 'f', 'DiG CYBER VIDEO S.C.P', 'G63600142', 'ELISABETH', 'GIMENEZ VILLAGRASA', 'AVDA PEDRA DEL DIABLE, 9', NULL, '08150', 'PARETS DEL VALLES', '', '195', '139');
insert into address_book (address_book_id, customers_id, entry_gender, entry_company, entry_company_tax_id, entry_firstname, entry_lastname, entry_street_address, entry_suburb, entry_postcode, entry_city, entry_state, entry_country_id, entry_zone_id) values ('229', '219', 'f', 'el rincon de marina', '', 'rosario', 'sanchez toledano', 'tarrasa 3 bajo', NULL, '04770', 'adra', '', '195', '134');
insert into address_book (address_book_id, customers_id, entry_gender, entry_company, entry_company_tax_id, entry_firstname, entry_lastname, entry_street_address, entry_suburb, entry_postcode, entry_city, entry_state, entry_country_id, entry_zone_id) values ('230', '220', 'f', 'COSAS DE MACLA', 'B-74099698', 'ANGELES', 'CERVERA CORBACHO', 'Plza. Gabino Diaz Merchán, s/n', NULL, '33012', 'Oviedo', 'Asturias/España', '4', '0');
insert into address_book (address_book_id, customers_id, entry_gender, entry_company, entry_company_tax_id, entry_firstname, entry_lastname, entry_street_address, entry_suburb, entry_postcode, entry_city, entry_state, entry_country_id, entry_zone_id) values ('231', '221', 'f', '', '', 'ANGELA', 'MACIA', 'C.C. EL DELEITE', NULL, '28300', 'ARANJUEZ', '', '195', '161');
insert into address_book (address_book_id, customers_id, entry_gender, entry_company, entry_company_tax_id, entry_firstname, entry_lastname, entry_street_address, entry_suburb, entry_postcode, entry_city, entry_state, entry_country_id, entry_zone_id) values ('232', '222', 'f', '', '', 'aniria', 'fumero', 'rio guadalquivir12 1ºIZQ.', NULL, '38008', 'tenerife', '', '195', '182');
insert into address_book (address_book_id, customers_id, entry_gender, entry_company, entry_company_tax_id, entry_firstname, entry_lastname, entry_street_address, entry_suburb, entry_postcode, entry_city, entry_state, entry_country_id, entry_zone_id) values ('233', '223', 'f', '', '', 'Elizabeth', 'Manclares Peinado', 'C/ El Bosque 7 2ºB', NULL, '29400', 'Ronda', '', '195', '162');
insert into address_book (address_book_id, customers_id, entry_gender, entry_company, entry_company_tax_id, entry_firstname, entry_lastname, entry_street_address, entry_suburb, entry_postcode, entry_city, entry_state, entry_country_id, entry_zone_id) values ('234', '224', 'f', 'KAPIKUA', '', 'ROCIO', 'CID', 'C/BARCELONA 51', NULL, '3203', 'VIGO', '', '195', '168');
insert into address_book (address_book_id, customers_id, entry_gender, entry_company, entry_company_tax_id, entry_firstname, entry_lastname, entry_street_address, entry_suburb, entry_postcode, entry_city, entry_state, entry_country_id, entry_zone_id) values ('235', '225', 'f', 'bolsilandia', '24288584D', 'francisca', 'roda venegas', 'joaquina eguaras', NULL, '18013', 'granada', '', '195', '150');
insert into address_book (address_book_id, customers_id, entry_gender, entry_company, entry_company_tax_id, entry_firstname, entry_lastname, entry_street_address, entry_suburb, entry_postcode, entry_city, entry_state, entry_country_id, entry_zone_id) values ('236', '226', 'f', '', '', 'ANTONIA', 'SERRANO ABADIA', 'CARLOS IV, LOCAL 5', NULL, '19205', 'GUADALAJARA', '', '195', '151');
insert into address_book (address_book_id, customers_id, entry_gender, entry_company, entry_company_tax_id, entry_firstname, entry_lastname, entry_street_address, entry_suburb, entry_postcode, entry_city, entry_state, entry_country_id, entry_zone_id) values ('237', '227', 'f', 'multiprecios wuanda', '23287277', 'yolanda', 'valverde rubio', 'c/ antonio macado nº21', NULL, '04640', 'la fuente ( pulpi )', '', '195', '134');
insert into address_book (address_book_id, customers_id, entry_gender, entry_company, entry_company_tax_id, entry_firstname, entry_lastname, entry_street_address, entry_suburb, entry_postcode, entry_city, entry_state, entry_country_id, entry_zone_id) values ('238', '228', 'f', 'RANAS PATOS Y ZAPATOS', '13782056L', 'ANA ISABEL', 'GIL CUE', 'trav. San Fernando 10 bajo', NULL, '39100', 'SANTA CRUZ DE BEZANA', '', '195', '143');
insert into address_book (address_book_id, customers_id, entry_gender, entry_company, entry_company_tax_id, entry_firstname, entry_lastname, entry_street_address, entry_suburb, entry_postcode, entry_city, entry_state, entry_country_id, entry_zone_id) values ('239', '229', 'm', 'asasa', 'sasa', 'asa', 'asa', 'asasa', NULL, 'asas', 'asa', '', '195', '139');
insert into address_book (address_book_id, customers_id, entry_gender, entry_company, entry_company_tax_id, entry_firstname, entry_lastname, entry_street_address, entry_suburb, entry_postcode, entry_city, entry_state, entry_country_id, entry_zone_id) values ('240', '230', 'f', 'merceria amelia', '', 'amelia', 'gómez', 'avenida de los austrias 14', NULL, '07010', 'burgos', '', '195', '140');
drop table if exists address_format;
create table address_format (
  address_format_id int(11) not null auto_increment,
  address_format varchar(128) not null ,
  address_summary varchar(48) not null ,
  PRIMARY KEY (address_format_id)
);

insert into address_format (address_format_id, address_format, address_summary) values ('1', '$firstname $lastname$cr$streets$cr$city, $postcode$cr$statecomma$country', '$city / $country');
insert into address_format (address_format_id, address_format, address_summary) values ('2', '$firstname $lastname$cr$streets$cr$city, $state    $postcode$cr$country', '$city, $state / $country');
insert into address_format (address_format_id, address_format, address_summary) values ('3', '$firstname $lastname$cr$streets$cr$city$cr$postcode - $statecomma$country', '$state / $country');
insert into address_format (address_format_id, address_format, address_summary) values ('4', '$firstname $lastname$cr$streets$cr$city ($postcode)$cr$country', '$postcode / $country');
insert into address_format (address_format_id, address_format, address_summary) values ('5', '$firstname $lastname$cr$streets$cr$postcode $city$cr$country', '$city / $country');
drop table if exists banners;
create table banners (
  banners_id int(11) not null auto_increment,
  banners_title varchar(64) not null ,
  banners_url varchar(255) not null ,
  banners_image varchar(64) not null ,
  banners_group varchar(10) not null ,
  banners_html_text text ,
  expires_impressions int(7) default '0' ,
  expires_date datetime ,
  date_scheduled datetime ,
  date_added datetime default '0000-00-00 00:00:00' not null ,
  date_status_change datetime ,
  status int(1) default '1' not null ,
  PRIMARY KEY (banners_id)
);

insert into banners (banners_id, banners_title, banners_url, banners_image, banners_group, banners_html_text, expires_impressions, expires_date, date_scheduled, date_added, date_status_change, status) values ('1', 'osCommerce', 'http://www.oscommerce.com', 'banners/oscommerce.gif', '468x50', '', NULL, NULL, NULL, '2005-07-07 10:38:22', '2005-08-10 17:05:41', '0');
drop table if exists banners_history;
create table banners_history (
  banners_history_id int(11) not null auto_increment,
  banners_id int(11) default '0' not null ,
  banners_shown int(5) default '0' not null ,
  banners_clicked int(5) default '0' not null ,
  banners_history_date datetime default '0000-00-00 00:00:00' not null ,
  PRIMARY KEY (banners_history_id),
  KEY banners_id (banners_id)
);

insert into banners_history (banners_history_id, banners_id, banners_shown, banners_clicked, banners_history_date) values ('1', '1', '424', '0', '2005-07-07 10:42:24');
insert into banners_history (banners_history_id, banners_id, banners_shown, banners_clicked, banners_history_date) values ('2', '1', '1', '0', '2005-08-10 17:05:16');
drop table if exists categories;
create table categories (
  categories_id int(11) not null auto_increment,
  categories_image varchar(64) ,
  parent_id int(11) default '0' not null ,
  sort_order int(3) ,
  date_added datetime ,
  last_modified datetime ,
  PRIMARY KEY (categories_id),
  KEY idx_categories_parent_id (parent_id)
);

insert into categories (categories_id, categories_image, parent_id, sort_order, date_added, last_modified) values ('310', 'zapatos.jpg', '273', '4', '2008-05-30 11:53:37', NULL);
insert into categories (categories_id, categories_image, parent_id, sort_order, date_added, last_modified) values ('311', 'can.jpg', '273', '4', '2008-06-24 16:19:23', '2008-06-24 16:41:28');
insert into categories (categories_id, categories_image, parent_id, sort_order, date_added, last_modified) values ('312', 'unique.jpg', '275', '8', '2008-06-26 02:16:54', '2008-06-26 02:30:10');
insert into categories (categories_id, categories_image, parent_id, sort_order, date_added, last_modified) values ('313', 'maqui.jpg', '278', '4', '2008-07-16 03:47:20', NULL);
insert into categories (categories_id, categories_image, parent_id, sort_order, date_added, last_modified) values ('309', '5.jpg', '274', '7', '2008-05-29 17:25:26', '2008-05-30 15:56:13');
insert into categories (categories_id, categories_image, parent_id, sort_order, date_added, last_modified) values ('292', 'pelo2.jpg', '275', '2', '2008-05-28 14:09:19', '2008-06-02 05:28:24');
insert into categories (categories_id, categories_image, parent_id, sort_order, date_added, last_modified) values ('293', 'abanico.jpg', '278', '1', '2008-05-28 14:10:17', '2008-05-29 17:38:57');
insert into categories (categories_id, categories_image, parent_id, sort_order, date_added, last_modified) values ('294', 'pelo4.jpg', '275', '3', '2008-05-28 14:10:52', '2008-06-02 05:42:23');
insert into categories (categories_id, categories_image, parent_id, sort_order, date_added, last_modified) values ('295', 'pelo3.jpg', '275', '4', '2008-05-28 14:11:39', '2008-06-02 05:42:40');
insert into categories (categories_id, categories_image, parent_id, sort_order, date_added, last_modified) values ('296', 'pelo5.jpg', '275', '5', '2008-05-28 14:12:36', '2008-06-02 05:46:48');
insert into categories (categories_id, categories_image, parent_id, sort_order, date_added, last_modified) values ('297', 'pelo6.jpg', '275', '6', '2008-05-28 14:30:19', '2008-06-02 05:49:50');
insert into categories (categories_id, categories_image, parent_id, sort_order, date_added, last_modified) values ('298', 'pelo7.jpg', '275', '7', '2008-05-28 14:32:49', '2008-06-02 05:52:03');
insert into categories (categories_id, categories_image, parent_id, sort_order, date_added, last_modified) values ('299', 'panuelo.jpg', '277', '1', '2008-05-28 14:33:25', '2008-05-28 15:59:57');
insert into categories (categories_id, categories_image, parent_id, sort_order, date_added, last_modified) values ('300', 'pareos.jpg', '277', '2', '2008-05-28 14:33:35', '2008-05-28 15:58:05');
insert into categories (categories_id, categories_image, parent_id, sort_order, date_added, last_modified) values ('301', 'gorro.jpg', '277', '3', '2008-05-28 14:33:53', '2008-05-30 11:26:24');
insert into categories (categories_id, categories_image, parent_id, sort_order, date_added, last_modified) values ('303', 'reloj.jpg', '278', '2', '2008-05-28 14:36:00', '2008-05-30 11:32:31');
insert into categories (categories_id, categories_image, parent_id, sort_order, date_added, last_modified) values ('304', 'gafas.jpg', '278', '3', '2008-05-28 14:36:19', '2008-05-29 17:49:26');
insert into categories (categories_id, categories_image, parent_id, sort_order, date_added, last_modified) values ('308', 'fundas.jpg', '276', '6', '2008-05-28 14:48:59', '2008-06-02 04:55:19');
insert into categories (categories_id, categories_image, parent_id, sort_order, date_added, last_modified) values ('307', 'neceseres.jpg', '276', '5', '2008-05-28 14:47:48', '2008-05-28 15:39:17');
insert into categories (categories_id, categories_image, parent_id, sort_order, date_added, last_modified) values ('290', '7.jpg', '276', '3', '2008-05-28 14:07:37', '2008-05-30 16:17:04');
insert into categories (categories_id, categories_image, parent_id, sort_order, date_added, last_modified) values ('291', 'pelo1.jpg', '275', '1', '2008-05-28 14:09:07', '2008-06-02 05:25:37');
insert into categories (categories_id, categories_image, parent_id, sort_order, date_added, last_modified) values ('289', 'Carteras.jpg', '276', '2', '2008-05-28 14:07:21', '2008-06-02 04:56:25');
insert into categories (categories_id, categories_image, parent_id, sort_order, date_added, last_modified) values ('288', 'bolso.jpg', '276', '1', '2008-05-28 14:07:08', '2008-05-29 16:19:50');
insert into categories (categories_id, categories_image, parent_id, sort_order, date_added, last_modified) values ('287', 'zapa.jpg', '273', '3', '2008-05-28 14:05:31', '2008-06-02 04:58:56');
insert into categories (categories_id, categories_image, parent_id, sort_order, date_added, last_modified) values ('285', 'sandi.jpg', '273', '1', '2008-05-28 14:04:47', '2008-06-24 16:33:22');
insert into categories (categories_id, categories_image, parent_id, sort_order, date_added, last_modified) values ('283', 'pulseri.jpg', '274', '2', '2008-05-28 14:03:47', '2008-05-30 16:06:28');
insert into categories (categories_id, categories_image, parent_id, sort_order, date_added, last_modified) values ('284', 'conjuntos.jpg', '274', '6', '2008-05-28 14:03:58', '2008-05-30 15:47:16');
insert into categories (categories_id, categories_image, parent_id, sort_order, date_added, last_modified) values ('281', '4.jpg', '274', '3', '2008-05-28 14:03:19', '2008-05-30 15:54:57');
insert into categories (categories_id, categories_image, parent_id, sort_order, date_added, last_modified) values ('282', 'pendientes-145x110.jpg', '274', '4', '2008-05-28 14:03:36', '2008-05-30 16:12:14');
insert into categories (categories_id, categories_image, parent_id, sort_order, date_added, last_modified) values ('280', '6.jpg', '274', '5', '2008-05-28 14:03:02', '2008-05-30 16:05:54');
insert into categories (categories_id, categories_image, parent_id, sort_order, date_added, last_modified) values ('278', 'otros.jpg', '0', '6', '2008-05-26 21:38:31', '2008-05-26 23:08:04');
insert into categories (categories_id, categories_image, parent_id, sort_order, date_added, last_modified) values ('279', '2.jpg', '274', '1', '2008-05-28 14:02:29', '2008-05-30 15:52:41');
insert into categories (categories_id, categories_image, parent_id, sort_order, date_added, last_modified) values ('306', '1.jpg', '276', '4', '2008-05-28 14:45:15', '2008-05-30 15:49:56');
insert into categories (categories_id, categories_image, parent_id, sort_order, date_added, last_modified) values ('273', 'shoes.jpg', '0', '3', '2008-05-26 14:05:12', '2008-05-28 15:44:21');
insert into categories (categories_id, categories_image, parent_id, sort_order, date_added, last_modified) values ('274', 'bisuteria.jpg', '0', '0', '2008-05-26 14:05:52', '2008-05-26 22:36:40');
insert into categories (categories_id, categories_image, parent_id, sort_order, date_added, last_modified) values ('275', 'pelos.jpg', '0', '4', '2008-05-26 14:06:06', '2008-05-28 14:44:01');
insert into categories (categories_id, categories_image, parent_id, sort_order, date_added, last_modified) values ('276', 'testimage2.jpg', '0', '2', '2008-05-26 14:06:38', '2008-05-28 15:45:59');
insert into categories (categories_id, categories_image, parent_id, sort_order, date_added, last_modified) values ('277', 'es.jpg', '0', '5', '2008-05-26 14:06:56', '2008-05-28 14:44:18');
drop table if exists categories_description;
create table categories_description (
  categories_id int(11) default '0' not null ,
  language_id int(11) default '1' not null ,
  categories_name varchar(32) not null ,
  PRIMARY KEY (categories_id, language_id),
  KEY idx_categories_name (categories_name)
);

insert into categories_description (categories_id, language_id, categories_name) values ('287', '2', 'Zapatos');
insert into categories_description (categories_id, language_id, categories_name) values ('288', '2', 'Bolsos');
insert into categories_description (categories_id, language_id, categories_name) values ('289', '2', 'Carteras');
insert into categories_description (categories_id, language_id, categories_name) values ('300', '2', 'Pareos');
insert into categories_description (categories_id, language_id, categories_name) values ('294', '2', 'Diademas');
insert into categories_description (categories_id, language_id, categories_name) values ('295', '2', 'Horquillas');
insert into categories_description (categories_id, language_id, categories_name) values ('306', '2', 'Cinturones');
insert into categories_description (categories_id, language_id, categories_name) values ('308', '2', 'Fundas');
insert into categories_description (categories_id, language_id, categories_name) values ('304', '2', 'Gafas');
insert into categories_description (categories_id, language_id, categories_name) values ('293', '2', 'Abanicos');
insert into categories_description (categories_id, language_id, categories_name) values ('292', '2', 'Coleteros');
insert into categories_description (categories_id, language_id, categories_name) values ('310', '2', 'Botas');
insert into categories_description (categories_id, language_id, categories_name) values ('312', '2', 'Accesorios');
insert into categories_description (categories_id, language_id, categories_name) values ('313', '2', 'Belleza');
insert into categories_description (categories_id, language_id, categories_name) values ('303', '2', 'Relojes');
insert into categories_description (categories_id, language_id, categories_name) values ('301', '2', 'Gorros');
insert into categories_description (categories_id, language_id, categories_name) values ('309', '2', 'Piercing');
insert into categories_description (categories_id, language_id, categories_name) values ('311', '2', 'Chanclas');
insert into categories_description (categories_id, language_id, categories_name) values ('285', '2', 'Sandalias');
insert into categories_description (categories_id, language_id, categories_name) values ('290', '2', 'Monederos');
insert into categories_description (categories_id, language_id, categories_name) values ('291', '2', 'Pinzas');
insert into categories_description (categories_id, language_id, categories_name) values ('284', '2', 'Conjuntos');
insert into categories_description (categories_id, language_id, categories_name) values ('283', '2', 'Pulseras');
insert into categories_description (categories_id, language_id, categories_name) values ('307', '2', 'Neceseres');
insert into categories_description (categories_id, language_id, categories_name) values ('299', '2', 'Pañuelos');
insert into categories_description (categories_id, language_id, categories_name) values ('298', '2', 'Pasadores');
insert into categories_description (categories_id, language_id, categories_name) values ('297', '2', 'Gomas');
insert into categories_description (categories_id, language_id, categories_name) values ('281', '2', 'Collares/Colgantes');
insert into categories_description (categories_id, language_id, categories_name) values ('280', '2', 'Broches');
insert into categories_description (categories_id, language_id, categories_name) values ('279', '2', 'Anillos');
insert into categories_description (categories_id, language_id, categories_name) values ('278', '2', 'Otros');
insert into categories_description (categories_id, language_id, categories_name) values ('277', '2', 'Textil');
insert into categories_description (categories_id, language_id, categories_name) values ('276', '2', 'Complementos');
insert into categories_description (categories_id, language_id, categories_name) values ('275', '2', 'Pelo');
insert into categories_description (categories_id, language_id, categories_name) values ('296', '2', 'Clips');
insert into categories_description (categories_id, language_id, categories_name) values ('282', '2', 'Pendientes');
insert into categories_description (categories_id, language_id, categories_name) values ('274', '2', 'Bisutería');
insert into categories_description (categories_id, language_id, categories_name) values ('273', '2', 'Calzado');
drop table if exists configuration;
create table configuration (
  configuration_id int(11) not null auto_increment,
  configuration_title varchar(64) not null ,
  configuration_key varchar(64) not null ,
  configuration_value text not null ,
  configuration_description varchar(255) not null ,
  configuration_group_id int(11) default '0' not null ,
  sort_order int(5) ,
  last_modified datetime ,
  date_added datetime default '0000-00-00 00:00:00' not null ,
  use_function varchar(255) ,
  set_function varchar(255) ,
  PRIMARY KEY (configuration_id)
);

insert into configuration (configuration_id, configuration_title, configuration_key, configuration_value, configuration_description, configuration_group_id, sort_order, last_modified, date_added, use_function, set_function) values ('1', 'Nombre de la Tienda', 'STORE_NAME', 'TOPSTAR', 'Nombre de la Tienda', '1', '1', '2008-05-26 10:19:58', '2005-07-07 10:38:22', NULL, NULL);
insert into configuration (configuration_id, configuration_title, configuration_key, configuration_value, configuration_description, configuration_group_id, sort_order, last_modified, date_added, use_function, set_function) values ('2', 'Nombre del propietario de la Tienda', 'STORE_OWNER', 'TOPSTAR', 'Nombre del propietario de la Tienda', '1', '2', '2008-05-26 10:20:02', '2005-07-07 10:38:22', NULL, NULL);
insert into configuration (configuration_id, configuration_title, configuration_key, configuration_value, configuration_description, configuration_group_id, sort_order, last_modified, date_added, use_function, set_function) values ('3', 'Email del propietario', 'STORE_OWNER_EMAIL_ADDRESS', 'info@topstar.es', 'Email del propietario', '1', '3', '2008-05-26 10:20:14', '2005-07-07 10:38:22', NULL, NULL);
insert into configuration (configuration_id, configuration_title, configuration_key, configuration_value, configuration_description, configuration_group_id, sort_order, last_modified, date_added, use_function, set_function) values ('4', 'E-Mail de', 'EMAIL_FROM', '\"TOPSTAR\" <pedidos@topstar.es>', 'El email usado en envios de email', '1', '4', '2008-05-26 10:20:30', '2005-07-07 10:38:22', NULL, NULL);
insert into configuration (configuration_id, configuration_title, configuration_key, configuration_value, configuration_description, configuration_group_id, sort_order, last_modified, date_added, use_function, set_function) values ('5', 'Pais', 'STORE_COUNTRY', '195', 'La tienda esta localizada en<br><br><b>Nota: Por favor, recuerde actualizar la Zona de la Tienda</b>', '1', '6', '2008-03-08 22:29:34', '2005-07-07 10:38:22', 'tep_get_country_name', 'tep_cfg_pull_down_country_list(');
insert into configuration (configuration_id, configuration_title, configuration_key, configuration_value, configuration_description, configuration_group_id, sort_order, last_modified, date_added, use_function, set_function) values ('6', 'Zona', 'STORE_ZONE', '161', 'La zona de mi Tienda esta localizada en', '1', '7', '2008-03-08 22:29:46', '2005-07-07 10:38:22', 'tep_cfg_get_zone_name', 'tep_cfg_pull_down_zone_list(');
insert into configuration (configuration_id, configuration_title, configuration_key, configuration_value, configuration_description, configuration_group_id, sort_order, last_modified, date_added, use_function, set_function) values ('7', 'Orden de los listados de productos', 'EXPECTED_PRODUCTS_SORT', 'desc', 'Este es el orden mostrado en los listados de productos', '1', '8', NULL, '2005-07-07 10:38:22', NULL, 'tep_cfg_select_option(array(\'asc\', \'desc\'),');
insert into configuration (configuration_id, configuration_title, configuration_key, configuration_value, configuration_description, configuration_group_id, sort_order, last_modified, date_added, use_function, set_function) values ('8', 'Orden de los listados de productos - adicional', 'EXPECTED_PRODUCTS_FIELD', 'date_expected', 'ordena por fecha de introduccion o por nombre de producto', '1', '9', NULL, '2005-07-07 10:38:22', NULL, 'tep_cfg_select_option(array(\'products_name\', \'date_expected\'),');
insert into configuration (configuration_id, configuration_title, configuration_key, configuration_value, configuration_description, configuration_group_id, sort_order, last_modified, date_added, use_function, set_function) values ('9', 'Cargar la Moneda por lenguaje', 'USE_DEFAULT_LANGUAGE_CURRENCY', 'false', 'Cargar la Moneda por lenguaje', '1', '10', '2008-03-11 19:10:07', '2005-07-07 10:38:22', NULL, 'tep_cfg_select_option(array(\'true\', \'false\'),');
insert into configuration (configuration_id, configuration_title, configuration_key, configuration_value, configuration_description, configuration_group_id, sort_order, last_modified, date_added, use_function, set_function) values ('10', 'Enviar emails extras', 'SEND_EXTRA_ORDER_EMAILS_TO', 'pedidos@topstar.es', 'Enviar emails extras a las siguientos e-mails, en el siguiente formato: Name 1 &lt;email@address1&gt;, Name 2 &lt;email@address2&gt;', '1', '11', '2008-05-26 10:20:46', '2005-07-07 10:38:22', NULL, NULL);
insert into configuration (configuration_id, configuration_title, configuration_key, configuration_value, configuration_description, configuration_group_id, sort_order, last_modified, date_added, use_function, set_function) values ('11', 'Usar URLS seguras (aun en DESARROLLO)', 'SEARCH_ENGINE_FRIENDLY_URLS', 'false', 'Usar URLS seguras (aun en DESARROLLO)', '1', '12', NULL, '2005-07-07 10:38:22', NULL, 'tep_cfg_select_option(array(\'true\', \'false\'),');
insert into configuration (configuration_id, configuration_title, configuration_key, configuration_value, configuration_description, configuration_group_id, sort_order, last_modified, date_added, use_function, set_function) values ('12', 'Mostrar cesta despues de agregar producto en cesta', 'DISPLAY_CART', 'true', 'Mostrar cesta despues de agregar producto en cesta', '1', '14', NULL, '2005-07-07 10:38:22', NULL, 'tep_cfg_select_option(array(\'true\', \'false\'),');
insert into configuration (configuration_id, configuration_title, configuration_key, configuration_value, configuration_description, configuration_group_id, sort_order, last_modified, date_added, use_function, set_function) values ('13', 'Permitir a un invitado usar el modulo de \"Cuentale a un Amigo\"', 'ALLOW_GUEST_TO_TELL_A_FRIEND', 'true', 'Permitir a un invitado usar el modulo de \"Cuentale a un Amigo\"', '1', '15', '2008-03-31 18:45:40', '2005-07-07 10:38:22', NULL, 'tep_cfg_select_option(array(\'true\', \'false\'),');
insert into configuration (configuration_id, configuration_title, configuration_key, configuration_value, configuration_description, configuration_group_id, sort_order, last_modified, date_added, use_function, set_function) values ('14', 'Operador de Busqueda', 'ADVANCED_SEARCH_DEFAULT_OPERATOR', 'and', 'Operador de Busqueda', '1', '17', NULL, '2005-07-07 10:38:22', NULL, 'tep_cfg_select_option(array(\'and\', \'or\'),');
insert into configuration (configuration_id, configuration_title, configuration_key, configuration_value, configuration_description, configuration_group_id, sort_order, last_modified, date_added, use_function, set_function) values ('15', 'Direccion y Telefono de la Tienda', 'STORE_NAME_ADDRESS', 'TOPSTAR.ES
GLACIAR STATE, SL', 'Direccion y Telefono de la Tienda', '1', '18', '2008-06-26 10:18:27', '2005-07-07 10:38:22', NULL, 'tep_cfg_textarea(');
insert into configuration (configuration_id, configuration_title, configuration_key, configuration_value, configuration_description, configuration_group_id, sort_order, last_modified, date_added, use_function, set_function) values ('16', 'Mostrar la cantidad de productos por categoria', 'SHOW_COUNTS', 'true', 'Mostrar la cantidad de productos por categoria', '1', '19', NULL, '2005-07-07 10:38:22', NULL, 'tep_cfg_select_option(array(\'true\', \'false\'),');
insert into configuration (configuration_id, configuration_title, configuration_key, configuration_value, configuration_description, configuration_group_id, sort_order, last_modified, date_added, use_function, set_function) values ('17', 'Impuestos decimales', 'TAX_DECIMAL_PLACES', '0', 'Impuestos decimales', '1', '20', NULL, '2005-07-07 10:38:22', NULL, NULL);
insert into configuration (configuration_id, configuration_title, configuration_key, configuration_value, configuration_description, configuration_group_id, sort_order, last_modified, date_added, use_function, set_function) values ('18', 'Mostrar Precios con Impuestos', 'DISPLAY_PRICE_WITH_TAX', 'false', 'Mostrar Precios con Impuestos', '1', '21', '2008-05-05 19:27:52', '2005-07-07 10:38:22', NULL, 'tep_cfg_select_option(array(\'true\', \'false\'),');
insert into configuration (configuration_id, configuration_title, configuration_key, configuration_value, configuration_description, configuration_group_id, sort_order, last_modified, date_added, use_function, set_function) values ('19', 'Nombres', 'ENTRY_FIRST_NAME_MIN_LENGTH', '2', 'Cantidad mínima de caracteres', '2', '1', NULL, '2005-07-07 10:38:22', NULL, NULL);
insert into configuration (configuration_id, configuration_title, configuration_key, configuration_value, configuration_description, configuration_group_id, sort_order, last_modified, date_added, use_function, set_function) values ('20', 'Apellidos', 'ENTRY_LAST_NAME_MIN_LENGTH', '2', 'Cantidad mínima de caracteres', '2', '2', NULL, '2005-07-07 10:38:22', NULL, NULL);
insert into configuration (configuration_id, configuration_title, configuration_key, configuration_value, configuration_description, configuration_group_id, sort_order, last_modified, date_added, use_function, set_function) values ('21', 'Fecha de Nacimiento', 'ENTRY_DOB_MIN_LENGTH', '10', 'Cantidad mínima de caracteres', '2', '3', NULL, '2005-07-07 10:38:22', NULL, NULL);
insert into configuration (configuration_id, configuration_title, configuration_key, configuration_value, configuration_description, configuration_group_id, sort_order, last_modified, date_added, use_function, set_function) values ('22', 'E-Mail', 'ENTRY_EMAIL_ADDRESS_MIN_LENGTH', '6', 'Cantidad mínima de caracteres', '2', '4', NULL, '2005-07-07 10:38:22', NULL, NULL);
insert into configuration (configuration_id, configuration_title, configuration_key, configuration_value, configuration_description, configuration_group_id, sort_order, last_modified, date_added, use_function, set_function) values ('23', 'Dirección', 'ENTRY_STREET_ADDRESS_MIN_LENGTH', '5', 'Cantidad mínima de caracteres', '2', '5', NULL, '2005-07-07 10:38:22', NULL, NULL);
insert into configuration (configuration_id, configuration_title, configuration_key, configuration_value, configuration_description, configuration_group_id, sort_order, last_modified, date_added, use_function, set_function) values ('24', 'Empresa', 'ENTRY_COMPANY_MIN_LENGTH', '2', 'Cantidad mínima de caracteres', '2', '6', NULL, '2005-07-07 10:38:22', NULL, NULL);
insert into configuration (configuration_id, configuration_title, configuration_key, configuration_value, configuration_description, configuration_group_id, sort_order, last_modified, date_added, use_function, set_function) values ('25', 'Código Postal', 'ENTRY_POSTCODE_MIN_LENGTH', '4', 'Cantidad mínima de caracteres', '2', '7', NULL, '2005-07-07 10:38:22', NULL, NULL);
insert into configuration (configuration_id, configuration_title, configuration_key, configuration_value, configuration_description, configuration_group_id, sort_order, last_modified, date_added, use_function, set_function) values ('26', 'Ciudad', 'ENTRY_CITY_MIN_LENGTH', '3', 'Cantidad mínima de caracteres', '2', '8', NULL, '2005-07-07 10:38:22', NULL, NULL);
insert into configuration (configuration_id, configuration_title, configuration_key, configuration_value, configuration_description, configuration_group_id, sort_order, last_modified, date_added, use_function, set_function) values ('27', 'Estado', 'ENTRY_STATE_MIN_LENGTH', '2', 'Cantidad mínima de caracteres', '2', '9', NULL, '2005-07-07 10:38:22', NULL, NULL);
insert into configuration (configuration_id, configuration_title, configuration_key, configuration_value, configuration_description, configuration_group_id, sort_order, last_modified, date_added, use_function, set_function) values ('28', 'Teléfono', 'ENTRY_TELEPHONE_MIN_LENGTH', '3', 'Cantidad mínima de caracteres', '2', '10', NULL, '2005-07-07 10:38:22', NULL, NULL);
insert into configuration (configuration_id, configuration_title, configuration_key, configuration_value, configuration_description, configuration_group_id, sort_order, last_modified, date_added, use_function, set_function) values ('29', 'Clave', 'ENTRY_PASSWORD_MIN_LENGTH', '5', 'Cantidad mínima de caracteres', '2', '11', NULL, '2005-07-07 10:38:22', NULL, NULL);
insert into configuration (configuration_id, configuration_title, configuration_key, configuration_value, configuration_description, configuration_group_id, sort_order, last_modified, date_added, use_function, set_function) values ('30', 'Nombre del Propietario de la Tarjeta de Crédito', 'CC_OWNER_MIN_LENGTH', '3', 'Cantidad mínima de caracteres', '2', '12', NULL, '2005-07-07 10:38:22', NULL, NULL);
insert into configuration (configuration_id, configuration_title, configuration_key, configuration_value, configuration_description, configuration_group_id, sort_order, last_modified, date_added, use_function, set_function) values ('31', 'Número de la Tarjeta de Crédito', 'CC_NUMBER_MIN_LENGTH', '10', 'Cantidad mínima de caracteres', '2', '13', NULL, '2005-07-07 10:38:22', NULL, NULL);
insert into configuration (configuration_id, configuration_title, configuration_key, configuration_value, configuration_description, configuration_group_id, sort_order, last_modified, date_added, use_function, set_function) values ('32', 'Texto de Comentarios', 'REVIEW_TEXT_MIN_LENGTH', '50', 'Cantidad mínima de caracteres', '2', '14', NULL, '2005-07-07 10:38:22', NULL, NULL);
insert into configuration (configuration_id, configuration_title, configuration_key, configuration_value, configuration_description, configuration_group_id, sort_order, last_modified, date_added, use_function, set_function) values ('33', 'Más Vendidos', 'MIN_DISPLAY_BESTSELLERS', '1', 'Cantidad mínima de \"Más Vendidos\"', '2', '15', NULL, '2005-07-07 10:38:22', NULL, NULL);
insert into configuration (configuration_id, configuration_title, configuration_key, configuration_value, configuration_description, configuration_group_id, sort_order, last_modified, date_added, use_function, set_function) values ('34', 'Tambien Compraron', 'MIN_DISPLAY_ALSO_PURCHASED', '1', 'Cantidad mínima de \"Tambien Compraron\"', '2', '16', NULL, '2005-07-07 10:38:22', NULL, NULL);
insert into configuration (configuration_id, configuration_title, configuration_key, configuration_value, configuration_description, configuration_group_id, sort_order, last_modified, date_added, use_function, set_function) values ('35', 'Libro de Direcciones por Cliente', 'MAX_ADDRESS_BOOK_ENTRIES', '5', 'Maximo número de direcciones que un cliente puede tener', '3', '1', NULL, '2005-07-07 10:38:22', NULL, NULL);
insert into configuration (configuration_id, configuration_title, configuration_key, configuration_value, configuration_description, configuration_group_id, sort_order, last_modified, date_added, use_function, set_function) values ('36', 'Resultados de Busqueda', 'MAX_DISPLAY_SEARCH_RESULTS', '6', 'Cantidad de productos a mostrarse', '3', '2', '2006-08-10 12:01:24', '2005-07-07 10:38:22', NULL, NULL);
insert into configuration (configuration_id, configuration_title, configuration_key, configuration_value, configuration_description, configuration_group_id, sort_order, last_modified, date_added, use_function, set_function) values ('37', 'Links', 'MAX_DISPLAY_PAGE_LINKS', '5', 'Hasta que número de link se mostrará?', '3', '3', NULL, '2005-07-07 10:38:22', NULL, NULL);
insert into configuration (configuration_id, configuration_title, configuration_key, configuration_value, configuration_description, configuration_group_id, sort_order, last_modified, date_added, use_function, set_function) values ('38', 'Productos en Oferta', 'MAX_DISPLAY_SPECIAL_PRODUCTS', '6', 'Máximo número de \"Productos en Oferta\" a mostrarse', '3', '4', '2006-08-10 12:01:28', '2005-07-07 10:38:22', NULL, NULL);
insert into configuration (configuration_id, configuration_title, configuration_key, configuration_value, configuration_description, configuration_group_id, sort_order, last_modified, date_added, use_function, set_function) values ('39', 'Nuevos Productos', 'MAX_DISPLAY_NEW_PRODUCTS', '6', 'Máximo número de \"Nuevos Productos\" a mostrarse', '3', '5', '2008-05-05 12:29:04', '2005-07-07 10:38:22', NULL, NULL);
insert into configuration (configuration_id, configuration_title, configuration_key, configuration_value, configuration_description, configuration_group_id, sort_order, last_modified, date_added, use_function, set_function) values ('40', 'Productos Por Venir', 'MAX_DISPLAY_UPCOMING_PRODUCTS', '10', 'Máximo número de \"Productos Por Venir\" a mostrarse', '3', '6', NULL, '2005-07-07 10:38:22', NULL, NULL);
insert into configuration (configuration_id, configuration_title, configuration_key, configuration_value, configuration_description, configuration_group_id, sort_order, last_modified, date_added, use_function, set_function) values ('41', 'Lista de Fabricantes', 'MAX_DISPLAY_MANUFACTURERS_IN_A_LIST', '0', 'Cuando el número de fabricantes exceda este número, un combo box será mostrado en su lugar', '3', '7', NULL, '2005-07-07 10:38:22', NULL, NULL);
insert into configuration (configuration_id, configuration_title, configuration_key, configuration_value, configuration_description, configuration_group_id, sort_order, last_modified, date_added, use_function, set_function) values ('42', 'Columnas de la Lista de Fabricantes', 'MAX_MANUFACTURERS_LIST', '1', 'Cuando el valor sea \"1\" sera una sola columna, si \"2\" serán 2 columnas', '3', '7', NULL, '2005-07-07 10:38:22', NULL, NULL);
insert into configuration (configuration_id, configuration_title, configuration_key, configuration_value, configuration_description, configuration_group_id, sort_order, last_modified, date_added, use_function, set_function) values ('43', 'Tamaño de caracteres de la Lista de Fabricantes', 'MAX_DISPLAY_MANUFACTURER_NAME_LEN', '15', 'Cantidad máxima de caracteres de la Lista de Fabricantes', '3', '8', NULL, '2005-07-07 10:38:22', NULL, NULL);
insert into configuration (configuration_id, configuration_title, configuration_key, configuration_value, configuration_description, configuration_group_id, sort_order, last_modified, date_added, use_function, set_function) values ('44', 'Nuevos Comentarios', 'MAX_DISPLAY_NEW_REVIEWS', '6', 'Máximo número de comentarios a mostrarse', '3', '9', NULL, '2005-07-07 10:38:22', NULL, NULL);
insert into configuration (configuration_id, configuration_title, configuration_key, configuration_value, configuration_description, configuration_group_id, sort_order, last_modified, date_added, use_function, set_function) values ('45', 'Selección al azar de \"Comentarios\"', 'MAX_RANDOM_SELECT_REVIEWS', '6', 'Número de registros de \"Comentarios\" a mostrarse al azar', '3', '10', NULL, '2005-07-07 10:38:22', NULL, NULL);
insert into configuration (configuration_id, configuration_title, configuration_key, configuration_value, configuration_description, configuration_group_id, sort_order, last_modified, date_added, use_function, set_function) values ('46', 'Selección al azar de \"Nuevos Productos\"', 'MAX_RANDOM_SELECT_NEW', '6', 'Número de registros de \"Nuevos Productos\" a mostrarse al azar', '3', '11', NULL, '2005-07-07 10:38:22', NULL, NULL);
insert into configuration (configuration_id, configuration_title, configuration_key, configuration_value, configuration_description, configuration_group_id, sort_order, last_modified, date_added, use_function, set_function) values ('47', 'Selección al azar de \"Productos en Oferta\"', 'MAX_RANDOM_SELECT_SPECIALS', '6', 'Número de registros de \"Productos en Oferta\" a mostrarse al azar', '3', '12', NULL, '2005-07-07 10:38:22', NULL, NULL);
insert into configuration (configuration_id, configuration_title, configuration_key, configuration_value, configuration_description, configuration_group_id, sort_order, last_modified, date_added, use_function, set_function) values ('48', 'Listado de sub-categorias por columna', 'MAX_DISPLAY_CATEGORIES_PER_ROW', '3', 'Número de columnas', '3', '13', '2008-04-21 20:27:33', '2005-07-07 10:38:22', NULL, NULL);
insert into configuration (configuration_id, configuration_title, configuration_key, configuration_value, configuration_description, configuration_group_id, sort_order, last_modified, date_added, use_function, set_function) values ('49', 'Listado de \"Nuevos Productos\"', 'MAX_DISPLAY_PRODUCTS_NEW', '6', 'Número de productos a mostrarse en la página de Nuevos Productos', '3', '14', '2006-08-10 12:01:38', '2005-07-07 10:38:22', NULL, NULL);
insert into configuration (configuration_id, configuration_title, configuration_key, configuration_value, configuration_description, configuration_group_id, sort_order, last_modified, date_added, use_function, set_function) values ('50', 'Más Vendidos', 'MAX_DISPLAY_BESTSELLERS', '6', 'Cantidad máxima de \"Más Vendidos\"', '3', '15', '2005-07-11 18:48:14', '2005-07-07 10:38:22', NULL, NULL);
insert into configuration (configuration_id, configuration_title, configuration_key, configuration_value, configuration_description, configuration_group_id, sort_order, last_modified, date_added, use_function, set_function) values ('51', 'Tambien Compraron', 'MAX_DISPLAY_ALSO_PURCHASED', '6', 'Cantidad máxima de \"Tambien Compraron\"', '3', '16', NULL, '2005-07-07 10:38:22', NULL, NULL);
insert into configuration (configuration_id, configuration_title, configuration_key, configuration_value, configuration_description, configuration_group_id, sort_order, last_modified, date_added, use_function, set_function) values ('52', 'Caja de historia de pedidos del cliente', 'MAX_DISPLAY_PRODUCTS_IN_ORDER_HISTORY_BOX', '6', 'Máximo número de pedidos a mostrarse en la Caja de historia de pedidos del cliente', '3', '17', NULL, '2005-07-07 10:38:22', NULL, NULL);
insert into configuration (configuration_id, configuration_title, configuration_key, configuration_value, configuration_description, configuration_group_id, sort_order, last_modified, date_added, use_function, set_function) values ('53', 'Historia de Pedidos', 'MAX_DISPLAY_ORDER_HISTORY', '6', 'Cantidad máxima del historial de pedidos por pàgina', '3', '18', NULL, '2005-07-07 10:38:22', NULL, NULL);
insert into configuration (configuration_id, configuration_title, configuration_key, configuration_value, configuration_description, configuration_group_id, sort_order, last_modified, date_added, use_function, set_function) values ('54', 'Imagen Pequeña - Ancho', 'SMALL_IMAGE_WIDTH', '145', 'medida en pixeles', '4', '1', '2006-12-01 15:52:38', '2005-07-07 10:38:22', NULL, NULL);
insert into configuration (configuration_id, configuration_title, configuration_key, configuration_value, configuration_description, configuration_group_id, sort_order, last_modified, date_added, use_function, set_function) values ('55', 'Imagen Pequeña - Alto', 'SMALL_IMAGE_HEIGHT', '110', 'medida en pixeles', '4', '2', '2006-12-01 12:32:31', '2005-07-07 10:38:22', NULL, NULL);
insert into configuration (configuration_id, configuration_title, configuration_key, configuration_value, configuration_description, configuration_group_id, sort_order, last_modified, date_added, use_function, set_function) values ('56', 'Imagen Encabezado - Ancho', 'HEADING_IMAGE_WIDTH', '0', 'medida en pixeles', '4', '3', '2005-07-07 11:40:02', '2005-07-07 10:38:22', NULL, NULL);
insert into configuration (configuration_id, configuration_title, configuration_key, configuration_value, configuration_description, configuration_group_id, sort_order, last_modified, date_added, use_function, set_function) values ('57', 'Imagen Encabezado - Alto', 'HEADING_IMAGE_HEIGHT', '1', 'medida en pixeles', '4', '4', '2005-07-07 11:40:07', '2005-07-07 10:38:22', NULL, NULL);
insert into configuration (configuration_id, configuration_title, configuration_key, configuration_value, configuration_description, configuration_group_id, sort_order, last_modified, date_added, use_function, set_function) values ('58', 'Imagen Subcategoria - Ancho', 'SUBCATEGORY_IMAGE_WIDTH', '0', 'medida en pixeles', '4', '5', '2005-07-07 16:11:36', '2005-07-07 10:38:22', NULL, NULL);
insert into configuration (configuration_id, configuration_title, configuration_key, configuration_value, configuration_description, configuration_group_id, sort_order, last_modified, date_added, use_function, set_function) values ('59', 'Imagen Subcategoria - Alto', 'SUBCATEGORY_IMAGE_HEIGHT', '1', 'medida en pixeles', '4', '6', '2005-07-07 16:11:42', '2005-07-07 10:38:22', NULL, NULL);
insert into configuration (configuration_id, configuration_title, configuration_key, configuration_value, configuration_description, configuration_group_id, sort_order, last_modified, date_added, use_function, set_function) values ('60', 'Calcular tamaño de imagen cargada', 'CONFIG_CALCULATE_IMAGE_SIZE', 'true', 'Calcular tamaño de imagen cargada?', '4', '7', NULL, '2005-07-07 10:38:22', NULL, 'tep_cfg_select_option(array(\'true\', \'false\'),');
insert into configuration (configuration_id, configuration_title, configuration_key, configuration_value, configuration_description, configuration_group_id, sort_order, last_modified, date_added, use_function, set_function) values ('61', 'Imagen Requerida', 'IMAGE_REQUIRED', 'true', 'Imagen Requerida?', '4', '8', NULL, '2005-07-07 10:38:22', NULL, 'tep_cfg_select_option(array(\'true\', \'false\'),');
insert into configuration (configuration_id, configuration_title, configuration_key, configuration_value, configuration_description, configuration_group_id, sort_order, last_modified, date_added, use_function, set_function) values ('62', 'Sexo', 'ACCOUNT_GENDER', 'true', 'Muestra el sexo en la cuenta del cliente', '5', '1', NULL, '2005-07-07 10:38:22', NULL, 'tep_cfg_select_option(array(\'true\', \'false\'),');
insert into configuration (configuration_id, configuration_title, configuration_key, configuration_value, configuration_description, configuration_group_id, sort_order, last_modified, date_added, use_function, set_function) values ('63', 'Fecha de Nacimiento', 'ACCOUNT_DOB', 'true', 'Muestra la fecha de nacimiento en la cuenta del cliente', '5', '2', NULL, '2005-07-07 10:38:22', NULL, 'tep_cfg_select_option(array(\'true\', \'false\'),');
insert into configuration (configuration_id, configuration_title, configuration_key, configuration_value, configuration_description, configuration_group_id, sort_order, last_modified, date_added, use_function, set_function) values ('64', 'Empresa', 'ACCOUNT_COMPANY', 'true', 'Muestra la Empresa en la cuenta del cliente', '5', '3', NULL, '2005-07-07 10:38:22', NULL, 'tep_cfg_select_option(array(\'true\', \'false\'),');
insert into configuration (configuration_id, configuration_title, configuration_key, configuration_value, configuration_description, configuration_group_id, sort_order, last_modified, date_added, use_function, set_function) values ('65', 'Suburbio', 'ACCOUNT_SUBURB', 'false', 'Muestra Suburbio en la cuenta del cliente', '5', '4', '2008-03-11 03:02:01', '2005-07-07 10:38:22', NULL, 'tep_cfg_select_option(array(\'true\', \'false\'),');
insert into configuration (configuration_id, configuration_title, configuration_key, configuration_value, configuration_description, configuration_group_id, sort_order, last_modified, date_added, use_function, set_function) values ('66', 'Estado', 'ACCOUNT_STATE', 'true', 'Muestra el Estado en la cuenta del cliente', '5', '5', NULL, '2005-07-07 10:38:22', NULL, 'tep_cfg_select_option(array(\'true\', \'false\'),');
insert into configuration (configuration_id, configuration_title, configuration_key, configuration_value, configuration_description, configuration_group_id, sort_order, last_modified, date_added, use_function, set_function) values ('67', 'Modulos de Pago instalados', 'MODULE_PAYMENT_INSTALLED', 'authorizenet.php;paypal.php;moneyorder.php;cod.php', 'Listado de los modulos de pago instalados separados por punto y coma - no necesita editarse - (Ejemplo: cc.php;cod.php;paypal.php)', '6', '0', '2008-08-05 18:24:02', '2005-07-07 10:38:22', NULL, NULL);
insert into configuration (configuration_id, configuration_title, configuration_key, configuration_value, configuration_description, configuration_group_id, sort_order, last_modified, date_added, use_function, set_function) values ('68', 'Modulos de Costos instalados', 'MODULE_ORDER_TOTAL_INSTALLED', 'ot_subtotal.php;ot_tax.php;ot_shipping.php;ot_total.php', 'Listado de los modulos de costos instalados separados por punto y coma - no necesita editarse -  (Ejemplo: ot_subtotal.php;ot_tax.php;ot_shipping.php;ot_total.php)', '6', '0', '2008-03-11 19:29:25', '2005-07-07 10:38:22', NULL, NULL);
insert into configuration (configuration_id, configuration_title, configuration_key, configuration_value, configuration_description, configuration_group_id, sort_order, last_modified, date_added, use_function, set_function) values ('69', 'Modulos de Envio instalados', 'MODULE_SHIPPING_INSTALLED', 'flat.php;quantitytable4.php;quantitytable.php;quantitytable2.php;quantitytable3.php', 'Listado de los modulos de envio instalados separados por punto y coma - no necesita editarse -  (Ejemplo: ups.php;flat.php;item.php)', '6', '0', '2008-05-15 16:13:32', '2005-07-07 10:38:22', NULL, NULL);
insert into configuration (configuration_id, configuration_title, configuration_key, configuration_value, configuration_description, configuration_group_id, sort_order, last_modified, date_added, use_function, set_function) values ('344', 'Set Order Status', 'MODULE_PAYMENT_COD_ORDER_STATUS_ID', '0', 'Set the status of orders made with this payment module to this value', '6', '0', NULL, '2008-05-13 18:43:28', 'tep_get_order_status_name', 'tep_cfg_pull_down_order_statuses(');
insert into configuration (configuration_id, configuration_title, configuration_key, configuration_value, configuration_description, configuration_group_id, sort_order, last_modified, date_added, use_function, set_function) values ('342', 'Payment Zone', 'MODULE_PAYMENT_COD_ZONE', '1', 'If a zone is selected, only enable this payment method for that zone.', '6', '2', NULL, '2008-05-13 18:43:28', 'tep_get_zone_class_title', 'tep_cfg_pull_down_zone_classes(');
insert into configuration (configuration_id, configuration_title, configuration_key, configuration_value, configuration_description, configuration_group_id, sort_order, last_modified, date_added, use_function, set_function) values ('343', 'Sort order of display.', 'MODULE_PAYMENT_COD_SORT_ORDER', '3', 'Sort order of display. Lowest is displayed first.', '6', '0', NULL, '2008-05-13 18:43:28', NULL, NULL);
insert into configuration (configuration_id, configuration_title, configuration_key, configuration_value, configuration_description, configuration_group_id, sort_order, last_modified, date_added, use_function, set_function) values ('158', 'Descripción de producto - Básico / Avanzado?', 'HTML_AREA_WYSIWYG_BASIC_PD', 'Basic', 'Funciones Básicas - carga rápida<br>Funciones Avanzadas - carga lenta', '112', '10', '2008-04-21 15:39:12', '2007-01-03 07:32:11', NULL, 'tep_cfg_select_option(array(\'Basic\', \'Advanced\'),');
insert into configuration (configuration_id, configuration_title, configuration_key, configuration_value, configuration_description, configuration_group_id, sort_order, last_modified, date_added, use_function, set_function) values ('159', 'Ancho - Caja de texto - Descripción de Producto', 'HTML_AREA_WYSIWYG_WIDTH', '505', 'medida en pixeles (valor por defecto: 505)', '112', '15', '2007-01-03 07:32:11', '2007-01-03 07:32:11', NULL, '');
insert into configuration (configuration_id, configuration_title, configuration_key, configuration_value, configuration_description, configuration_group_id, sort_order, last_modified, date_added, use_function, set_function) values ('160', 'Alto - Caja de texto - Descripción de Producto', 'HTML_AREA_WYSIWYG_HEIGHT', '240', 'medida en pixeles (valor por defecto: 240)', '112', '19', '2007-01-03 07:32:11', '2007-01-03 07:32:11', NULL, '');
insert into configuration (configuration_id, configuration_title, configuration_key, configuration_value, configuration_description, configuration_group_id, sort_order, last_modified, date_added, use_function, set_function) values ('161', 'WYSIWYG Area en los emails de los clientes', 'HTML_AREA_WYSIWYG_DISABLE_EMAIL', 'Enable', 'Use WYSIWYG Area en los emails de los clientes', '112', '20', '2007-01-03 07:32:11', '2007-01-03 07:32:11', NULL, 'tep_cfg_select_option(array(\'Enable\', \'Disable\'),');
insert into configuration (configuration_id, configuration_title, configuration_key, configuration_value, configuration_description, configuration_group_id, sort_order, last_modified, date_added, use_function, set_function) values ('156', 'Mostrar nombre de producto o modelo en la barra de navegación', '_CFG_SHOW_PRODUCTS_NAME_INNAV', '1', 'true-muestra nombre / false-muestra modelo', '1', '110', '2006-12-28 14:21:13', '2006-01-03 01:42:29', NULL, 'tep_cfg_select_option(array(true, false),');
insert into configuration (configuration_id, configuration_title, configuration_key, configuration_value, configuration_description, configuration_group_id, sort_order, last_modified, date_added, use_function, set_function) values ('340', 'Sort Order', 'MODULE_SHIPPING_FLAT_SORT_ORDER', '1', 'Sort order of display.', '6', '0', NULL, '2008-05-12 21:20:21', NULL, NULL);
insert into configuration (configuration_id, configuration_title, configuration_key, configuration_value, configuration_description, configuration_group_id, sort_order, last_modified, date_added, use_function, set_function) values ('84', 'Moneda por defecto', 'DEFAULT_CURRENCY', 'EUR', 'Moneda por defecto', '6', '0', NULL, '2005-07-07 10:38:22', NULL, NULL);
insert into configuration (configuration_id, configuration_title, configuration_key, configuration_value, configuration_description, configuration_group_id, sort_order, last_modified, date_added, use_function, set_function) values ('85', 'Lenguaje por defecto', 'DEFAULT_LANGUAGE', 'es', 'Lenguaje por defecto', '6', '0', NULL, '2005-07-07 10:38:22', NULL, NULL);
insert into configuration (configuration_id, configuration_title, configuration_key, configuration_value, configuration_description, configuration_group_id, sort_order, last_modified, date_added, use_function, set_function) values ('86', 'Orden por defecto para nuevas ordenes', 'DEFAULT_ORDERS_STATUS_ID', '1', 'Cuando una nueva orden es creada, este valor sera asignado', '6', '0', NULL, '2005-07-07 10:38:22', NULL, NULL);
insert into configuration (configuration_id, configuration_title, configuration_key, configuration_value, configuration_description, configuration_group_id, sort_order, last_modified, date_added, use_function, set_function) values ('87', 'mostrar Envio', 'MODULE_ORDER_TOTAL_SHIPPING_STATUS', 'true', 'Desea mostrar el costo de envio en las ordenes?', '6', '1', NULL, '2005-07-07 10:38:22', NULL, 'tep_cfg_select_option(array(\'true\', \'false\'),');
insert into configuration (configuration_id, configuration_title, configuration_key, configuration_value, configuration_description, configuration_group_id, sort_order, last_modified, date_added, use_function, set_function) values ('88', 'Orden', 'MODULE_ORDER_TOTAL_SHIPPING_SORT_ORDER', '3', 'Orden a mostrarse', '6', '2', NULL, '2005-07-07 10:38:22', NULL, NULL);
insert into configuration (configuration_id, configuration_title, configuration_key, configuration_value, configuration_description, configuration_group_id, sort_order, last_modified, date_added, use_function, set_function) values ('89', 'Permitir Envio Gratis', 'MODULE_ORDER_TOTAL_SHIPPING_FREE_SHIPPING', 'false', 'Ofreces este servicio?', '6', '3', NULL, '2005-07-07 10:38:22', NULL, 'tep_cfg_select_option(array(\'true\', \'false\'),');
insert into configuration (configuration_id, configuration_title, configuration_key, configuration_value, configuration_description, configuration_group_id, sort_order, last_modified, date_added, use_function, set_function) values ('90', 'Envio Gratis para ordenes sobre una cantidad', 'MODULE_ORDER_TOTAL_SHIPPING_FREE_SHIPPING_OVER', '50000000', 'Envio Gratis para ordenes sobre esta cantidad?', '6', '4', NULL, '2005-07-07 10:38:22', 'currencies->format', NULL);
insert into configuration (configuration_id, configuration_title, configuration_key, configuration_value, configuration_description, configuration_group_id, sort_order, last_modified, date_added, use_function, set_function) values ('91', 'Envio gratis para determinadas zonas', 'MODULE_ORDER_TOTAL_SHIPPING_DESTINATION', 'national', 'Envio gratis para esta zona?', '6', '5', NULL, '2005-07-07 10:38:22', NULL, 'tep_cfg_select_option(array(\'national\', \'international\', \'both\'),');
insert into configuration (configuration_id, configuration_title, configuration_key, configuration_value, configuration_description, configuration_group_id, sort_order, last_modified, date_added, use_function, set_function) values ('92', 'Mostrar Sub-Total', 'MODULE_ORDER_TOTAL_SUBTOTAL_STATUS', 'true', 'Desea mostrar el sub-total en las ordenes?', '6', '1', NULL, '2005-07-07 10:38:22', NULL, 'tep_cfg_select_option(array(\'true\', \'false\'),');
insert into configuration (configuration_id, configuration_title, configuration_key, configuration_value, configuration_description, configuration_group_id, sort_order, last_modified, date_added, use_function, set_function) values ('93', 'Orden', 'MODULE_ORDER_TOTAL_SUBTOTAL_SORT_ORDER', '1', 'orden a mostrarse', '6', '2', NULL, '2005-07-07 10:38:22', NULL, NULL);
insert into configuration (configuration_id, configuration_title, configuration_key, configuration_value, configuration_description, configuration_group_id, sort_order, last_modified, date_added, use_function, set_function) values ('94', 'Mostrar impuestos', 'MODULE_ORDER_TOTAL_TAX_STATUS', 'true', 'Desea mostrar el costo de los impuestos en las ordenes?', '6', '1', NULL, '2005-07-07 10:38:22', NULL, 'tep_cfg_select_option(array(\'true\', \'false\'),');
insert into configuration (configuration_id, configuration_title, configuration_key, configuration_value, configuration_description, configuration_group_id, sort_order, last_modified, date_added, use_function, set_function) values ('95', 'Orden', 'MODULE_ORDER_TOTAL_TAX_SORT_ORDER', '2', 'orden a mostrarse', '6', '2', NULL, '2005-07-07 10:38:22', NULL, NULL);
insert into configuration (configuration_id, configuration_title, configuration_key, configuration_value, configuration_description, configuration_group_id, sort_order, last_modified, date_added, use_function, set_function) values ('96', 'Mostrar Total', 'MODULE_ORDER_TOTAL_TOTAL_STATUS', 'true', 'Desea mostrar el costo total en las ordenes?', '6', '1', NULL, '2005-07-07 10:38:22', NULL, 'tep_cfg_select_option(array(\'true\', \'false\'),');
insert into configuration (configuration_id, configuration_title, configuration_key, configuration_value, configuration_description, configuration_group_id, sort_order, last_modified, date_added, use_function, set_function) values ('97', 'orden', 'MODULE_ORDER_TOTAL_TOTAL_SORT_ORDER', '4', 'orden a mostrarse', '6', '2', NULL, '2005-07-07 10:38:22', NULL, NULL);
insert into configuration (configuration_id, configuration_title, configuration_key, configuration_value, configuration_description, configuration_group_id, sort_order, last_modified, date_added, use_function, set_function) values ('98', 'País de Origen', 'SHIPPING_ORIGIN_COUNTRY', '195', 'Seleccionar el país de origen desde el cual se harán los envios', '7', '1', '2008-03-11 00:54:40', '2005-07-07 10:38:22', 'tep_get_country_name', 'tep_cfg_pull_down_country_list(');
insert into configuration (configuration_id, configuration_title, configuration_key, configuration_value, configuration_description, configuration_group_id, sort_order, last_modified, date_added, use_function, set_function) values ('99', 'Código Postal', 'SHIPPING_ORIGIN_ZIP', 'NONE', 'Ingresa el código postal de la tienda', '7', '2', NULL, '2005-07-07 10:38:22', NULL, NULL);
insert into configuration (configuration_id, configuration_title, configuration_key, configuration_value, configuration_description, configuration_group_id, sort_order, last_modified, date_added, use_function, set_function) values ('100', 'Ingresar el máximo peso que podrás enviar', 'SHIPPING_MAX_WEIGHT', '50', 'Los cargadores tienen un límite de peso por cada envio', '7', '3', NULL, '2005-07-07 10:38:22', NULL, NULL);
insert into configuration (configuration_id, configuration_title, configuration_key, configuration_value, configuration_description, configuration_group_id, sort_order, last_modified, date_added, use_function, set_function) values ('101', 'Tara', 'SHIPPING_BOX_WEIGHT', '3', 'Cual es el peso promedio de envio?', '7', '4', NULL, '2005-07-07 10:38:22', NULL, NULL);
insert into configuration (configuration_id, configuration_title, configuration_key, configuration_value, configuration_description, configuration_group_id, sort_order, last_modified, date_added, use_function, set_function) values ('102', 'Paquetes grandes - porcentaje de incremento', 'SHIPPING_BOX_PADDING', '10', 'Para 10% ingresar 10', '7', '5', NULL, '2005-07-07 10:38:22', NULL, NULL);
insert into configuration (configuration_id, configuration_title, configuration_key, configuration_value, configuration_description, configuration_group_id, sort_order, last_modified, date_added, use_function, set_function) values ('103', 'Mostrar la imagen del producto', 'PRODUCT_LIST_IMAGE', '1', 'Deseas mostrar la imagen del producto?', '8', '1', NULL, '2005-07-07 10:38:22', NULL, NULL);
insert into configuration (configuration_id, configuration_title, configuration_key, configuration_value, configuration_description, configuration_group_id, sort_order, last_modified, date_added, use_function, set_function) values ('104', 'Mostrar el fabricante del producto', 'PRODUCT_LIST_MANUFACTURER', '0', 'Deseas mostrar el fabricante del producto?', '8', '2', NULL, '2005-07-07 10:38:22', NULL, NULL);
insert into configuration (configuration_id, configuration_title, configuration_key, configuration_value, configuration_description, configuration_group_id, sort_order, last_modified, date_added, use_function, set_function) values ('105', 'Mostrar el modelo del producto', 'PRODUCT_LIST_MODEL', '0', 'Deseas mostrar el modelo del producto?', '8', '3', NULL, '2005-07-07 10:38:22', NULL, NULL);
insert into configuration (configuration_id, configuration_title, configuration_key, configuration_value, configuration_description, configuration_group_id, sort_order, last_modified, date_added, use_function, set_function) values ('106', 'Mostrar el nombre del producto', 'PRODUCT_LIST_NAME', '2', 'Deseas mostrar el nombre del producto?', '8', '4', NULL, '2005-07-07 10:38:22', NULL, NULL);
insert into configuration (configuration_id, configuration_title, configuration_key, configuration_value, configuration_description, configuration_group_id, sort_order, last_modified, date_added, use_function, set_function) values ('107', 'Mostrar el precio del producto', 'PRODUCT_LIST_PRICE', '3', 'Deseas mostrar el nombre del producto?', '8', '5', NULL, '2005-07-07 10:38:22', NULL, NULL);
insert into configuration (configuration_id, configuration_title, configuration_key, configuration_value, configuration_description, configuration_group_id, sort_order, last_modified, date_added, use_function, set_function) values ('108', 'Mostrar la cantidad por producto', 'PRODUCT_LIST_QUANTITY', '0', 'Deseas mostrar la cantidad por producto?', '8', '6', NULL, '2005-07-07 10:38:22', NULL, NULL);
insert into configuration (configuration_id, configuration_title, configuration_key, configuration_value, configuration_description, configuration_group_id, sort_order, last_modified, date_added, use_function, set_function) values ('109', 'Mostrar peso del producto', 'PRODUCT_LIST_WEIGHT', '0', 'Deseas mostrar el peso del producto?', '8', '7', '2006-12-29 11:38:12', '2005-07-07 10:38:22', NULL, NULL);
insert into configuration (configuration_id, configuration_title, configuration_key, configuration_value, configuration_description, configuration_group_id, sort_order, last_modified, date_added, use_function, set_function) values ('110', 'mostrar columna de COMPRA', 'PRODUCT_LIST_BUY_NOW', '4', 'Deseas mostrar la columna de COMPRA?', '8', '8', NULL, '2005-07-07 10:38:22', NULL, NULL);
insert into configuration (configuration_id, configuration_title, configuration_key, configuration_value, configuration_description, configuration_group_id, sort_order, last_modified, date_added, use_function, set_function) values ('111', 'Mostrar filtrado por categoria/fabricante (0=disable; 1=enable)', 'PRODUCT_LIST_FILTER', '1', 'Deseas mostrar los productos por filtrado por categoria/fabricante?', '8', '9', NULL, '2005-07-07 10:38:22', NULL, NULL);
insert into configuration (configuration_id, configuration_title, configuration_key, configuration_value, configuration_description, configuration_group_id, sort_order, last_modified, date_added, use_function, set_function) values ('112', 'Ubicación de la barra de navegacion (1-arriba, 2-abajo, 3-ambos)', 'PREV_NEXT_BAR_LOCATION', '3', 'cambiar la ubicación a (1-arriba, 2-abajo, 3-ambos)', '8', '10', '2006-12-28 19:27:16', '2005-07-07 10:38:22', NULL, NULL);
insert into configuration (configuration_id, configuration_title, configuration_key, configuration_value, configuration_description, configuration_group_id, sort_order, last_modified, date_added, use_function, set_function) values ('113', 'Comprobar stock', 'STOCK_CHECK', 'true', 'Comprobar si hay disponibilidad de stock', '9', '1', NULL, '2005-07-07 10:38:22', NULL, 'tep_cfg_select_option(array(\'true\', \'false\'),');
insert into configuration (configuration_id, configuration_title, configuration_key, configuration_value, configuration_description, configuration_group_id, sort_order, last_modified, date_added, use_function, set_function) values ('114', 'Restar Stock', 'STOCK_LIMITED', 'true', 'Restar a stock los productos ordenados', '9', '2', NULL, '2005-07-07 10:38:22', NULL, 'tep_cfg_select_option(array(\'true\', \'false\'),');
insert into configuration (configuration_id, configuration_title, configuration_key, configuration_value, configuration_description, configuration_group_id, sort_order, last_modified, date_added, use_function, set_function) values ('115', 'Permitir comprar si no hay stock', 'STOCK_ALLOW_CHECKOUT', 'true', 'Permitir comprar al cliente aun si no existe stock', '9', '3', NULL, '2005-07-07 10:38:22', NULL, 'tep_cfg_select_option(array(\'true\', \'false\'),');
insert into configuration (configuration_id, configuration_title, configuration_key, configuration_value, configuration_description, configuration_group_id, sort_order, last_modified, date_added, use_function, set_function) values ('116', 'Marcar producto si no hay stock', 'STOCK_MARK_PRODUCT_OUT_OF_STOCK', '***', 'Mostrar un aviso si un producto no tiene suficiente stock', '9', '4', NULL, '2005-07-07 10:38:22', NULL, NULL);
insert into configuration (configuration_id, configuration_title, configuration_key, configuration_value, configuration_description, configuration_group_id, sort_order, last_modified, date_added, use_function, set_function) values ('117', 'Stock Re-order level', 'STOCK_REORDER_LEVEL', '5', 'Define when stock needs to be re-ordered', '9', '5', NULL, '2005-07-07 10:38:22', NULL, NULL);
insert into configuration (configuration_id, configuration_title, configuration_key, configuration_value, configuration_description, configuration_group_id, sort_order, last_modified, date_added, use_function, set_function) values ('118', 'Store Page Parse Time', 'STORE_PAGE_PARSE_TIME', 'false', 'Store the time it takes to parse a page', '10', '1', NULL, '2005-07-07 10:38:22', NULL, 'tep_cfg_select_option(array(\'true\', \'false\'),');
insert into configuration (configuration_id, configuration_title, configuration_key, configuration_value, configuration_description, configuration_group_id, sort_order, last_modified, date_added, use_function, set_function) values ('119', 'Log Destination', 'STORE_PAGE_PARSE_TIME_LOG', '/var/log/www/tep/page_parse_time.log', 'Directory and filename of the page parse time log', '10', '2', NULL, '2005-07-07 10:38:22', NULL, NULL);
insert into configuration (configuration_id, configuration_title, configuration_key, configuration_value, configuration_description, configuration_group_id, sort_order, last_modified, date_added, use_function, set_function) values ('120', 'Log Date Format', 'STORE_PARSE_DATE_TIME_FORMAT', '%d/%m/%Y %H:%M:%S', 'The date format', '10', '3', NULL, '2005-07-07 10:38:22', NULL, NULL);
insert into configuration (configuration_id, configuration_title, configuration_key, configuration_value, configuration_description, configuration_group_id, sort_order, last_modified, date_added, use_function, set_function) values ('121', 'Display The Page Parse Time', 'DISPLAY_PAGE_PARSE_TIME', 'true', 'Display the page parse time (store page parse time must be enabled)', '10', '4', NULL, '2005-07-07 10:38:22', NULL, 'tep_cfg_select_option(array(\'true\', \'false\'),');
insert into configuration (configuration_id, configuration_title, configuration_key, configuration_value, configuration_description, configuration_group_id, sort_order, last_modified, date_added, use_function, set_function) values ('122', 'Store Database Queries', 'STORE_DB_TRANSACTIONS', 'false', 'Store the database queries in the page parse time log (PHP4 only)', '10', '5', NULL, '2005-07-07 10:38:22', NULL, 'tep_cfg_select_option(array(\'true\', \'false\'),');
insert into configuration (configuration_id, configuration_title, configuration_key, configuration_value, configuration_description, configuration_group_id, sort_order, last_modified, date_added, use_function, set_function) values ('123', 'Use Cache', 'USE_CACHE', 'false', 'Use caching features', '11', '1', NULL, '2005-07-07 10:38:22', NULL, 'tep_cfg_select_option(array(\'true\', \'false\'),');
insert into configuration (configuration_id, configuration_title, configuration_key, configuration_value, configuration_description, configuration_group_id, sort_order, last_modified, date_added, use_function, set_function) values ('124', 'Cache Directory', 'DIR_FS_CACHE', '/tmp/', 'The directory where the cached files are saved', '11', '2', NULL, '2005-07-07 10:38:22', NULL, NULL);
insert into configuration (configuration_id, configuration_title, configuration_key, configuration_value, configuration_description, configuration_group_id, sort_order, last_modified, date_added, use_function, set_function) values ('125', 'E-Mail Transport Method', 'EMAIL_TRANSPORT', 'sendmail', 'Defines if this server uses a local connection to sendmail or uses an SMTP connection via TCP/IP. Servers running on Windows and MacOS should change this setting to SMTP.', '12', '1', '2008-03-18 22:04:07', '2005-07-07 10:38:22', NULL, 'tep_cfg_select_option(array(\'sendmail\', \'smtp\'),');
insert into configuration (configuration_id, configuration_title, configuration_key, configuration_value, configuration_description, configuration_group_id, sort_order, last_modified, date_added, use_function, set_function) values ('126', 'E-Mail Linefeeds', 'EMAIL_LINEFEED', 'LF', 'Defines the character sequence used to separate mail headers.', '12', '2', '2008-03-18 22:04:12', '2005-07-07 10:38:22', NULL, 'tep_cfg_select_option(array(\'LF\', \'CRLF\'),');
insert into configuration (configuration_id, configuration_title, configuration_key, configuration_value, configuration_description, configuration_group_id, sort_order, last_modified, date_added, use_function, set_function) values ('127', 'Use MIME HTML When Sending Emails', 'EMAIL_USE_HTML', 'false', 'Send e-mails in HTML format', '12', '3', '2007-05-08 21:48:12', '2005-07-07 10:38:22', NULL, 'tep_cfg_select_option(array(\'true\', \'false\'),');
insert into configuration (configuration_id, configuration_title, configuration_key, configuration_value, configuration_description, configuration_group_id, sort_order, last_modified, date_added, use_function, set_function) values ('128', 'Verify E-Mail Addresses Through DNS', 'ENTRY_EMAIL_ADDRESS_CHECK', 'false', 'Verify e-mail address through a DNS server', '12', '4', '2007-04-19 02:33:37', '2005-07-07 10:38:22', NULL, 'tep_cfg_select_option(array(\'true\', \'false\'),');
insert into configuration (configuration_id, configuration_title, configuration_key, configuration_value, configuration_description, configuration_group_id, sort_order, last_modified, date_added, use_function, set_function) values ('129', 'Send E-Mails', 'SEND_EMAILS', 'true', 'Send out e-mails', '12', '5', '2007-05-08 21:31:16', '2005-07-07 10:38:22', NULL, 'tep_cfg_select_option(array(\'true\', \'false\'),');
insert into configuration (configuration_id, configuration_title, configuration_key, configuration_value, configuration_description, configuration_group_id, sort_order, last_modified, date_added, use_function, set_function) values ('130', 'Enable download', 'DOWNLOAD_ENABLED', 'false', 'Enable the products download functions.', '13', '1', NULL, '2005-07-07 10:38:22', NULL, 'tep_cfg_select_option(array(\'true\', \'false\'),');
insert into configuration (configuration_id, configuration_title, configuration_key, configuration_value, configuration_description, configuration_group_id, sort_order, last_modified, date_added, use_function, set_function) values ('131', 'Download by redirect', 'DOWNLOAD_BY_REDIRECT', 'false', 'Use browser redirection for download. Disable on non-Unix systems.', '13', '2', NULL, '2005-07-07 10:38:22', NULL, 'tep_cfg_select_option(array(\'true\', \'false\'),');
insert into configuration (configuration_id, configuration_title, configuration_key, configuration_value, configuration_description, configuration_group_id, sort_order, last_modified, date_added, use_function, set_function) values ('132', 'Expiry delay (days)', 'DOWNLOAD_MAX_DAYS', '7', 'Set number of days before the download link expires. 0 means no limit.', '13', '3', NULL, '2005-07-07 10:38:22', NULL, '');
insert into configuration (configuration_id, configuration_title, configuration_key, configuration_value, configuration_description, configuration_group_id, sort_order, last_modified, date_added, use_function, set_function) values ('133', 'Maximum number of downloads', 'DOWNLOAD_MAX_COUNT', '5', 'Set the maximum number of downloads. 0 means no download authorized.', '13', '4', NULL, '2005-07-07 10:38:22', NULL, '');
insert into configuration (configuration_id, configuration_title, configuration_key, configuration_value, configuration_description, configuration_group_id, sort_order, last_modified, date_added, use_function, set_function) values ('134', 'Enable GZip Compression', 'GZIP_COMPRESSION', 'false', 'Enable HTTP GZip compression.', '14', '1', NULL, '2005-07-07 10:38:22', NULL, 'tep_cfg_select_option(array(\'true\', \'false\'),');
insert into configuration (configuration_id, configuration_title, configuration_key, configuration_value, configuration_description, configuration_group_id, sort_order, last_modified, date_added, use_function, set_function) values ('135', 'Compression Level', 'GZIP_LEVEL', '5', 'Use this compression level 0-9 (0 = minimum, 9 = maximum).', '14', '2', NULL, '2005-07-07 10:38:22', NULL, NULL);
insert into configuration (configuration_id, configuration_title, configuration_key, configuration_value, configuration_description, configuration_group_id, sort_order, last_modified, date_added, use_function, set_function) values ('136', 'Session Directory', 'SESSION_WRITE_DIRECTORY', '/tmp', 'If sessions are file based, store them in this directory.', '15', '1', NULL, '2005-07-07 10:38:22', NULL, NULL);
insert into configuration (configuration_id, configuration_title, configuration_key, configuration_value, configuration_description, configuration_group_id, sort_order, last_modified, date_added, use_function, set_function) values ('137', 'Force Cookie Use', 'SESSION_FORCE_COOKIE_USE', 'True', 'Force the use of sessions when cookies are only enabled.', '15', '2', '2005-07-11 12:48:14', '2005-07-07 10:38:22', NULL, 'tep_cfg_select_option(array(\'True\', \'False\'),');
insert into configuration (configuration_id, configuration_title, configuration_key, configuration_value, configuration_description, configuration_group_id, sort_order, last_modified, date_added, use_function, set_function) values ('138', 'Check SSL Session ID', 'SESSION_CHECK_SSL_SESSION_ID', 'False', 'Validate the SSL_SESSION_ID on every secure HTTPS page request.', '15', '3', NULL, '2005-07-07 10:38:22', NULL, 'tep_cfg_select_option(array(\'True\', \'False\'),');
insert into configuration (configuration_id, configuration_title, configuration_key, configuration_value, configuration_description, configuration_group_id, sort_order, last_modified, date_added, use_function, set_function) values ('139', 'Check User Agent', 'SESSION_CHECK_USER_AGENT', 'False', 'Validate the clients browser user agent on every page request.', '15', '4', NULL, '2005-07-07 10:38:22', NULL, 'tep_cfg_select_option(array(\'True\', \'False\'),');
insert into configuration (configuration_id, configuration_title, configuration_key, configuration_value, configuration_description, configuration_group_id, sort_order, last_modified, date_added, use_function, set_function) values ('140', 'Check IP Address', 'SESSION_CHECK_IP_ADDRESS', 'False', 'Validate the clients IP address on every page request.', '15', '5', NULL, '2005-07-07 10:38:22', NULL, 'tep_cfg_select_option(array(\'True\', \'False\'),');
insert into configuration (configuration_id, configuration_title, configuration_key, configuration_value, configuration_description, configuration_group_id, sort_order, last_modified, date_added, use_function, set_function) values ('141', 'Prevent Spider Sessions', 'SESSION_BLOCK_SPIDERS', 'False', 'Prevent known spiders from starting a session.', '15', '6', NULL, '2005-07-07 10:38:22', NULL, 'tep_cfg_select_option(array(\'True\', \'False\'),');
insert into configuration (configuration_id, configuration_title, configuration_key, configuration_value, configuration_description, configuration_group_id, sort_order, last_modified, date_added, use_function, set_function) values ('142', 'Recreate Session', 'SESSION_RECREATE', 'False', 'Recreate the session to generate a new session ID when the customer logs on or creates an account (PHP >=4.1 needed).', '15', '7', NULL, '2005-07-07 10:38:22', NULL, 'tep_cfg_select_option(array(\'True\', \'False\'),');
insert into configuration (configuration_id, configuration_title, configuration_key, configuration_value, configuration_description, configuration_group_id, sort_order, last_modified, date_added, use_function, set_function) values ('143', 'Imagen Producto - Ancho', 'PRODUCT_IMAGE_WIDTH', '370', 'medida en pixeles', '4', NULL, '2006-12-01 12:52:09', '2006-12-01 12:48:06', NULL, NULL);
insert into configuration (configuration_id, configuration_title, configuration_key, configuration_value, configuration_description, configuration_group_id, sort_order, last_modified, date_added, use_function, set_function) values ('144', 'Imagen Producto - Alto', 'PRODUCT_IMAGE_HEIGHT', '281', 'medida en pixeles', '4', NULL, '2006-12-01 12:52:17', '2006-12-01 12:48:35', NULL, NULL);
insert into configuration (configuration_id, configuration_title, configuration_key, configuration_value, configuration_description, configuration_group_id, sort_order, last_modified, date_added, use_function, set_function) values ('157', 'PRODUCT DESCRIPTIONS use WYSIWYG HTMLAREA?', 'HTML_AREA_WYSIWYG_DISABLE', 'Enable', 'Enable/Disable WYSIWYG box', '112', '0', '2007-01-03 07:32:11', '2007-01-03 07:32:11', NULL, 'tep_cfg_select_option(array(\'Enable\', \'Disable\'),');
insert into configuration (configuration_id, configuration_title, configuration_key, configuration_value, configuration_description, configuration_group_id, sort_order, last_modified, date_added, use_function, set_function) values ('162', 'Customer Email Basic/Advanced Version?', 'HTML_AREA_WYSIWYG_BASIC_EMAIL', 'Advanced', 'Basic Features FASTER<br>Advanced Features SLOWER', '112', '21', '2007-05-08 21:48:39', '2007-01-03 07:32:11', NULL, 'tep_cfg_select_option(array(\'Basic\', \'Advanced\'),');
insert into configuration (configuration_id, configuration_title, configuration_key, configuration_value, configuration_description, configuration_group_id, sort_order, last_modified, date_added, use_function, set_function) values ('163', 'Customer Email Layout Width', 'EMAIL_AREA_WYSIWYG_WIDTH', '505', 'How WIDE should the HTMLAREA be in pixels (default: 505)', '112', '25', '2007-01-03 07:32:11', '2007-01-03 07:32:11', NULL, '');
insert into configuration (configuration_id, configuration_title, configuration_key, configuration_value, configuration_description, configuration_group_id, sort_order, last_modified, date_added, use_function, set_function) values ('164', 'Customer Email Layout Height', 'EMAIL_AREA_WYSIWYG_HEIGHT', '140', 'How HIGH should the HTMLAREA be in pixels (default: 140)', '112', '29', '2007-01-03 07:32:11', '2007-01-03 07:32:11', NULL, '');
insert into configuration (configuration_id, configuration_title, configuration_key, configuration_value, configuration_description, configuration_group_id, sort_order, last_modified, date_added, use_function, set_function) values ('165', 'NEWSLETTER EMAILS use WYSIWYG HTMLAREA?', 'HTML_AREA_WYSIWYG_DISABLE_NEWSLETTER', 'Enable', 'Use WYSIWYG Area in Email Newsletter', '112', '30', '2007-01-03 07:32:11', '2007-01-03 07:32:11', NULL, 'tep_cfg_select_option(array(\'Enable\', \'Disable\'),');
insert into configuration (configuration_id, configuration_title, configuration_key, configuration_value, configuration_description, configuration_group_id, sort_order, last_modified, date_added, use_function, set_function) values ('166', 'Newsletter Email Basic/Advanced Version?', 'HTML_AREA_WYSIWYG_BASIC_NEWSLETTER', 'Basic', 'Basic Features FASTER<br>Advanced Features SLOWER', '112', '32', '2007-01-03 07:32:11', '2007-01-03 07:32:11', NULL, 'tep_cfg_select_option(array(\'Basic\', \'Advanced\'),');
insert into configuration (configuration_id, configuration_title, configuration_key, configuration_value, configuration_description, configuration_group_id, sort_order, last_modified, date_added, use_function, set_function) values ('167', 'Newsletter Email Layout Width', 'NEWSLETTER_EMAIL_WYSIWYG_WIDTH', '505', 'How WIDE should the HTMLAREA be in pixels (default: 505)', '112', '35', '2007-01-03 07:32:11', '2007-01-03 07:32:11', NULL, '');
insert into configuration (configuration_id, configuration_title, configuration_key, configuration_value, configuration_description, configuration_group_id, sort_order, last_modified, date_added, use_function, set_function) values ('168', 'Newsletter Email Layout Height', 'NEWSLETTER_EMAIL_WYSIWYG_HEIGHT', '140', 'How HIGH should the HTMLAREA be in pixels (default: 140)', '112', '39', '2007-01-03 07:32:11', '2007-01-03 07:32:11', NULL, '');
insert into configuration (configuration_id, configuration_title, configuration_key, configuration_value, configuration_description, configuration_group_id, sort_order, last_modified, date_added, use_function, set_function) values ('169', 'DEFINE MAINPAGE use WYSIWYG HTMLAREA?', 'HTML_AREA_WYSIWYG_DISABLE_DEFINE', 'Enable', 'Use WYSIWYG Area in Define Mainpage', '112', '40', '2007-01-03 07:32:11', '2007-01-03 07:32:11', NULL, 'tep_cfg_select_option(array(\'Enable\', \'Disable\'),');
insert into configuration (configuration_id, configuration_title, configuration_key, configuration_value, configuration_description, configuration_group_id, sort_order, last_modified, date_added, use_function, set_function) values ('170', 'Define Mainpage Basic/Advanced Version?', 'HTML_AREA_WYSIWYG_BASIC_DEFINE', 'Basic', 'Basic Features FASTER<br>Advanced Features SLOWER', '112', '41', '2007-01-03 07:32:11', '2007-01-03 07:32:11', NULL, 'tep_cfg_select_option(array(\'Basic\', \'Advanced\'),');
insert into configuration (configuration_id, configuration_title, configuration_key, configuration_value, configuration_description, configuration_group_id, sort_order, last_modified, date_added, use_function, set_function) values ('171', 'Define Mainpage Layout Width', 'DEFINE_MAINPAGE_WYSIWYG_WIDTH', '605', 'How WIDE should the HTMLAREA be in pixels (default: 505)', '112', '42', '2007-01-03 07:32:11', '2007-01-03 07:32:11', NULL, '');
insert into configuration (configuration_id, configuration_title, configuration_key, configuration_value, configuration_description, configuration_group_id, sort_order, last_modified, date_added, use_function, set_function) values ('172', 'Define Mainpage Layout Height', 'DEFINE_MAINPAGE_WYSIWYG_HEIGHT', '300', 'How HIGH should the HTMLAREA be in pixels (default: 140)', '112', '43', '2007-01-03 07:32:11', '2007-01-03 07:32:11', NULL, '');
insert into configuration (configuration_id, configuration_title, configuration_key, configuration_value, configuration_description, configuration_group_id, sort_order, last_modified, date_added, use_function, set_function) values ('173', 'GLOBAL - User Interface Font Type', 'HTML_AREA_WYSIWYG_FONT_TYPE', 'Times New Roman', 'User Interface Font Type<br>(not saved to product description)', '112', '45', '2007-01-03 07:32:11', '2007-01-03 07:32:11', NULL, 'tep_cfg_select_option(array(\'Arial\', \'Courier New\', \'Georgia\', \'Impact\', \'Tahoma\', \'Times New Roman\', \'Verdana\', \'Wingdings\'),');
insert into configuration (configuration_id, configuration_title, configuration_key, configuration_value, configuration_description, configuration_group_id, sort_order, last_modified, date_added, use_function, set_function) values ('174', 'GLOBAL - User Interface Font Size', 'HTML_AREA_WYSIWYG_FONT_SIZE', '12', 'User Interface Font Size (not saved to product description)<p><b>10 Equals 10 pt', '112', '50', '2007-01-03 07:32:11', '2007-01-03 07:32:11', NULL, 'tep_cfg_select_option(array(\\\'8\\\', \\\'10\\\', \\\'12\\\', \\\'14\\\', \\\'18\\\', \\\'24\\\', \\\'36\\\'),');
insert into configuration (configuration_id, configuration_title, configuration_key, configuration_value, configuration_description, configuration_group_id, sort_order, last_modified, date_added, use_function, set_function) values ('175', 'GLOBAL - User Interface Font Colour', 'HTML_AREA_WYSIWYG_FONT_COLOUR', 'Black', 'White, Black, C0C0C0, Red, FFFFFF, Yellow, Pink, Blue, Gray, 000000, ect..<br>basically any colour or HTML colour code!<br>(not saved to product description)', '112', '55', '2007-01-03 07:32:11', '2007-01-03 07:32:11', NULL, '');
insert into configuration (configuration_id, configuration_title, configuration_key, configuration_value, configuration_description, configuration_group_id, sort_order, last_modified, date_added, use_function, set_function) values ('176', 'GLOBAL - User Interface Background Colour', 'HTML_AREA_WYSIWYG_BG_COLOUR', 'White', 'White, Black, C0C0C0, Red, FFFFFF, Yellow, Pink, Blue, Gray, 000000, ect..<br>basically any colour or html colour code!<br>(not saved to product description)', '112', '60', '2007-01-03 07:32:11', '2007-01-03 07:32:11', NULL, '');
insert into configuration (configuration_id, configuration_title, configuration_key, configuration_value, configuration_description, configuration_group_id, sort_order, last_modified, date_added, use_function, set_function) values ('177', 'GLOBAL - ALLOW DEBUG MODE?', 'HTML_AREA_WYSIWYG_DEBUG', '0', 'Moniter Live-html, It updates as you type in a 2nd field above it.<p>Disable Debug = 0<br>Enable Debug = 1<br>Default = 0 OFF', '112', '65', '2007-01-03 07:32:11', '2007-01-03 07:32:11', NULL, 'tep_cfg_select_option(array(\'0\', \'1\'),');
insert into configuration (configuration_id, configuration_title, configuration_key, configuration_value, configuration_description, configuration_group_id, sort_order, last_modified, date_added, use_function, set_function) values ('178', 'PRODUCT DESCRIPTIONS use WYSIWYG HTMLAREA?', 'HTML_AREA_WYSIWYG_DISABLE', 'Enable', 'Enable/Disable WYSIWYG box', '112', '0', '2007-01-03 10:54:22', '2007-01-03 10:54:22', NULL, 'tep_cfg_select_option(array(\'Enable\', \'Disable\'),');
insert into configuration (configuration_id, configuration_title, configuration_key, configuration_value, configuration_description, configuration_group_id, sort_order, last_modified, date_added, use_function, set_function) values ('179', 'Product Description Basic/Advanced Version?', 'HTML_AREA_WYSIWYG_BASIC_PD', 'Basic', 'Basic Features FASTER<br>Advanced Features SLOWER', '112', '10', '2008-04-21 15:39:17', '2007-01-03 10:54:22', NULL, 'tep_cfg_select_option(array(\'Basic\', \'Advanced\'),');
insert into configuration (configuration_id, configuration_title, configuration_key, configuration_value, configuration_description, configuration_group_id, sort_order, last_modified, date_added, use_function, set_function) values ('180', 'Product Description Layout Width', 'HTML_AREA_WYSIWYG_WIDTH', '505', 'How WIDE should the HTMLAREA be in pixels (default: 505)', '112', '15', '2007-01-03 10:54:22', '2007-01-03 10:54:22', NULL, '');
insert into configuration (configuration_id, configuration_title, configuration_key, configuration_value, configuration_description, configuration_group_id, sort_order, last_modified, date_added, use_function, set_function) values ('181', 'Product Description Layout Height', 'HTML_AREA_WYSIWYG_HEIGHT', '240', 'How HIGH should the HTMLAREA be in pixels (default: 240)', '112', '19', '2007-01-03 10:54:22', '2007-01-03 10:54:22', NULL, '');
insert into configuration (configuration_id, configuration_title, configuration_key, configuration_value, configuration_description, configuration_group_id, sort_order, last_modified, date_added, use_function, set_function) values ('182', 'CUSTOMER EMAILS use WYSIWYG HTMLAREA?', 'HTML_AREA_WYSIWYG_DISABLE_EMAIL', 'Enable', 'Use WYSIWYG Area in Email Customers', '112', '20', '2007-01-03 10:54:22', '2007-01-03 10:54:22', NULL, 'tep_cfg_select_option(array(\'Enable\', \'Disable\'),');
insert into configuration (configuration_id, configuration_title, configuration_key, configuration_value, configuration_description, configuration_group_id, sort_order, last_modified, date_added, use_function, set_function) values ('183', 'Customer Email Basic/Advanced Version?', 'HTML_AREA_WYSIWYG_BASIC_EMAIL', 'Advanced', 'Basic Features FASTER<br>Advanced Features SLOWER', '112', '21', '2007-05-08 21:39:02', '2007-01-03 10:54:22', NULL, 'tep_cfg_select_option(array(\'Basic\', \'Advanced\'),');
insert into configuration (configuration_id, configuration_title, configuration_key, configuration_value, configuration_description, configuration_group_id, sort_order, last_modified, date_added, use_function, set_function) values ('184', 'Customer Email Layout Width', 'EMAIL_AREA_WYSIWYG_WIDTH', '505', 'How WIDE should the HTMLAREA be in pixels (default: 505)', '112', '25', '2007-01-03 10:54:22', '2007-01-03 10:54:22', NULL, '');
insert into configuration (configuration_id, configuration_title, configuration_key, configuration_value, configuration_description, configuration_group_id, sort_order, last_modified, date_added, use_function, set_function) values ('185', 'Customer Email Layout Height', 'EMAIL_AREA_WYSIWYG_HEIGHT', '140', 'How HIGH should the HTMLAREA be in pixels (default: 140)', '112', '29', '2007-01-03 10:54:22', '2007-01-03 10:54:22', NULL, '');
insert into configuration (configuration_id, configuration_title, configuration_key, configuration_value, configuration_description, configuration_group_id, sort_order, last_modified, date_added, use_function, set_function) values ('186', 'NEWSLETTER EMAILS use WYSIWYG HTMLAREA?', 'HTML_AREA_WYSIWYG_DISABLE_NEWSLETTER', 'Enable', 'Use WYSIWYG Area in Email Newsletter', '112', '30', '2007-01-03 10:54:22', '2007-01-03 10:54:22', NULL, 'tep_cfg_select_option(array(\'Enable\', \'Disable\'),');
insert into configuration (configuration_id, configuration_title, configuration_key, configuration_value, configuration_description, configuration_group_id, sort_order, last_modified, date_added, use_function, set_function) values ('187', 'Newsletter Email Basic/Advanced Version?', 'HTML_AREA_WYSIWYG_BASIC_NEWSLETTER', 'Basic', 'Basic Features FASTER<br>Advanced Features SLOWER', '112', '32', '2007-01-03 10:54:22', '2007-01-03 10:54:22', NULL, 'tep_cfg_select_option(array(\'Basic\', \'Advanced\'),');
insert into configuration (configuration_id, configuration_title, configuration_key, configuration_value, configuration_description, configuration_group_id, sort_order, last_modified, date_added, use_function, set_function) values ('188', 'Newsletter Email Layout Width', 'NEWSLETTER_EMAIL_WYSIWYG_WIDTH', '505', 'How WIDE should the HTMLAREA be in pixels (default: 505)', '112', '35', '2007-01-03 10:54:22', '2007-01-03 10:54:22', NULL, '');
insert into configuration (configuration_id, configuration_title, configuration_key, configuration_value, configuration_description, configuration_group_id, sort_order, last_modified, date_added, use_function, set_function) values ('189', 'Newsletter Email Layout Height', 'NEWSLETTER_EMAIL_WYSIWYG_HEIGHT', '140', 'How HIGH should the HTMLAREA be in pixels (default: 140)', '112', '39', '2007-01-03 10:54:22', '2007-01-03 10:54:22', NULL, '');
insert into configuration (configuration_id, configuration_title, configuration_key, configuration_value, configuration_description, configuration_group_id, sort_order, last_modified, date_added, use_function, set_function) values ('190', 'DEFINE MAINPAGE use WYSIWYG HTMLAREA?', 'HTML_AREA_WYSIWYG_DISABLE_DEFINE', 'Enable', 'Use WYSIWYG Area in Define Mainpage', '112', '40', '2007-01-03 10:54:22', '2007-01-03 10:54:22', NULL, 'tep_cfg_select_option(array(\'Enable\', \'Disable\'),');
insert into configuration (configuration_id, configuration_title, configuration_key, configuration_value, configuration_description, configuration_group_id, sort_order, last_modified, date_added, use_function, set_function) values ('191', 'Define Mainpage Basic/Advanced Version?', 'HTML_AREA_WYSIWYG_BASIC_DEFINE', 'Basic', 'Basic Features FASTER<br>Advanced Features SLOWER', '112', '41', '2007-01-03 10:54:22', '2007-01-03 10:54:22', NULL, 'tep_cfg_select_option(array(\'Basic\', \'Advanced\'),');
insert into configuration (configuration_id, configuration_title, configuration_key, configuration_value, configuration_description, configuration_group_id, sort_order, last_modified, date_added, use_function, set_function) values ('192', 'Define Mainpage Layout Width', 'DEFINE_MAINPAGE_WYSIWYG_WIDTH', '605', 'How WIDE should the HTMLAREA be in pixels (default: 505)', '112', '42', '2007-01-03 10:54:22', '2007-01-03 10:54:22', NULL, '');
insert into configuration (configuration_id, configuration_title, configuration_key, configuration_value, configuration_description, configuration_group_id, sort_order, last_modified, date_added, use_function, set_function) values ('193', 'Define Mainpage Layout Height', 'DEFINE_MAINPAGE_WYSIWYG_HEIGHT', '300', 'How HIGH should the HTMLAREA be in pixels (default: 140)', '112', '43', '2007-01-03 10:54:22', '2007-01-03 10:54:22', NULL, '');
insert into configuration (configuration_id, configuration_title, configuration_key, configuration_value, configuration_description, configuration_group_id, sort_order, last_modified, date_added, use_function, set_function) values ('194', 'GLOBAL - User Interface Font Type', 'HTML_AREA_WYSIWYG_FONT_TYPE', 'Times New Roman', 'User Interface Font Type<br>(not saved to product description)', '112', '45', '2007-01-03 10:54:22', '2007-01-03 10:54:22', NULL, 'tep_cfg_select_option(array(\'Arial\', \'Courier New\', \'Georgia\', \'Impact\', \'Tahoma\', \'Times New Roman\', \'Verdana\', \'Wingdings\'),');
insert into configuration (configuration_id, configuration_title, configuration_key, configuration_value, configuration_description, configuration_group_id, sort_order, last_modified, date_added, use_function, set_function) values ('195', 'GLOBAL - User Interface Font Size', 'HTML_AREA_WYSIWYG_FONT_SIZE', '12', 'User Interface Font Size (not saved to product description)<p><b>10 Equals 10 pt', '112', '50', '2007-01-03 10:54:22', '2007-01-03 10:54:22', NULL, 'tep_cfg_select_option(array(\\\'8\\\', \\\'10\\\', \\\'12\\\', \\\'14\\\', \\\'18\\\', \\\'24\\\', \\\'36\\\'),');
insert into configuration (configuration_id, configuration_title, configuration_key, configuration_value, configuration_description, configuration_group_id, sort_order, last_modified, date_added, use_function, set_function) values ('196', 'GLOBAL - User Interface Font Colour', 'HTML_AREA_WYSIWYG_FONT_COLOUR', 'Black', 'White, Black, C0C0C0, Red, FFFFFF, Yellow, Pink, Blue, Gray, 000000, ect..<br>basically any colour or HTML colour code!<br>(not saved to product description)', '112', '55', '2007-01-03 10:54:22', '2007-01-03 10:54:22', NULL, '');
insert into configuration (configuration_id, configuration_title, configuration_key, configuration_value, configuration_description, configuration_group_id, sort_order, last_modified, date_added, use_function, set_function) values ('197', 'GLOBAL - User Interface Background Colour', 'HTML_AREA_WYSIWYG_BG_COLOUR', 'White', 'White, Black, C0C0C0, Red, FFFFFF, Yellow, Pink, Blue, Gray, 000000, ect..<br>basically any colour or html colour code!<br>(not saved to product description)', '112', '60', '2007-01-03 10:54:22', '2007-01-03 10:54:22', NULL, '');
insert into configuration (configuration_id, configuration_title, configuration_key, configuration_value, configuration_description, configuration_group_id, sort_order, last_modified, date_added, use_function, set_function) values ('198', 'GLOBAL - ALLOW DEBUG MODE?', 'HTML_AREA_WYSIWYG_DEBUG', '0', 'Moniter Live-html, It updates as you type in a 2nd field above it.<p>Disable Debug = 0<br>Enable Debug = 1<br>Default = 0 OFF', '112', '65', '2007-01-03 10:54:22', '2007-01-03 10:54:22', NULL, 'tep_cfg_select_option(array(\'0\', \'1\'),');
insert into configuration (configuration_id, configuration_title, configuration_key, configuration_value, configuration_description, configuration_group_id, sort_order, last_modified, date_added, use_function, set_function) values ('222', 'Enable PayPal Module', 'MODULE_PAYMENT_PAYPAL_STATUS', 'True', 'Do you want to accept PayPal payments?', '6', '3', NULL, '2008-02-06 19:00:52', NULL, 'tep_cfg_select_option(array(\'True\', \'False\'), ');
insert into configuration (configuration_id, configuration_title, configuration_key, configuration_value, configuration_description, configuration_group_id, sort_order, last_modified, date_added, use_function, set_function) values ('223', 'E-Mail Address', 'MODULE_PAYMENT_PAYPAL_ID', 'glaciarstate@hotmail.com', 'The e-mail address to use for the PayPal service', '6', '4', NULL, '2008-02-06 19:00:52', NULL, NULL);
insert into configuration (configuration_id, configuration_title, configuration_key, configuration_value, configuration_description, configuration_group_id, sort_order, last_modified, date_added, use_function, set_function) values ('224', 'Transaction Currency', 'MODULE_PAYMENT_PAYPAL_CURRENCY', 'Selected Currency', 'The currency to use for credit card transactions', '6', '6', NULL, '2008-02-06 19:00:52', NULL, 'tep_cfg_select_option(array(\'Selected Currency\',\'Only USD\',\'Only CAD\',\'Only EUR\',\'Only GBP\',\'Only JPY\'), ');
insert into configuration (configuration_id, configuration_title, configuration_key, configuration_value, configuration_description, configuration_group_id, sort_order, last_modified, date_added, use_function, set_function) values ('225', 'Sort order of display.', 'MODULE_PAYMENT_PAYPAL_SORT_ORDER', '1', 'Sort order of display. Lowest is displayed first.', '6', '0', NULL, '2008-02-06 19:00:52', NULL, NULL);
insert into configuration (configuration_id, configuration_title, configuration_key, configuration_value, configuration_description, configuration_group_id, sort_order, last_modified, date_added, use_function, set_function) values ('226', 'Payment Zone', 'MODULE_PAYMENT_PAYPAL_ZONE', '4', 'If a zone is selected, only enable this payment method for that zone.', '6', '2', NULL, '2008-02-06 19:00:52', 'tep_get_zone_class_title', 'tep_cfg_pull_down_zone_classes(');
insert into configuration (configuration_id, configuration_title, configuration_key, configuration_value, configuration_description, configuration_group_id, sort_order, last_modified, date_added, use_function, set_function) values ('227', 'Set Order Status', 'MODULE_PAYMENT_PAYPAL_ORDER_STATUS_ID', '0', 'Set the status of orders made with this payment module to this value', '6', '0', NULL, '2008-02-06 19:00:52', 'tep_get_order_status_name', 'tep_cfg_pull_down_order_statuses(');
insert into configuration (configuration_id, configuration_title, configuration_key, configuration_value, configuration_description, configuration_group_id, sort_order, last_modified, date_added, use_function, set_function) values ('228', 'Mostrar imagenes adicionales en product info', 'DISPLAY_EXTRA_IMAGES', 'true', 'mostrar imagenes adicionales', '1', '87', '2005-11-17 17:20:36', '2005-10-20 17:40:05', '', 'tep_cfg_select_option(array(\'false\', \'true\'),');
insert into configuration (configuration_id, configuration_title, configuration_key, configuration_value, configuration_description, configuration_group_id, sort_order, last_modified, date_added, use_function, set_function) values ('345', 'Last Database Restore', 'DB_LAST_RESTORE', 'db_sevenfac_factory-20080514182758.sql', 'Last database restore file', '6', '0', '0000-00-00 00:00:00', '2008-05-15 05:19:26', '', '');
insert into configuration (configuration_id, configuration_title, configuration_key, configuration_value, configuration_description, configuration_group_id, sort_order, last_modified, date_added, use_function, set_function) values ('325', 'Shipping Zone', 'MODULE_SHIPPING_QUANTITY_TABLE_ZONE_4', '4', 'If a zone is selected, only enable this shipping method for that zone.', '6', '0', NULL, '2008-05-10 09:33:45', 'tep_get_zone_class_title', 'tep_cfg_pull_down_zone_classes(');
insert into configuration (configuration_id, configuration_title, configuration_key, configuration_value, configuration_description, configuration_group_id, sort_order, last_modified, date_added, use_function, set_function) values ('324', 'Tax Class', 'MODULE_SHIPPING_QUANTITY_TABLE_TAX_CLASS_4', '0', 'Use the following tax class on the shipping fee.', '6', '0', NULL, '2008-05-10 09:33:45', 'tep_get_tax_class_title', 'tep_cfg_pull_down_tax_classes(');
insert into configuration (configuration_id, configuration_title, configuration_key, configuration_value, configuration_description, configuration_group_id, sort_order, last_modified, date_added, use_function, set_function) values ('323', 'Handling Fee', 'MODULE_SHIPPING_QUANTITY_TABLE_HANDLING_4', '0', 'Handling fee for this shipping method.', '6', '0', NULL, '2008-05-10 09:33:45', NULL, NULL);
insert into configuration (configuration_id, configuration_title, configuration_key, configuration_value, configuration_description, configuration_group_id, sort_order, last_modified, date_added, use_function, set_function) values ('322', 'Table Method', 'MODULE_SHIPPING_QUANTITY_TABLE_MODE_4', 'quantity', 'The shipping cost is based on the order total or the total weight of the items ordered.', '6', '0', NULL, '2008-05-10 09:33:45', NULL, 'tep_cfg_select_option(array(\'weight\', \'price\',\'quantity\'), ');
insert into configuration (configuration_id, configuration_title, configuration_key, configuration_value, configuration_description, configuration_group_id, sort_order, last_modified, date_added, use_function, set_function) values ('321', 'Shipping Table', 'MODULE_SHIPPING_QUANTITY_TABLE_COST_4', '1:4.95,2:1.00,10000:1.00', 'The shipping cost is based on the total cost or weight of items. Example: 25:8.50,50:5.50,etc.. Up to 25 charge 8.50, from there to 50 charge 5.50, etc', '6', '0', NULL, '2008-05-10 09:33:45', NULL, NULL);
insert into configuration (configuration_id, configuration_title, configuration_key, configuration_value, configuration_description, configuration_group_id, sort_order, last_modified, date_added, use_function, set_function) values ('339', 'Shipping Zone', 'MODULE_SHIPPING_FLAT_ZONE', '1', 'If a zone is selected, only enable this shipping method for that zone.', '6', '0', NULL, '2008-05-12 21:20:21', 'tep_get_zone_class_title', 'tep_cfg_pull_down_zone_classes(');
insert into configuration (configuration_id, configuration_title, configuration_key, configuration_value, configuration_description, configuration_group_id, sort_order, last_modified, date_added, use_function, set_function) values ('338', 'Tax Class', 'MODULE_SHIPPING_FLAT_TAX_CLASS', '0', 'Use the following tax class on the shipping fee.', '6', '0', NULL, '2008-05-12 21:20:21', 'tep_get_tax_class_title', 'tep_cfg_pull_down_tax_classes(');
insert into configuration (configuration_id, configuration_title, configuration_key, configuration_value, configuration_description, configuration_group_id, sort_order, last_modified, date_added, use_function, set_function) values ('337', 'Shipping Cost', 'MODULE_SHIPPING_FLAT_COST', '18', 'The shipping cost for all orders using this shipping method.', '6', '0', NULL, '2008-05-12 21:20:21', NULL, NULL);
insert into configuration (configuration_id, configuration_title, configuration_key, configuration_value, configuration_description, configuration_group_id, sort_order, last_modified, date_added, use_function, set_function) values ('336', 'Enable Flat Shipping', 'MODULE_SHIPPING_FLAT_STATUS', 'True', 'Do you want to offer flat rate shipping?', '6', '0', NULL, '2008-05-12 21:20:21', NULL, 'tep_cfg_select_option(array(\'True\', \'False\'), ');
insert into configuration (configuration_id, configuration_title, configuration_key, configuration_value, configuration_description, configuration_group_id, sort_order, last_modified, date_added, use_function, set_function) values ('320', 'Enable Table Method', 'MODULE_SHIPPING_QUANTITY_TABLE_STATUS_4', 'True', 'Do you want to offer table rate shipping?', '6', '0', NULL, '2008-05-10 09:33:45', NULL, 'tep_cfg_select_option(array(\'True\', \'False\'), ');
insert into configuration (configuration_id, configuration_title, configuration_key, configuration_value, configuration_description, configuration_group_id, sort_order, last_modified, date_added, use_function, set_function) values ('326', 'Sort Order', 'MODULE_SHIPPING_QUANTITY_TABLE_SORT_ORDER_4', '2', 'Sort order of display.', '6', '0', NULL, '2008-05-10 09:33:45', NULL, NULL);
insert into configuration (configuration_id, configuration_title, configuration_key, configuration_value, configuration_description, configuration_group_id, sort_order, last_modified, date_added, use_function, set_function) values ('327', 'Enable Check/Money Order Module', 'MODULE_PAYMENT_MONEYORDER_STATUS', 'True', 'Do you want to accept Check/Money Order payments?', '6', '1', NULL, '2008-05-12 20:54:40', NULL, 'tep_cfg_select_option(array(\'True\', \'False\'), ');
insert into configuration (configuration_id, configuration_title, configuration_key, configuration_value, configuration_description, configuration_group_id, sort_order, last_modified, date_added, use_function, set_function) values ('328', 'Make Payable to:', 'MODULE_PAYMENT_MONEYORDER_PAYTO', 'GLACIAR STATE SL<br><br>BANCO: CAM - CAJA MEDITERRANEO<br>N. CUENTA: 2090 5568 13 0040050856<br>', 'Who should payments be made payable to?', '6', '1', NULL, '2008-05-12 20:54:40', NULL, NULL);
insert into configuration (configuration_id, configuration_title, configuration_key, configuration_value, configuration_description, configuration_group_id, sort_order, last_modified, date_added, use_function, set_function) values ('329', 'Sort order of display.', 'MODULE_PAYMENT_MONEYORDER_SORT_ORDER', '2', 'Sort order of display. Lowest is displayed first.', '6', '0', NULL, '2008-05-12 20:54:40', NULL, NULL);
insert into configuration (configuration_id, configuration_title, configuration_key, configuration_value, configuration_description, configuration_group_id, sort_order, last_modified, date_added, use_function, set_function) values ('330', 'Payment Zone', 'MODULE_PAYMENT_MONEYORDER_ZONE', '4', 'If a zone is selected, only enable this payment method for that zone.', '6', '2', NULL, '2008-05-12 20:54:40', 'tep_get_zone_class_title', 'tep_cfg_pull_down_zone_classes(');
insert into configuration (configuration_id, configuration_title, configuration_key, configuration_value, configuration_description, configuration_group_id, sort_order, last_modified, date_added, use_function, set_function) values ('331', 'Set Order Status', 'MODULE_PAYMENT_MONEYORDER_ORDER_STATUS_ID', '0', 'Set the status of orders made with this payment module to this value', '6', '0', NULL, '2008-05-12 20:54:40', 'tep_get_order_status_name', 'tep_cfg_pull_down_order_statuses(');
insert into configuration (configuration_id, configuration_title, configuration_key, configuration_value, configuration_description, configuration_group_id, sort_order, last_modified, date_added, use_function, set_function) values ('341', 'Enable Cash On Delivery Module', 'MODULE_PAYMENT_COD_STATUS', 'True', 'Do you want to accept Cash On Delevery payments?', '6', '1', NULL, '2008-05-13 18:43:28', NULL, 'tep_cfg_select_option(array(\'True\', \'False\'), ');
insert into configuration (configuration_id, configuration_title, configuration_key, configuration_value, configuration_description, configuration_group_id, sort_order, last_modified, date_added, use_function, set_function) values ('346', 'Enable Table Method', 'MODULE_SHIPPING_QUANTITY_TABLE_STATUS', 'True', 'Do you want to offer table rate shipping?', '6', '0', NULL, '2008-05-15 16:10:04', NULL, 'tep_cfg_select_option(array(\'True\', \'False\'), ');
insert into configuration (configuration_id, configuration_title, configuration_key, configuration_value, configuration_description, configuration_group_id, sort_order, last_modified, date_added, use_function, set_function) values ('347', 'Shipping Table', 'MODULE_SHIPPING_QUANTITY_TABLE_COST', '1:14.95,2:2.00,10000:2.00', 'The shipping cost is based on the total cost or weight of items. Example: 25:8.50,50:5.50,etc.. Up to 25 charge 8.50, from there to 50 charge 5.50, etc', '6', '0', NULL, '2008-05-15 16:10:04', NULL, NULL);
insert into configuration (configuration_id, configuration_title, configuration_key, configuration_value, configuration_description, configuration_group_id, sort_order, last_modified, date_added, use_function, set_function) values ('348', 'Table Method', 'MODULE_SHIPPING_QUANTITY_TABLE_MODE', 'quantity', 'The shipping cost is based on the order total or the total weight of the items ordered.', '6', '0', NULL, '2008-05-15 16:10:04', NULL, 'tep_cfg_select_option(array(\'weight\', \'price\',\'quantity\'), ');
insert into configuration (configuration_id, configuration_title, configuration_key, configuration_value, configuration_description, configuration_group_id, sort_order, last_modified, date_added, use_function, set_function) values ('349', 'Handling Fee', 'MODULE_SHIPPING_QUANTITY_TABLE_HANDLING', '0', 'Handling fee for this shipping method.', '6', '0', NULL, '2008-05-15 16:10:04', NULL, NULL);
insert into configuration (configuration_id, configuration_title, configuration_key, configuration_value, configuration_description, configuration_group_id, sort_order, last_modified, date_added, use_function, set_function) values ('350', 'Tax Class', 'MODULE_SHIPPING_QUANTITY_TABLE_TAX_CLASS', '0', 'Use the following tax class on the shipping fee.', '6', '0', NULL, '2008-05-15 16:10:04', 'tep_get_tax_class_title', 'tep_cfg_pull_down_tax_classes(');
insert into configuration (configuration_id, configuration_title, configuration_key, configuration_value, configuration_description, configuration_group_id, sort_order, last_modified, date_added, use_function, set_function) values ('351', 'Shipping Zone', 'MODULE_SHIPPING_QUANTITY_TABLE_ZONE', '3', 'If a zone is selected, only enable this shipping method for that zone.', '6', '0', NULL, '2008-05-15 16:10:04', 'tep_get_zone_class_title', 'tep_cfg_pull_down_zone_classes(');
insert into configuration (configuration_id, configuration_title, configuration_key, configuration_value, configuration_description, configuration_group_id, sort_order, last_modified, date_added, use_function, set_function) values ('352', 'Sort Order', 'MODULE_SHIPPING_QUANTITY_TABLE_SORT_ORDER', '3', 'Sort order of display.', '6', '0', NULL, '2008-05-15 16:10:04', NULL, NULL);
insert into configuration (configuration_id, configuration_title, configuration_key, configuration_value, configuration_description, configuration_group_id, sort_order, last_modified, date_added, use_function, set_function) values ('353', 'Enable Table Method', 'MODULE_SHIPPING_QUANTITY_TABLE_STATUS_2', 'True', 'Do you want to offer table rate shipping?', '6', '0', NULL, '2008-05-15 16:10:52', NULL, 'tep_cfg_select_option(array(\'True\', \'False\'), ');
insert into configuration (configuration_id, configuration_title, configuration_key, configuration_value, configuration_description, configuration_group_id, sort_order, last_modified, date_added, use_function, set_function) values ('354', 'Shipping Table', 'MODULE_SHIPPING_QUANTITY_TABLE_COST_2', '1:14.95,2:2.00,10000:2.00', 'The shipping cost is based on the total cost or weight of items. Example: 25:8.50,50:5.50,etc.. Up to 25 charge 8.50, from there to 50 charge 5.50, etc', '6', '0', NULL, '2008-05-15 16:10:52', NULL, NULL);
insert into configuration (configuration_id, configuration_title, configuration_key, configuration_value, configuration_description, configuration_group_id, sort_order, last_modified, date_added, use_function, set_function) values ('355', 'Table Method', 'MODULE_SHIPPING_QUANTITY_TABLE_MODE_2', 'quantity', 'The shipping cost is based on the order total or the total weight of the items ordered.', '6', '0', NULL, '2008-05-15 16:10:52', NULL, 'tep_cfg_select_option(array(\'weight\', \'price\',\'quantity\'), ');
insert into configuration (configuration_id, configuration_title, configuration_key, configuration_value, configuration_description, configuration_group_id, sort_order, last_modified, date_added, use_function, set_function) values ('356', 'Handling Fee', 'MODULE_SHIPPING_QUANTITY_TABLE_HANDLING_2', '0', 'Handling fee for this shipping method.', '6', '0', NULL, '2008-05-15 16:10:52', NULL, NULL);
insert into configuration (configuration_id, configuration_title, configuration_key, configuration_value, configuration_description, configuration_group_id, sort_order, last_modified, date_added, use_function, set_function) values ('357', 'Tax Class', 'MODULE_SHIPPING_QUANTITY_TABLE_TAX_CLASS_2', '0', 'Use the following tax class on the shipping fee.', '6', '0', NULL, '2008-05-15 16:10:52', 'tep_get_tax_class_title', 'tep_cfg_pull_down_tax_classes(');
insert into configuration (configuration_id, configuration_title, configuration_key, configuration_value, configuration_description, configuration_group_id, sort_order, last_modified, date_added, use_function, set_function) values ('358', 'Shipping Zone', 'MODULE_SHIPPING_QUANTITY_TABLE_ZONE_2', '2', 'If a zone is selected, only enable this shipping method for that zone.', '6', '0', NULL, '2008-05-15 16:10:52', 'tep_get_zone_class_title', 'tep_cfg_pull_down_zone_classes(');
insert into configuration (configuration_id, configuration_title, configuration_key, configuration_value, configuration_description, configuration_group_id, sort_order, last_modified, date_added, use_function, set_function) values ('359', 'Sort Order', 'MODULE_SHIPPING_QUANTITY_TABLE_SORT_ORDER_2', '4', 'Sort order of display.', '6', '0', NULL, '2008-05-15 16:10:52', NULL, NULL);
insert into configuration (configuration_id, configuration_title, configuration_key, configuration_value, configuration_description, configuration_group_id, sort_order, last_modified, date_added, use_function, set_function) values ('360', 'Enable Table Method', 'MODULE_SHIPPING_QUANTITY_TABLE_STATUS_3', 'True', 'Do you want to offer table rate shipping?', '6', '0', NULL, '2008-05-15 16:13:32', NULL, 'tep_cfg_select_option(array(\'True\', \'False\'), ');
insert into configuration (configuration_id, configuration_title, configuration_key, configuration_value, configuration_description, configuration_group_id, sort_order, last_modified, date_added, use_function, set_function) values ('361', 'Shipping Table', 'MODULE_SHIPPING_QUANTITY_TABLE_COST_3', '1:9.95,2:1.00,10000:1.00', 'The shipping cost is based on the total cost or weight of items. Example: 25:8.50,50:5.50,etc.. Up to 25 charge 8.50, from there to 50 charge 5.50, etc', '6', '0', NULL, '2008-05-15 16:13:32', NULL, NULL);
insert into configuration (configuration_id, configuration_title, configuration_key, configuration_value, configuration_description, configuration_group_id, sort_order, last_modified, date_added, use_function, set_function) values ('362', 'Table Method', 'MODULE_SHIPPING_QUANTITY_TABLE_MODE_3', 'quantity', 'The shipping cost is based on the order total or the total weight of the items ordered.', '6', '0', NULL, '2008-05-15 16:13:32', NULL, 'tep_cfg_select_option(array(\'weight\', \'price\',\'quantity\'), ');
insert into configuration (configuration_id, configuration_title, configuration_key, configuration_value, configuration_description, configuration_group_id, sort_order, last_modified, date_added, use_function, set_function) values ('363', 'Handling Fee', 'MODULE_SHIPPING_QUANTITY_TABLE_HANDLING_3', '0', 'Handling fee for this shipping method.', '6', '0', NULL, '2008-05-15 16:13:32', NULL, NULL);
insert into configuration (configuration_id, configuration_title, configuration_key, configuration_value, configuration_description, configuration_group_id, sort_order, last_modified, date_added, use_function, set_function) values ('364', 'Tax Class', 'MODULE_SHIPPING_QUANTITY_TABLE_TAX_CLASS_3', '0', 'Use the following tax class on the shipping fee.', '6', '0', NULL, '2008-05-15 16:13:32', 'tep_get_tax_class_title', 'tep_cfg_pull_down_tax_classes(');
insert into configuration (configuration_id, configuration_title, configuration_key, configuration_value, configuration_description, configuration_group_id, sort_order, last_modified, date_added, use_function, set_function) values ('365', 'Shipping Zone', 'MODULE_SHIPPING_QUANTITY_TABLE_ZONE_3', '1', 'If a zone is selected, only enable this shipping method for that zone.', '6', '0', NULL, '2008-05-15 16:13:32', 'tep_get_zone_class_title', 'tep_cfg_pull_down_zone_classes(');
insert into configuration (configuration_id, configuration_title, configuration_key, configuration_value, configuration_description, configuration_group_id, sort_order, last_modified, date_added, use_function, set_function) values ('366', 'Sort Order', 'MODULE_SHIPPING_QUANTITY_TABLE_SORT_ORDER_3', '5', 'Sort order of display.', '6', '0', NULL, '2008-05-15 16:13:32', NULL, NULL);
insert into configuration (configuration_id, configuration_title, configuration_key, configuration_value, configuration_description, configuration_group_id, sort_order, last_modified, date_added, use_function, set_function) values ('367', 'Enable Authorize.net Module', 'MODULE_PAYMENT_AUTHORIZENET_STATUS', 'True', 'Do you want to accept Authorize.net payments?', '6', '0', NULL, '2008-08-05 18:24:02', NULL, 'tep_cfg_select_option(array(\'True\', \'False\'), ');
insert into configuration (configuration_id, configuration_title, configuration_key, configuration_value, configuration_description, configuration_group_id, sort_order, last_modified, date_added, use_function, set_function) values ('368', 'Login Username', 'MODULE_PAYMENT_AUTHORIZENET_LOGIN', 'testing', 'The login username used for the Authorize.net service', '6', '0', NULL, '2008-08-05 18:24:02', NULL, NULL);
insert into configuration (configuration_id, configuration_title, configuration_key, configuration_value, configuration_description, configuration_group_id, sort_order, last_modified, date_added, use_function, set_function) values ('369', 'Transaction Key', 'MODULE_PAYMENT_AUTHORIZENET_TXNKEY', 'Test', 'Transaction Key used for encrypting TP data', '6', '0', NULL, '2008-08-05 18:24:02', NULL, NULL);
insert into configuration (configuration_id, configuration_title, configuration_key, configuration_value, configuration_description, configuration_group_id, sort_order, last_modified, date_added, use_function, set_function) values ('370', 'Transaction Mode', 'MODULE_PAYMENT_AUTHORIZENET_TESTMODE', 'Test', 'Transaction mode used for processing orders', '6', '0', NULL, '2008-08-05 18:24:02', NULL, 'tep_cfg_select_option(array(\'Test\', \'Production\'), ');
insert into configuration (configuration_id, configuration_title, configuration_key, configuration_value, configuration_description, configuration_group_id, sort_order, last_modified, date_added, use_function, set_function) values ('371', 'Transaction Method', 'MODULE_PAYMENT_AUTHORIZENET_METHOD', 'Credit Card', 'Transaction method used for processing orders', '6', '0', NULL, '2008-08-05 18:24:02', NULL, 'tep_cfg_select_option(array(\'Credit Card\', \'eCheck\'), ');
insert into configuration (configuration_id, configuration_title, configuration_key, configuration_value, configuration_description, configuration_group_id, sort_order, last_modified, date_added, use_function, set_function) values ('372', 'Customer Notifications', 'MODULE_PAYMENT_AUTHORIZENET_EMAIL_CUSTOMER', 'False', 'Should Authorize.Net e-mail a receipt to the customer?', '6', '0', NULL, '2008-08-05 18:24:02', NULL, 'tep_cfg_select_option(array(\'True\', \'False\'), ');
insert into configuration (configuration_id, configuration_title, configuration_key, configuration_value, configuration_description, configuration_group_id, sort_order, last_modified, date_added, use_function, set_function) values ('373', 'Sort order of display.', 'MODULE_PAYMENT_AUTHORIZENET_SORT_ORDER', '0', 'Sort order of display. Lowest is displayed first.', '6', '0', NULL, '2008-08-05 18:24:02', NULL, NULL);
insert into configuration (configuration_id, configuration_title, configuration_key, configuration_value, configuration_description, configuration_group_id, sort_order, last_modified, date_added, use_function, set_function) values ('374', 'Payment Zone', 'MODULE_PAYMENT_AUTHORIZENET_ZONE', '0', 'If a zone is selected, only enable this payment method for that zone.', '6', '2', NULL, '2008-08-05 18:24:02', 'tep_get_zone_class_title', 'tep_cfg_pull_down_zone_classes(');
insert into configuration (configuration_id, configuration_title, configuration_key, configuration_value, configuration_description, configuration_group_id, sort_order, last_modified, date_added, use_function, set_function) values ('375', 'Set Order Status', 'MODULE_PAYMENT_AUTHORIZENET_ORDER_STATUS_ID', '0', 'Set the status of orders made with this payment module to this value', '6', '0', NULL, '2008-08-05 18:24:02', 'tep_get_order_status_name', 'tep_cfg_pull_down_order_statuses(');
drop table if exists configuration_group;
create table configuration_group (
  configuration_group_id int(11) not null auto_increment,
  configuration_group_title varchar(64) not null ,
  configuration_group_description varchar(255) not null ,
  sort_order int(5) ,
  visible int(1) default '1' ,
  PRIMARY KEY (configuration_group_id)
);

insert into configuration_group (configuration_group_id, configuration_group_title, configuration_group_description, sort_order, visible) values ('1', 'Tienda', 'Información General de la Tienda', '1', '1');
insert into configuration_group (configuration_group_id, configuration_group_title, configuration_group_description, sort_order, visible) values ('2', 'Valores Mínimos', 'Valores mínimos por funciones', '2', '1');
insert into configuration_group (configuration_group_id, configuration_group_title, configuration_group_description, sort_order, visible) values ('3', 'Valores Máximos', 'Valores máximos por funciones', '3', '1');
insert into configuration_group (configuration_group_id, configuration_group_title, configuration_group_description, sort_order, visible) values ('4', 'Imágenes', 'Parametros de Imagen', '4', '1');
insert into configuration_group (configuration_group_id, configuration_group_title, configuration_group_description, sort_order, visible) values ('5', 'Detalles del Cliente', 'Configuración de la cuenta del cliente', '5', '1');
insert into configuration_group (configuration_group_id, configuration_group_title, configuration_group_description, sort_order, visible) values ('6', 'Optiones de Módulo', 'Hidden from configuration', '6', '0');
insert into configuration_group (configuration_group_id, configuration_group_title, configuration_group_description, sort_order, visible) values ('7', 'Envio / Empaque', 'Opciones Disponibles de Envio', '7', '1');
insert into configuration_group (configuration_group_id, configuration_group_title, configuration_group_description, sort_order, visible) values ('8', 'Listado de Productos', 'Configuración de las opciones del listado de productos', '8', '1');
insert into configuration_group (configuration_group_id, configuration_group_title, configuration_group_description, sort_order, visible) values ('9', 'Stock', 'Opcions de configuración de stock', '9', '1');
insert into configuration_group (configuration_group_id, configuration_group_title, configuration_group_description, sort_order, visible) values ('10', 'Logging', 'Opcions de configuración de Logging', '10', '1');
insert into configuration_group (configuration_group_id, configuration_group_title, configuration_group_description, sort_order, visible) values ('11', 'Cache', 'Opcions de configuración de Cache', '11', '1');
insert into configuration_group (configuration_group_id, configuration_group_title, configuration_group_description, sort_order, visible) values ('12', 'Opciones de E-Mail', 'Configuración de E-mail', '12', '1');
insert into configuration_group (configuration_group_id, configuration_group_title, configuration_group_description, sort_order, visible) values ('13', 'Descarga', 'Opciones de los productos descargables', '13', '1');
insert into configuration_group (configuration_group_id, configuration_group_title, configuration_group_description, sort_order, visible) values ('14', 'Compresión GZip', 'Opciones de la compresión GZip', '14', '1');
insert into configuration_group (configuration_group_id, configuration_group_title, configuration_group_description, sort_order, visible) values ('15', 'Sesiones', 'Opciones de Sesión', '15', '1');
insert into configuration_group (configuration_group_id, configuration_group_title, configuration_group_description, sort_order, visible) values ('112', 'WYSIWYG Editor 1.6', 'Opciones de HTMLArea 1.6', '15', '1');
drop table if exists counter;
create table counter (
  startdate char(8) ,
  counter int(12) 
);

insert into counter (startdate, counter) values ('20050707', '600529');
drop table if exists counter_history;
create table counter_history (
  month char(8) ,
  counter int(12) 
);

drop table if exists countries;
create table countries (
  countries_id int(11) not null auto_increment,
  countries_name varchar(64) not null ,
  countries_iso_code_2 char(2) not null ,
  countries_iso_code_3 char(3) not null ,
  address_format_id int(11) default '0' not null ,
  PRIMARY KEY (countries_id),
  KEY IDX_COUNTRIES_NAME (countries_name)
);

insert into countries (countries_id, countries_name, countries_iso_code_2, countries_iso_code_3, address_format_id) values ('1', 'Afghanistan', 'AF', 'AFG', '1');
insert into countries (countries_id, countries_name, countries_iso_code_2, countries_iso_code_3, address_format_id) values ('2', 'Albania', 'AL', 'ALB', '1');
insert into countries (countries_id, countries_name, countries_iso_code_2, countries_iso_code_3, address_format_id) values ('3', 'Algeria', 'DZ', 'DZA', '1');
insert into countries (countries_id, countries_name, countries_iso_code_2, countries_iso_code_3, address_format_id) values ('4', 'American Samoa', 'AS', 'ASM', '1');
insert into countries (countries_id, countries_name, countries_iso_code_2, countries_iso_code_3, address_format_id) values ('5', 'Andorra', 'AD', 'AND', '1');
insert into countries (countries_id, countries_name, countries_iso_code_2, countries_iso_code_3, address_format_id) values ('6', 'Angola', 'AO', 'AGO', '1');
insert into countries (countries_id, countries_name, countries_iso_code_2, countries_iso_code_3, address_format_id) values ('7', 'Anguilla', 'AI', 'AIA', '1');
insert into countries (countries_id, countries_name, countries_iso_code_2, countries_iso_code_3, address_format_id) values ('8', 'Antarctica', 'AQ', 'ATA', '1');
insert into countries (countries_id, countries_name, countries_iso_code_2, countries_iso_code_3, address_format_id) values ('9', 'Antigua and Barbuda', 'AG', 'ATG', '1');
insert into countries (countries_id, countries_name, countries_iso_code_2, countries_iso_code_3, address_format_id) values ('10', 'Argentina', 'AR', 'ARG', '1');
insert into countries (countries_id, countries_name, countries_iso_code_2, countries_iso_code_3, address_format_id) values ('11', 'Armenia', 'AM', 'ARM', '1');
insert into countries (countries_id, countries_name, countries_iso_code_2, countries_iso_code_3, address_format_id) values ('12', 'Aruba', 'AW', 'ABW', '1');
insert into countries (countries_id, countries_name, countries_iso_code_2, countries_iso_code_3, address_format_id) values ('13', 'Australia', 'AU', 'AUS', '1');
insert into countries (countries_id, countries_name, countries_iso_code_2, countries_iso_code_3, address_format_id) values ('14', 'Austria', 'AT', 'AUT', '5');
insert into countries (countries_id, countries_name, countries_iso_code_2, countries_iso_code_3, address_format_id) values ('15', 'Azerbaijan', 'AZ', 'AZE', '1');
insert into countries (countries_id, countries_name, countries_iso_code_2, countries_iso_code_3, address_format_id) values ('16', 'Bahamas', 'BS', 'BHS', '1');
insert into countries (countries_id, countries_name, countries_iso_code_2, countries_iso_code_3, address_format_id) values ('17', 'Bahrain', 'BH', 'BHR', '1');
insert into countries (countries_id, countries_name, countries_iso_code_2, countries_iso_code_3, address_format_id) values ('18', 'Bangladesh', 'BD', 'BGD', '1');
insert into countries (countries_id, countries_name, countries_iso_code_2, countries_iso_code_3, address_format_id) values ('19', 'Barbados', 'BB', 'BRB', '1');
insert into countries (countries_id, countries_name, countries_iso_code_2, countries_iso_code_3, address_format_id) values ('20', 'Belarus', 'BY', 'BLR', '1');
insert into countries (countries_id, countries_name, countries_iso_code_2, countries_iso_code_3, address_format_id) values ('21', 'Belgium', 'BE', 'BEL', '1');
insert into countries (countries_id, countries_name, countries_iso_code_2, countries_iso_code_3, address_format_id) values ('22', 'Belize', 'BZ', 'BLZ', '1');
insert into countries (countries_id, countries_name, countries_iso_code_2, countries_iso_code_3, address_format_id) values ('23', 'Benin', 'BJ', 'BEN', '1');
insert into countries (countries_id, countries_name, countries_iso_code_2, countries_iso_code_3, address_format_id) values ('24', 'Bermuda', 'BM', 'BMU', '1');
insert into countries (countries_id, countries_name, countries_iso_code_2, countries_iso_code_3, address_format_id) values ('25', 'Bhutan', 'BT', 'BTN', '1');
insert into countries (countries_id, countries_name, countries_iso_code_2, countries_iso_code_3, address_format_id) values ('26', 'Bolivia', 'BO', 'BOL', '1');
insert into countries (countries_id, countries_name, countries_iso_code_2, countries_iso_code_3, address_format_id) values ('27', 'Bosnia and Herzegowina', 'BA', 'BIH', '1');
insert into countries (countries_id, countries_name, countries_iso_code_2, countries_iso_code_3, address_format_id) values ('28', 'Botswana', 'BW', 'BWA', '1');
insert into countries (countries_id, countries_name, countries_iso_code_2, countries_iso_code_3, address_format_id) values ('29', 'Bouvet Island', 'BV', 'BVT', '1');
insert into countries (countries_id, countries_name, countries_iso_code_2, countries_iso_code_3, address_format_id) values ('30', 'Brazil', 'BR', 'BRA', '1');
insert into countries (countries_id, countries_name, countries_iso_code_2, countries_iso_code_3, address_format_id) values ('31', 'British Indian Ocean Territory', 'IO', 'IOT', '1');
insert into countries (countries_id, countries_name, countries_iso_code_2, countries_iso_code_3, address_format_id) values ('32', 'Brunei Darussalam', 'BN', 'BRN', '1');
insert into countries (countries_id, countries_name, countries_iso_code_2, countries_iso_code_3, address_format_id) values ('33', 'Bulgaria', 'BG', 'BGR', '1');
insert into countries (countries_id, countries_name, countries_iso_code_2, countries_iso_code_3, address_format_id) values ('34', 'Burkina Faso', 'BF', 'BFA', '1');
insert into countries (countries_id, countries_name, countries_iso_code_2, countries_iso_code_3, address_format_id) values ('35', 'Burundi', 'BI', 'BDI', '1');
insert into countries (countries_id, countries_name, countries_iso_code_2, countries_iso_code_3, address_format_id) values ('36', 'Cambodia', 'KH', 'KHM', '1');
insert into countries (countries_id, countries_name, countries_iso_code_2, countries_iso_code_3, address_format_id) values ('37', 'Cameroon', 'CM', 'CMR', '1');
insert into countries (countries_id, countries_name, countries_iso_code_2, countries_iso_code_3, address_format_id) values ('38', 'Canada', 'CA', 'CAN', '1');
insert into countries (countries_id, countries_name, countries_iso_code_2, countries_iso_code_3, address_format_id) values ('39', 'Cape Verde', 'CV', 'CPV', '1');
insert into countries (countries_id, countries_name, countries_iso_code_2, countries_iso_code_3, address_format_id) values ('40', 'Cayman Islands', 'KY', 'CYM', '1');
insert into countries (countries_id, countries_name, countries_iso_code_2, countries_iso_code_3, address_format_id) values ('41', 'Central African Republic', 'CF', 'CAF', '1');
insert into countries (countries_id, countries_name, countries_iso_code_2, countries_iso_code_3, address_format_id) values ('42', 'Chad', 'TD', 'TCD', '1');
insert into countries (countries_id, countries_name, countries_iso_code_2, countries_iso_code_3, address_format_id) values ('43', 'Chile', 'CL', 'CHL', '1');
insert into countries (countries_id, countries_name, countries_iso_code_2, countries_iso_code_3, address_format_id) values ('44', 'China', 'CN', 'CHN', '1');
insert into countries (countries_id, countries_name, countries_iso_code_2, countries_iso_code_3, address_format_id) values ('45', 'Christmas Island', 'CX', 'CXR', '1');
insert into countries (countries_id, countries_name, countries_iso_code_2, countries_iso_code_3, address_format_id) values ('46', 'Cocos (Keeling) Islands', 'CC', 'CCK', '1');
insert into countries (countries_id, countries_name, countries_iso_code_2, countries_iso_code_3, address_format_id) values ('47', 'Colombia', 'CO', 'COL', '1');
insert into countries (countries_id, countries_name, countries_iso_code_2, countries_iso_code_3, address_format_id) values ('48', 'Comoros', 'KM', 'COM', '1');
insert into countries (countries_id, countries_name, countries_iso_code_2, countries_iso_code_3, address_format_id) values ('49', 'Congo', 'CG', 'COG', '1');
insert into countries (countries_id, countries_name, countries_iso_code_2, countries_iso_code_3, address_format_id) values ('50', 'Cook Islands', 'CK', 'COK', '1');
insert into countries (countries_id, countries_name, countries_iso_code_2, countries_iso_code_3, address_format_id) values ('51', 'Costa Rica', 'CR', 'CRI', '1');
insert into countries (countries_id, countries_name, countries_iso_code_2, countries_iso_code_3, address_format_id) values ('52', 'Cote D\'Ivoire', 'CI', 'CIV', '1');
insert into countries (countries_id, countries_name, countries_iso_code_2, countries_iso_code_3, address_format_id) values ('53', 'Croatia', 'HR', 'HRV', '1');
insert into countries (countries_id, countries_name, countries_iso_code_2, countries_iso_code_3, address_format_id) values ('54', 'Cuba', 'CU', 'CUB', '1');
insert into countries (countries_id, countries_name, countries_iso_code_2, countries_iso_code_3, address_format_id) values ('55', 'Cyprus', 'CY', 'CYP', '1');
insert into countries (countries_id, countries_name, countries_iso_code_2, countries_iso_code_3, address_format_id) values ('56', 'Czech Republic', 'CZ', 'CZE', '1');
insert into countries (countries_id, countries_name, countries_iso_code_2, countries_iso_code_3, address_format_id) values ('57', 'Denmark', 'DK', 'DNK', '1');
insert into countries (countries_id, countries_name, countries_iso_code_2, countries_iso_code_3, address_format_id) values ('58', 'Djibouti', 'DJ', 'DJI', '1');
insert into countries (countries_id, countries_name, countries_iso_code_2, countries_iso_code_3, address_format_id) values ('59', 'Dominica', 'DM', 'DMA', '1');
insert into countries (countries_id, countries_name, countries_iso_code_2, countries_iso_code_3, address_format_id) values ('60', 'Dominican Republic', 'DO', 'DOM', '1');
insert into countries (countries_id, countries_name, countries_iso_code_2, countries_iso_code_3, address_format_id) values ('61', 'East Timor', 'TP', 'TMP', '1');
insert into countries (countries_id, countries_name, countries_iso_code_2, countries_iso_code_3, address_format_id) values ('62', 'Ecuador', 'EC', 'ECU', '1');
insert into countries (countries_id, countries_name, countries_iso_code_2, countries_iso_code_3, address_format_id) values ('63', 'Egypt', 'EG', 'EGY', '1');
insert into countries (countries_id, countries_name, countries_iso_code_2, countries_iso_code_3, address_format_id) values ('64', 'El Salvador', 'SV', 'SLV', '1');
insert into countries (countries_id, countries_name, countries_iso_code_2, countries_iso_code_3, address_format_id) values ('65', 'Equatorial Guinea', 'GQ', 'GNQ', '1');
insert into countries (countries_id, countries_name, countries_iso_code_2, countries_iso_code_3, address_format_id) values ('66', 'Eritrea', 'ER', 'ERI', '1');
insert into countries (countries_id, countries_name, countries_iso_code_2, countries_iso_code_3, address_format_id) values ('67', 'Estonia', 'EE', 'EST', '1');
insert into countries (countries_id, countries_name, countries_iso_code_2, countries_iso_code_3, address_format_id) values ('68', 'Ethiopia', 'ET', 'ETH', '1');
insert into countries (countries_id, countries_name, countries_iso_code_2, countries_iso_code_3, address_format_id) values ('69', 'Falkland Islands (Malvinas)', 'FK', 'FLK', '1');
insert into countries (countries_id, countries_name, countries_iso_code_2, countries_iso_code_3, address_format_id) values ('70', 'Faroe Islands', 'FO', 'FRO', '1');
insert into countries (countries_id, countries_name, countries_iso_code_2, countries_iso_code_3, address_format_id) values ('71', 'Fiji', 'FJ', 'FJI', '1');
insert into countries (countries_id, countries_name, countries_iso_code_2, countries_iso_code_3, address_format_id) values ('72', 'Finland', 'FI', 'FIN', '1');
insert into countries (countries_id, countries_name, countries_iso_code_2, countries_iso_code_3, address_format_id) values ('73', 'France', 'FR', 'FRA', '1');
insert into countries (countries_id, countries_name, countries_iso_code_2, countries_iso_code_3, address_format_id) values ('74', 'France, Metropolitan', 'FX', 'FXX', '1');
insert into countries (countries_id, countries_name, countries_iso_code_2, countries_iso_code_3, address_format_id) values ('75', 'French Guiana', 'GF', 'GUF', '1');
insert into countries (countries_id, countries_name, countries_iso_code_2, countries_iso_code_3, address_format_id) values ('76', 'French Polynesia', 'PF', 'PYF', '1');
insert into countries (countries_id, countries_name, countries_iso_code_2, countries_iso_code_3, address_format_id) values ('77', 'French Southern Territories', 'TF', 'ATF', '1');
insert into countries (countries_id, countries_name, countries_iso_code_2, countries_iso_code_3, address_format_id) values ('78', 'Gabon', 'GA', 'GAB', '1');
insert into countries (countries_id, countries_name, countries_iso_code_2, countries_iso_code_3, address_format_id) values ('79', 'Gambia', 'GM', 'GMB', '1');
insert into countries (countries_id, countries_name, countries_iso_code_2, countries_iso_code_3, address_format_id) values ('80', 'Georgia', 'GE', 'GEO', '1');
insert into countries (countries_id, countries_name, countries_iso_code_2, countries_iso_code_3, address_format_id) values ('81', 'Germany', 'DE', 'DEU', '5');
insert into countries (countries_id, countries_name, countries_iso_code_2, countries_iso_code_3, address_format_id) values ('82', 'Ghana', 'GH', 'GHA', '1');
insert into countries (countries_id, countries_name, countries_iso_code_2, countries_iso_code_3, address_format_id) values ('83', 'Gibraltar', 'GI', 'GIB', '1');
insert into countries (countries_id, countries_name, countries_iso_code_2, countries_iso_code_3, address_format_id) values ('84', 'Greece', 'GR', 'GRC', '1');
insert into countries (countries_id, countries_name, countries_iso_code_2, countries_iso_code_3, address_format_id) values ('85', 'Greenland', 'GL', 'GRL', '1');
insert into countries (countries_id, countries_name, countries_iso_code_2, countries_iso_code_3, address_format_id) values ('86', 'Grenada', 'GD', 'GRD', '1');
insert into countries (countries_id, countries_name, countries_iso_code_2, countries_iso_code_3, address_format_id) values ('87', 'Guadeloupe', 'GP', 'GLP', '1');
insert into countries (countries_id, countries_name, countries_iso_code_2, countries_iso_code_3, address_format_id) values ('88', 'Guam', 'GU', 'GUM', '1');
insert into countries (countries_id, countries_name, countries_iso_code_2, countries_iso_code_3, address_format_id) values ('89', 'Guatemala', 'GT', 'GTM', '1');
insert into countries (countries_id, countries_name, countries_iso_code_2, countries_iso_code_3, address_format_id) values ('90', 'Guinea', 'GN', 'GIN', '1');
insert into countries (countries_id, countries_name, countries_iso_code_2, countries_iso_code_3, address_format_id) values ('91', 'Guinea-bissau', 'GW', 'GNB', '1');
insert into countries (countries_id, countries_name, countries_iso_code_2, countries_iso_code_3, address_format_id) values ('92', 'Guyana', 'GY', 'GUY', '1');
insert into countries (countries_id, countries_name, countries_iso_code_2, countries_iso_code_3, address_format_id) values ('93', 'Haiti', 'HT', 'HTI', '1');
insert into countries (countries_id, countries_name, countries_iso_code_2, countries_iso_code_3, address_format_id) values ('94', 'Heard and Mc Donald Islands', 'HM', 'HMD', '1');
insert into countries (countries_id, countries_name, countries_iso_code_2, countries_iso_code_3, address_format_id) values ('95', 'Honduras', 'HN', 'HND', '1');
insert into countries (countries_id, countries_name, countries_iso_code_2, countries_iso_code_3, address_format_id) values ('96', 'Hong Kong', 'HK', 'HKG', '1');
insert into countries (countries_id, countries_name, countries_iso_code_2, countries_iso_code_3, address_format_id) values ('97', 'Hungary', 'HU', 'HUN', '1');
insert into countries (countries_id, countries_name, countries_iso_code_2, countries_iso_code_3, address_format_id) values ('98', 'Iceland', 'IS', 'ISL', '1');
insert into countries (countries_id, countries_name, countries_iso_code_2, countries_iso_code_3, address_format_id) values ('99', 'India', 'IN', 'IND', '1');
insert into countries (countries_id, countries_name, countries_iso_code_2, countries_iso_code_3, address_format_id) values ('100', 'Indonesia', 'ID', 'IDN', '1');
insert into countries (countries_id, countries_name, countries_iso_code_2, countries_iso_code_3, address_format_id) values ('101', 'Iran (Islamic Republic of)', 'IR', 'IRN', '1');
insert into countries (countries_id, countries_name, countries_iso_code_2, countries_iso_code_3, address_format_id) values ('102', 'Iraq', 'IQ', 'IRQ', '1');
insert into countries (countries_id, countries_name, countries_iso_code_2, countries_iso_code_3, address_format_id) values ('103', 'Ireland', 'IE', 'IRL', '1');
insert into countries (countries_id, countries_name, countries_iso_code_2, countries_iso_code_3, address_format_id) values ('104', 'Israel', 'IL', 'ISR', '1');
insert into countries (countries_id, countries_name, countries_iso_code_2, countries_iso_code_3, address_format_id) values ('105', 'Italy', 'IT', 'ITA', '1');
insert into countries (countries_id, countries_name, countries_iso_code_2, countries_iso_code_3, address_format_id) values ('106', 'Jamaica', 'JM', 'JAM', '1');
insert into countries (countries_id, countries_name, countries_iso_code_2, countries_iso_code_3, address_format_id) values ('107', 'Japan', 'JP', 'JPN', '1');
insert into countries (countries_id, countries_name, countries_iso_code_2, countries_iso_code_3, address_format_id) values ('108', 'Jordan', 'JO', 'JOR', '1');
insert into countries (countries_id, countries_name, countries_iso_code_2, countries_iso_code_3, address_format_id) values ('109', 'Kazakhstan', 'KZ', 'KAZ', '1');
insert into countries (countries_id, countries_name, countries_iso_code_2, countries_iso_code_3, address_format_id) values ('110', 'Kenya', 'KE', 'KEN', '1');
insert into countries (countries_id, countries_name, countries_iso_code_2, countries_iso_code_3, address_format_id) values ('111', 'Kiribati', 'KI', 'KIR', '1');
insert into countries (countries_id, countries_name, countries_iso_code_2, countries_iso_code_3, address_format_id) values ('112', 'Korea, Democratic People\'s Republic of', 'KP', 'PRK', '1');
insert into countries (countries_id, countries_name, countries_iso_code_2, countries_iso_code_3, address_format_id) values ('113', 'Korea, Republic of', 'KR', 'KOR', '1');
insert into countries (countries_id, countries_name, countries_iso_code_2, countries_iso_code_3, address_format_id) values ('114', 'Kuwait', 'KW', 'KWT', '1');
insert into countries (countries_id, countries_name, countries_iso_code_2, countries_iso_code_3, address_format_id) values ('115', 'Kyrgyzstan', 'KG', 'KGZ', '1');
insert into countries (countries_id, countries_name, countries_iso_code_2, countries_iso_code_3, address_format_id) values ('116', 'Lao People\'s Democratic Republic', 'LA', 'LAO', '1');
insert into countries (countries_id, countries_name, countries_iso_code_2, countries_iso_code_3, address_format_id) values ('117', 'Latvia', 'LV', 'LVA', '1');
insert into countries (countries_id, countries_name, countries_iso_code_2, countries_iso_code_3, address_format_id) values ('118', 'Lebanon', 'LB', 'LBN', '1');
insert into countries (countries_id, countries_name, countries_iso_code_2, countries_iso_code_3, address_format_id) values ('119', 'Lesotho', 'LS', 'LSO', '1');
insert into countries (countries_id, countries_name, countries_iso_code_2, countries_iso_code_3, address_format_id) values ('120', 'Liberia', 'LR', 'LBR', '1');
insert into countries (countries_id, countries_name, countries_iso_code_2, countries_iso_code_3, address_format_id) values ('121', 'Libyan Arab Jamahiriya', 'LY', 'LBY', '1');
insert into countries (countries_id, countries_name, countries_iso_code_2, countries_iso_code_3, address_format_id) values ('122', 'Liechtenstein', 'LI', 'LIE', '1');
insert into countries (countries_id, countries_name, countries_iso_code_2, countries_iso_code_3, address_format_id) values ('123', 'Lithuania', 'LT', 'LTU', '1');
insert into countries (countries_id, countries_name, countries_iso_code_2, countries_iso_code_3, address_format_id) values ('124', 'Luxembourg', 'LU', 'LUX', '1');
insert into countries (countries_id, countries_name, countries_iso_code_2, countries_iso_code_3, address_format_id) values ('125', 'Macau', 'MO', 'MAC', '1');
insert into countries (countries_id, countries_name, countries_iso_code_2, countries_iso_code_3, address_format_id) values ('126', 'Macedonia, The Former Yugoslav Republic of', 'MK', 'MKD', '1');
insert into countries (countries_id, countries_name, countries_iso_code_2, countries_iso_code_3, address_format_id) values ('127', 'Madagascar', 'MG', 'MDG', '1');
insert into countries (countries_id, countries_name, countries_iso_code_2, countries_iso_code_3, address_format_id) values ('128', 'Malawi', 'MW', 'MWI', '1');
insert into countries (countries_id, countries_name, countries_iso_code_2, countries_iso_code_3, address_format_id) values ('129', 'Malaysia', 'MY', 'MYS', '1');
insert into countries (countries_id, countries_name, countries_iso_code_2, countries_iso_code_3, address_format_id) values ('130', 'Maldives', 'MV', 'MDV', '1');
insert into countries (countries_id, countries_name, countries_iso_code_2, countries_iso_code_3, address_format_id) values ('131', 'Mali', 'ML', 'MLI', '1');
insert into countries (countries_id, countries_name, countries_iso_code_2, countries_iso_code_3, address_format_id) values ('132', 'Malta', 'MT', 'MLT', '1');
insert into countries (countries_id, countries_name, countries_iso_code_2, countries_iso_code_3, address_format_id) values ('133', 'Marshall Islands', 'MH', 'MHL', '1');
insert into countries (countries_id, countries_name, countries_iso_code_2, countries_iso_code_3, address_format_id) values ('134', 'Martinique', 'MQ', 'MTQ', '1');
insert into countries (countries_id, countries_name, countries_iso_code_2, countries_iso_code_3, address_format_id) values ('135', 'Mauritania', 'MR', 'MRT', '1');
insert into countries (countries_id, countries_name, countries_iso_code_2, countries_iso_code_3, address_format_id) values ('136', 'Mauritius', 'MU', 'MUS', '1');
insert into countries (countries_id, countries_name, countries_iso_code_2, countries_iso_code_3, address_format_id) values ('137', 'Mayotte', 'YT', 'MYT', '1');
insert into countries (countries_id, countries_name, countries_iso_code_2, countries_iso_code_3, address_format_id) values ('138', 'Mexico', 'MX', 'MEX', '1');
insert into countries (countries_id, countries_name, countries_iso_code_2, countries_iso_code_3, address_format_id) values ('139', 'Micronesia, Federated States of', 'FM', 'FSM', '1');
insert into countries (countries_id, countries_name, countries_iso_code_2, countries_iso_code_3, address_format_id) values ('140', 'Moldova, Republic of', 'MD', 'MDA', '1');
insert into countries (countries_id, countries_name, countries_iso_code_2, countries_iso_code_3, address_format_id) values ('141', 'Monaco', 'MC', 'MCO', '1');
insert into countries (countries_id, countries_name, countries_iso_code_2, countries_iso_code_3, address_format_id) values ('142', 'Mongolia', 'MN', 'MNG', '1');
insert into countries (countries_id, countries_name, countries_iso_code_2, countries_iso_code_3, address_format_id) values ('143', 'Montserrat', 'MS', 'MSR', '1');
insert into countries (countries_id, countries_name, countries_iso_code_2, countries_iso_code_3, address_format_id) values ('144', 'Morocco', 'MA', 'MAR', '1');
insert into countries (countries_id, countries_name, countries_iso_code_2, countries_iso_code_3, address_format_id) values ('145', 'Mozambique', 'MZ', 'MOZ', '1');
insert into countries (countries_id, countries_name, countries_iso_code_2, countries_iso_code_3, address_format_id) values ('146', 'Myanmar', 'MM', 'MMR', '1');
insert into countries (countries_id, countries_name, countries_iso_code_2, countries_iso_code_3, address_format_id) values ('147', 'Namibia', 'NA', 'NAM', '1');
insert into countries (countries_id, countries_name, countries_iso_code_2, countries_iso_code_3, address_format_id) values ('148', 'Nauru', 'NR', 'NRU', '1');
insert into countries (countries_id, countries_name, countries_iso_code_2, countries_iso_code_3, address_format_id) values ('149', 'Nepal', 'NP', 'NPL', '1');
insert into countries (countries_id, countries_name, countries_iso_code_2, countries_iso_code_3, address_format_id) values ('150', 'Netherlands', 'NL', 'NLD', '1');
insert into countries (countries_id, countries_name, countries_iso_code_2, countries_iso_code_3, address_format_id) values ('151', 'Netherlands Antilles', 'AN', 'ANT', '1');
insert into countries (countries_id, countries_name, countries_iso_code_2, countries_iso_code_3, address_format_id) values ('152', 'New Caledonia', 'NC', 'NCL', '1');
insert into countries (countries_id, countries_name, countries_iso_code_2, countries_iso_code_3, address_format_id) values ('153', 'New Zealand', 'NZ', 'NZL', '1');
insert into countries (countries_id, countries_name, countries_iso_code_2, countries_iso_code_3, address_format_id) values ('154', 'Nicaragua', 'NI', 'NIC', '1');
insert into countries (countries_id, countries_name, countries_iso_code_2, countries_iso_code_3, address_format_id) values ('155', 'Niger', 'NE', 'NER', '1');
insert into countries (countries_id, countries_name, countries_iso_code_2, countries_iso_code_3, address_format_id) values ('156', 'Nigeria', 'NG', 'NGA', '1');
insert into countries (countries_id, countries_name, countries_iso_code_2, countries_iso_code_3, address_format_id) values ('157', 'Niue', 'NU', 'NIU', '1');
insert into countries (countries_id, countries_name, countries_iso_code_2, countries_iso_code_3, address_format_id) values ('158', 'Norfolk Island', 'NF', 'NFK', '1');
insert into countries (countries_id, countries_name, countries_iso_code_2, countries_iso_code_3, address_format_id) values ('159', 'Northern Mariana Islands', 'MP', 'MNP', '1');
insert into countries (countries_id, countries_name, countries_iso_code_2, countries_iso_code_3, address_format_id) values ('160', 'Norway', 'NO', 'NOR', '1');
insert into countries (countries_id, countries_name, countries_iso_code_2, countries_iso_code_3, address_format_id) values ('161', 'Oman', 'OM', 'OMN', '1');
insert into countries (countries_id, countries_name, countries_iso_code_2, countries_iso_code_3, address_format_id) values ('162', 'Pakistan', 'PK', 'PAK', '1');
insert into countries (countries_id, countries_name, countries_iso_code_2, countries_iso_code_3, address_format_id) values ('163', 'Palau', 'PW', 'PLW', '1');
insert into countries (countries_id, countries_name, countries_iso_code_2, countries_iso_code_3, address_format_id) values ('164', 'Panama', 'PA', 'PAN', '1');
insert into countries (countries_id, countries_name, countries_iso_code_2, countries_iso_code_3, address_format_id) values ('165', 'Papua New Guinea', 'PG', 'PNG', '1');
insert into countries (countries_id, countries_name, countries_iso_code_2, countries_iso_code_3, address_format_id) values ('166', 'Paraguay', 'PY', 'PRY', '1');
insert into countries (countries_id, countries_name, countries_iso_code_2, countries_iso_code_3, address_format_id) values ('167', 'Peru', 'PE', 'PER', '1');
insert into countries (countries_id, countries_name, countries_iso_code_2, countries_iso_code_3, address_format_id) values ('168', 'Philippines', 'PH', 'PHL', '1');
insert into countries (countries_id, countries_name, countries_iso_code_2, countries_iso_code_3, address_format_id) values ('169', 'Pitcairn', 'PN', 'PCN', '1');
insert into countries (countries_id, countries_name, countries_iso_code_2, countries_iso_code_3, address_format_id) values ('170', 'Poland', 'PL', 'POL', '1');
insert into countries (countries_id, countries_name, countries_iso_code_2, countries_iso_code_3, address_format_id) values ('171', 'Portugal', 'PT', 'PRT', '1');
insert into countries (countries_id, countries_name, countries_iso_code_2, countries_iso_code_3, address_format_id) values ('172', 'Puerto Rico', 'PR', 'PRI', '1');
insert into countries (countries_id, countries_name, countries_iso_code_2, countries_iso_code_3, address_format_id) values ('173', 'Qatar', 'QA', 'QAT', '1');
insert into countries (countries_id, countries_name, countries_iso_code_2, countries_iso_code_3, address_format_id) values ('174', 'Reunion', 'RE', 'REU', '1');
insert into countries (countries_id, countries_name, countries_iso_code_2, countries_iso_code_3, address_format_id) values ('175', 'Romania', 'RO', 'ROM', '1');
insert into countries (countries_id, countries_name, countries_iso_code_2, countries_iso_code_3, address_format_id) values ('176', 'Russian Federation', 'RU', 'RUS', '1');
insert into countries (countries_id, countries_name, countries_iso_code_2, countries_iso_code_3, address_format_id) values ('177', 'Rwanda', 'RW', 'RWA', '1');
insert into countries (countries_id, countries_name, countries_iso_code_2, countries_iso_code_3, address_format_id) values ('178', 'Saint Kitts and Nevis', 'KN', 'KNA', '1');
insert into countries (countries_id, countries_name, countries_iso_code_2, countries_iso_code_3, address_format_id) values ('179', 'Saint Lucia', 'LC', 'LCA', '1');
insert into countries (countries_id, countries_name, countries_iso_code_2, countries_iso_code_3, address_format_id) values ('180', 'Saint Vincent and the Grenadines', 'VC', 'VCT', '1');
insert into countries (countries_id, countries_name, countries_iso_code_2, countries_iso_code_3, address_format_id) values ('181', 'Samoa', 'WS', 'WSM', '1');
insert into countries (countries_id, countries_name, countries_iso_code_2, countries_iso_code_3, address_format_id) values ('182', 'San Marino', 'SM', 'SMR', '1');
insert into countries (countries_id, countries_name, countries_iso_code_2, countries_iso_code_3, address_format_id) values ('183', 'Sao Tome and Principe', 'ST', 'STP', '1');
insert into countries (countries_id, countries_name, countries_iso_code_2, countries_iso_code_3, address_format_id) values ('184', 'Saudi Arabia', 'SA', 'SAU', '1');
insert into countries (countries_id, countries_name, countries_iso_code_2, countries_iso_code_3, address_format_id) values ('185', 'Senegal', 'SN', 'SEN', '1');
insert into countries (countries_id, countries_name, countries_iso_code_2, countries_iso_code_3, address_format_id) values ('186', 'Seychelles', 'SC', 'SYC', '1');
insert into countries (countries_id, countries_name, countries_iso_code_2, countries_iso_code_3, address_format_id) values ('187', 'Sierra Leone', 'SL', 'SLE', '1');
insert into countries (countries_id, countries_name, countries_iso_code_2, countries_iso_code_3, address_format_id) values ('188', 'Singapore', 'SG', 'SGP', '4');
insert into countries (countries_id, countries_name, countries_iso_code_2, countries_iso_code_3, address_format_id) values ('189', 'Slovakia (Slovak Republic)', 'SK', 'SVK', '1');
insert into countries (countries_id, countries_name, countries_iso_code_2, countries_iso_code_3, address_format_id) values ('190', 'Slovenia', 'SI', 'SVN', '1');
insert into countries (countries_id, countries_name, countries_iso_code_2, countries_iso_code_3, address_format_id) values ('191', 'Solomon Islands', 'SB', 'SLB', '1');
insert into countries (countries_id, countries_name, countries_iso_code_2, countries_iso_code_3, address_format_id) values ('192', 'Somalia', 'SO', 'SOM', '1');
insert into countries (countries_id, countries_name, countries_iso_code_2, countries_iso_code_3, address_format_id) values ('193', 'South Africa', 'ZA', 'ZAF', '1');
insert into countries (countries_id, countries_name, countries_iso_code_2, countries_iso_code_3, address_format_id) values ('194', 'South Georgia and the South Sandwich Islands', 'GS', 'SGS', '1');
insert into countries (countries_id, countries_name, countries_iso_code_2, countries_iso_code_3, address_format_id) values ('195', 'Spain', 'ES', 'ESP', '3');
insert into countries (countries_id, countries_name, countries_iso_code_2, countries_iso_code_3, address_format_id) values ('196', 'Sri Lanka', 'LK', 'LKA', '1');
insert into countries (countries_id, countries_name, countries_iso_code_2, countries_iso_code_3, address_format_id) values ('197', 'St. Helena', 'SH', 'SHN', '1');
insert into countries (countries_id, countries_name, countries_iso_code_2, countries_iso_code_3, address_format_id) values ('198', 'St. Pierre and Miquelon', 'PM', 'SPM', '1');
insert into countries (countries_id, countries_name, countries_iso_code_2, countries_iso_code_3, address_format_id) values ('199', 'Sudan', 'SD', 'SDN', '1');
insert into countries (countries_id, countries_name, countries_iso_code_2, countries_iso_code_3, address_format_id) values ('200', 'Suriname', 'SR', 'SUR', '1');
insert into countries (countries_id, countries_name, countries_iso_code_2, countries_iso_code_3, address_format_id) values ('201', 'Svalbard and Jan Mayen Islands', 'SJ', 'SJM', '1');
insert into countries (countries_id, countries_name, countries_iso_code_2, countries_iso_code_3, address_format_id) values ('202', 'Swaziland', 'SZ', 'SWZ', '1');
insert into countries (countries_id, countries_name, countries_iso_code_2, countries_iso_code_3, address_format_id) values ('203', 'Sweden', 'SE', 'SWE', '1');
insert into countries (countries_id, countries_name, countries_iso_code_2, countries_iso_code_3, address_format_id) values ('204', 'Switzerland', 'CH', 'CHE', '1');
insert into countries (countries_id, countries_name, countries_iso_code_2, countries_iso_code_3, address_format_id) values ('205', 'Syrian Arab Republic', 'SY', 'SYR', '1');
insert into countries (countries_id, countries_name, countries_iso_code_2, countries_iso_code_3, address_format_id) values ('206', 'Taiwan', 'TW', 'TWN', '1');
insert into countries (countries_id, countries_name, countries_iso_code_2, countries_iso_code_3, address_format_id) values ('207', 'Tajikistan', 'TJ', 'TJK', '1');
insert into countries (countries_id, countries_name, countries_iso_code_2, countries_iso_code_3, address_format_id) values ('208', 'Tanzania, United Republic of', 'TZ', 'TZA', '1');
insert into countries (countries_id, countries_name, countries_iso_code_2, countries_iso_code_3, address_format_id) values ('209', 'Thailand', 'TH', 'THA', '1');
insert into countries (countries_id, countries_name, countries_iso_code_2, countries_iso_code_3, address_format_id) values ('210', 'Togo', 'TG', 'TGO', '1');
insert into countries (countries_id, countries_name, countries_iso_code_2, countries_iso_code_3, address_format_id) values ('211', 'Tokelau', 'TK', 'TKL', '1');
insert into countries (countries_id, countries_name, countries_iso_code_2, countries_iso_code_3, address_format_id) values ('212', 'Tonga', 'TO', 'TON', '1');
insert into countries (countries_id, countries_name, countries_iso_code_2, countries_iso_code_3, address_format_id) values ('213', 'Trinidad and Tobago', 'TT', 'TTO', '1');
insert into countries (countries_id, countries_name, countries_iso_code_2, countries_iso_code_3, address_format_id) values ('214', 'Tunisia', 'TN', 'TUN', '1');
insert into countries (countries_id, countries_name, countries_iso_code_2, countries_iso_code_3, address_format_id) values ('215', 'Turkey', 'TR', 'TUR', '1');
insert into countries (countries_id, countries_name, countries_iso_code_2, countries_iso_code_3, address_format_id) values ('216', 'Turkmenistan', 'TM', 'TKM', '1');
insert into countries (countries_id, countries_name, countries_iso_code_2, countries_iso_code_3, address_format_id) values ('217', 'Turks and Caicos Islands', 'TC', 'TCA', '1');
insert into countries (countries_id, countries_name, countries_iso_code_2, countries_iso_code_3, address_format_id) values ('218', 'Tuvalu', 'TV', 'TUV', '1');
insert into countries (countries_id, countries_name, countries_iso_code_2, countries_iso_code_3, address_format_id) values ('219', 'Uganda', 'UG', 'UGA', '1');
insert into countries (countries_id, countries_name, countries_iso_code_2, countries_iso_code_3, address_format_id) values ('220', 'Ukraine', 'UA', 'UKR', '1');
insert into countries (countries_id, countries_name, countries_iso_code_2, countries_iso_code_3, address_format_id) values ('221', 'United Arab Emirates', 'AE', 'ARE', '1');
insert into countries (countries_id, countries_name, countries_iso_code_2, countries_iso_code_3, address_format_id) values ('222', 'United Kingdom', 'GB', 'GBR', '1');
insert into countries (countries_id, countries_name, countries_iso_code_2, countries_iso_code_3, address_format_id) values ('223', 'United States', 'US', 'USA', '2');
insert into countries (countries_id, countries_name, countries_iso_code_2, countries_iso_code_3, address_format_id) values ('224', 'United States Minor Outlying Islands', 'UM', 'UMI', '1');
insert into countries (countries_id, countries_name, countries_iso_code_2, countries_iso_code_3, address_format_id) values ('225', 'Uruguay', 'UY', 'URY', '1');
insert into countries (countries_id, countries_name, countries_iso_code_2, countries_iso_code_3, address_format_id) values ('226', 'Uzbekistan', 'UZ', 'UZB', '1');
insert into countries (countries_id, countries_name, countries_iso_code_2, countries_iso_code_3, address_format_id) values ('227', 'Vanuatu', 'VU', 'VUT', '1');
insert into countries (countries_id, countries_name, countries_iso_code_2, countries_iso_code_3, address_format_id) values ('228', 'Vatican City State (Holy See)', 'VA', 'VAT', '1');
insert into countries (countries_id, countries_name, countries_iso_code_2, countries_iso_code_3, address_format_id) values ('229', 'Venezuela', 'VE', 'VEN', '1');
insert into countries (countries_id, countries_name, countries_iso_code_2, countries_iso_code_3, address_format_id) values ('230', 'Viet Nam', 'VN', 'VNM', '1');
insert into countries (countries_id, countries_name, countries_iso_code_2, countries_iso_code_3, address_format_id) values ('231', 'Virgin Islands (British)', 'VG', 'VGB', '1');
insert into countries (countries_id, countries_name, countries_iso_code_2, countries_iso_code_3, address_format_id) values ('232', 'Virgin Islands (U.S.)', 'VI', 'VIR', '1');
insert into countries (countries_id, countries_name, countries_iso_code_2, countries_iso_code_3, address_format_id) values ('233', 'Wallis and Futuna Islands', 'WF', 'WLF', '1');
insert into countries (countries_id, countries_name, countries_iso_code_2, countries_iso_code_3, address_format_id) values ('234', 'Western Sahara', 'EH', 'ESH', '1');
insert into countries (countries_id, countries_name, countries_iso_code_2, countries_iso_code_3, address_format_id) values ('235', 'Yemen', 'YE', 'YEM', '1');
insert into countries (countries_id, countries_name, countries_iso_code_2, countries_iso_code_3, address_format_id) values ('236', 'Yugoslavia', 'YU', 'YUG', '1');
insert into countries (countries_id, countries_name, countries_iso_code_2, countries_iso_code_3, address_format_id) values ('237', 'Zaire', 'ZR', 'ZAR', '1');
insert into countries (countries_id, countries_name, countries_iso_code_2, countries_iso_code_3, address_format_id) values ('238', 'Zambia', 'ZM', 'ZMB', '1');
insert into countries (countries_id, countries_name, countries_iso_code_2, countries_iso_code_3, address_format_id) values ('239', 'Zimbabwe', 'ZW', 'ZWE', '1');
drop table if exists currencies;
create table currencies (
  currencies_id int(11) not null auto_increment,
  title varchar(32) not null ,
  code char(3) not null ,
  symbol_left varchar(12) ,
  symbol_right varchar(12) ,
  decimal_point char(1) ,
  thousands_point char(1) ,
  decimal_places char(1) ,
  value float(13,8) ,
  last_updated datetime ,
  PRIMARY KEY (currencies_id)
);

insert into currencies (currencies_id, title, code, symbol_left, symbol_right, decimal_point, thousands_point, decimal_places, value, last_updated) values ('2', 'Euro', 'EUR', '', 'EUR', '.', ',', '2', '1.00000000', '2005-07-07 10:38:23');
drop table if exists customers;
create table customers (
  customers_id int(11) not null auto_increment,
  customers_gender char(1) not null ,
  customers_firstname varchar(32) not null ,
  customers_lastname varchar(32) not null ,
  customers_dob datetime default '0000-00-00 00:00:00' not null ,
  customers_email_address varchar(96) not null ,
  customers_default_address_id int(11) default '0' not null ,
  customers_telephone varchar(32) not null ,
  customers_fax varchar(32) ,
  customers_password varchar(40) not null ,
  customers_newsletter char(1) ,
  customers_group_id smallint(5) unsigned default '0' not null ,
  customers_group_ra enum('0','1') not null ,
  customers_payment_allowed varchar(255) not null ,
  customers_shipment_allowed varchar(255) not null ,
  PRIMARY KEY (customers_id)
);

insert into customers (customers_id, customers_gender, customers_firstname, customers_lastname, customers_dob, customers_email_address, customers_default_address_id, customers_telephone, customers_fax, customers_password, customers_newsletter, customers_group_id, customers_group_ra, customers_payment_allowed, customers_shipment_allowed) values ('197', 'f', 'MAITE', 'LEJARZA OLANO', '1960-09-13 00:00:00', 'detallesbalmaseda@hotmail.com', '207', '946800263', '', '7cb32a33dc2515df179e7d87dda02eab:8d', '', '2', '1', '', '');
insert into customers (customers_id, customers_gender, customers_firstname, customers_lastname, customers_dob, customers_email_address, customers_default_address_id, customers_telephone, customers_fax, customers_password, customers_newsletter, customers_group_id, customers_group_ra, customers_payment_allowed, customers_shipment_allowed) values ('198', 'f', 'arancha', 'vizcaya garcia', '1980-12-24 00:00:00', 'chevrola@hotmail.com', '208', '615343941', '', '46936f9af8deab7c2e3e92389c268001:21', '1', '3', '1', '', '');
insert into customers (customers_id, customers_gender, customers_firstname, customers_lastname, customers_dob, customers_email_address, customers_default_address_id, customers_telephone, customers_fax, customers_password, customers_newsletter, customers_group_id, customers_group_ra, customers_payment_allowed, customers_shipment_allowed) values ('125', 'm', 'Cristian', 'de Diego', '1983-05-10 00:00:00', 'maslet@maslet.com', '135', '969691366', '', '7fc47b79c910b97d5b2bb5080921249f:49', '', '3', '1', '', '');
insert into customers (customers_id, customers_gender, customers_firstname, customers_lastname, customers_dob, customers_email_address, customers_default_address_id, customers_telephone, customers_fax, customers_password, customers_newsletter, customers_group_id, customers_group_ra, customers_payment_allowed, customers_shipment_allowed) values ('123', 'f', 'Isabel Mª', 'González Delgado', '1975-08-21 00:00:00', 'isabel-gd32@hotmail.com', '133', '950301215', '', '2c3c401c1366a8a655386c39a54bef8e:72', '1', '2', '0', '', '');
insert into customers (customers_id, customers_gender, customers_firstname, customers_lastname, customers_dob, customers_email_address, customers_default_address_id, customers_telephone, customers_fax, customers_password, customers_newsletter, customers_group_id, customers_group_ra, customers_payment_allowed, customers_shipment_allowed) values ('124', 'm', 'javier', 'navas guerreo', '1970-04-06 00:00:00', 'imasdrute@hotmail.com', '134', '680124343', '', '1cea68ed519739ad4597e7a368683fe7:9c', '0', '1', '0', '', '');
insert into customers (customers_id, customers_gender, customers_firstname, customers_lastname, customers_dob, customers_email_address, customers_default_address_id, customers_telephone, customers_fax, customers_password, customers_newsletter, customers_group_id, customers_group_ra, customers_payment_allowed, customers_shipment_allowed) values ('126', 'f', 'SONIA', 'PACHECO SANCHEZ', '1983-08-12 00:00:00', 'aranz4@hotmail.com', '136', '958327324', '', '8fc31034d3622cbc22fcd436071d8aed:89', '', '2', '1', '', '');
insert into customers (customers_id, customers_gender, customers_firstname, customers_lastname, customers_dob, customers_email_address, customers_default_address_id, customers_telephone, customers_fax, customers_password, customers_newsletter, customers_group_id, customers_group_ra, customers_payment_allowed, customers_shipment_allowed) values ('127', 'f', 'belen', 'barrera cabanes', '1972-08-28 00:00:00', 'ivan23fvelo@hotmail.com', '137', '980600077', '', '3dd011e2358cd7c6ac8b8ec486bfb157:d4', '', '2', '1', '', '');
insert into customers (customers_id, customers_gender, customers_firstname, customers_lastname, customers_dob, customers_email_address, customers_default_address_id, customers_telephone, customers_fax, customers_password, customers_newsletter, customers_group_id, customers_group_ra, customers_payment_allowed, customers_shipment_allowed) values ('128', 'f', 'Maria del Pilar', 'Hernandez Garcia', '1972-07-09 00:00:00', 'vogue998@hotmail.com', '138', '922552421', '', '1c8d3e68721da955a36b934054162ec6:63', '1', '2', '1', '', '');
insert into customers (customers_id, customers_gender, customers_firstname, customers_lastname, customers_dob, customers_email_address, customers_default_address_id, customers_telephone, customers_fax, customers_password, customers_newsletter, customers_group_id, customers_group_ra, customers_payment_allowed, customers_shipment_allowed) values ('129', 'f', 'AMAIA', 'TRUEBA VICENTE', '1973-02-12 00:00:00', 'michel_amaia@hotmail.com', '139', '943578817', '', 'b7a0a8ab693ac8741c8c3d3c04f1e61f:51', '1', '2', '1', '', '');
insert into customers (customers_id, customers_gender, customers_firstname, customers_lastname, customers_dob, customers_email_address, customers_default_address_id, customers_telephone, customers_fax, customers_password, customers_newsletter, customers_group_id, customers_group_ra, customers_payment_allowed, customers_shipment_allowed) values ('130', 'f', 'elena', 'galvez romero', '1973-12-25 00:00:00', 'elenagalvezromero@msn.com', '140', '958558708', '', '8c198d93a958a5f2c8f8a9756f2b64db:aa', '1', '2', '1', '', '');
insert into customers (customers_id, customers_gender, customers_firstname, customers_lastname, customers_dob, customers_email_address, customers_default_address_id, customers_telephone, customers_fax, customers_password, customers_newsletter, customers_group_id, customers_group_ra, customers_payment_allowed, customers_shipment_allowed) values ('131', 'f', 'Eva María', 'Dosil Tomé', '1975-12-27 00:00:00', 'naluacomplementos@yahoo.es', '141', '981 584 364', '', '7d233815b5404053a2187b71da932273:58', '', '2', '1', '', '');
insert into customers (customers_id, customers_gender, customers_firstname, customers_lastname, customers_dob, customers_email_address, customers_default_address_id, customers_telephone, customers_fax, customers_password, customers_newsletter, customers_group_id, customers_group_ra, customers_payment_allowed, customers_shipment_allowed) values ('132', 'f', 'maria teresa', 'miralles botella', '1963-02-17 00:00:00', 'teresamnalicante@yahoo.es', '142', '965170383', '', '6449ecba0020578102e4dec7261a7152:57', '1', '2', '1', '', '');
insert into customers (customers_id, customers_gender, customers_firstname, customers_lastname, customers_dob, customers_email_address, customers_default_address_id, customers_telephone, customers_fax, customers_password, customers_newsletter, customers_group_id, customers_group_ra, customers_payment_allowed, customers_shipment_allowed) values ('133', 'm', 'Emilio', 'Lucia Ballester', '1971-01-03 00:00:00', 'villatienda@hotmail.com', '143', '985891940', '', 'e6003654badd4ca9b0b93b7a3444c8e3:f4', '', '2', '1', '', '');
insert into customers (customers_id, customers_gender, customers_firstname, customers_lastname, customers_dob, customers_email_address, customers_default_address_id, customers_telephone, customers_fax, customers_password, customers_newsletter, customers_group_id, customers_group_ra, customers_payment_allowed, customers_shipment_allowed) values ('134', 'f', 'MARIA ISABEL', 'NAVARRO NAVARRO', '1973-03-01 00:00:00', 'isabel@acerico.es', '144', '918115937', '918115937', 'e7f9da5760f986f4b489cf15e577b2da:90', '', '2', '0', '', '');
insert into customers (customers_id, customers_gender, customers_firstname, customers_lastname, customers_dob, customers_email_address, customers_default_address_id, customers_telephone, customers_fax, customers_password, customers_newsletter, customers_group_id, customers_group_ra, customers_payment_allowed, customers_shipment_allowed) values ('135', 'f', 'MARISOL', 'MACIAS PEREZ', '1971-09-26 00:00:00', 'maciasmarisol@hotmail.com', '145', '96 378 85 29', '', '596eb52075a0856b8f9b552a6efdbdc7:39', '', '2', '1', '', '');
insert into customers (customers_id, customers_gender, customers_firstname, customers_lastname, customers_dob, customers_email_address, customers_default_address_id, customers_telephone, customers_fax, customers_password, customers_newsletter, customers_group_id, customers_group_ra, customers_payment_allowed, customers_shipment_allowed) values ('136', 'f', 'marga', 'CASANOVA GARRIGOS', '1969-12-02 00:00:00', 'elialcentre@hotmail.com', '146', '977487732', '977487732', '0807e93e277b39ad817cbdc322ae66ff:d5', '1', '2', '1', '', '');
insert into customers (customers_id, customers_gender, customers_firstname, customers_lastname, customers_dob, customers_email_address, customers_default_address_id, customers_telephone, customers_fax, customers_password, customers_newsletter, customers_group_id, customers_group_ra, customers_payment_allowed, customers_shipment_allowed) values ('137', 'f', 'ANA BELEN', 'ARRAZOLA SANCHEZ', '1971-03-28 00:00:00', 'ANABEAS71@HOTMAIL.COM', '147', '635025030', '', 'a49fe10a974aa8f7e7e972181e9fdd72:97', '', '2', '1', '', '');
insert into customers (customers_id, customers_gender, customers_firstname, customers_lastname, customers_dob, customers_email_address, customers_default_address_id, customers_telephone, customers_fax, customers_password, customers_newsletter, customers_group_id, customers_group_ra, customers_payment_allowed, customers_shipment_allowed) values ('138', 'f', 'AMPARO', 'GIMENO TAMARIT', '1963-11-12 00:00:00', 'amparo-gimeno@hotmail.com', '148', '605256462', '', '6df047f0a6608e7f888b8977c3a07b1f:3c', '', '2', '1', '', '');
insert into customers (customers_id, customers_gender, customers_firstname, customers_lastname, customers_dob, customers_email_address, customers_default_address_id, customers_telephone, customers_fax, customers_password, customers_newsletter, customers_group_id, customers_group_ra, customers_payment_allowed, customers_shipment_allowed) values ('139', 'f', 'INES MARIA', 'GARCIA BELTRAN', '1973-09-04 00:00:00', 'irby35@hotmail.com', '149', '609516635', '924866151', 'a254d1c8a481f1dd0b459c28d4a151f6:24', '1', '2', '1', '', '');
insert into customers (customers_id, customers_gender, customers_firstname, customers_lastname, customers_dob, customers_email_address, customers_default_address_id, customers_telephone, customers_fax, customers_password, customers_newsletter, customers_group_id, customers_group_ra, customers_payment_allowed, customers_shipment_allowed) values ('140', 'f', 'Manuela', 'Ruiz', '1960-10-26 00:00:00', 'emaruvi@hotmail.com', '150', '661464392', '', '87d5c5be0d5e35a1de22e3d06f12a80c:2b', '1', '3', '1', '', '');
insert into customers (customers_id, customers_gender, customers_firstname, customers_lastname, customers_dob, customers_email_address, customers_default_address_id, customers_telephone, customers_fax, customers_password, customers_newsletter, customers_group_id, customers_group_ra, customers_payment_allowed, customers_shipment_allowed) values ('141', 'f', 'CRISTINA', 'CALAFAT CABRERA', '1981-05-14 00:00:00', 'cristinacalafat@hotmail.com', '151', '665365999', '', '528afe5f3cc457fca4611fd35343c533:6b', '1', '2', '1', '', '');
insert into customers (customers_id, customers_gender, customers_firstname, customers_lastname, customers_dob, customers_email_address, customers_default_address_id, customers_telephone, customers_fax, customers_password, customers_newsletter, customers_group_id, customers_group_ra, customers_payment_allowed, customers_shipment_allowed) values ('142', 'f', 'barbara', 'borrmann gonzalez', '1973-05-28 00:00:00', 'actualcomplementos@hotmail.com', '152', '986305245', '986305245', '22c0f5ac0a5c24aebb8fe11bd69c33db:bc', '', '2', '1', '', '');
insert into customers (customers_id, customers_gender, customers_firstname, customers_lastname, customers_dob, customers_email_address, customers_default_address_id, customers_telephone, customers_fax, customers_password, customers_newsletter, customers_group_id, customers_group_ra, customers_payment_allowed, customers_shipment_allowed) values ('143', 'm', 'antonio', 'pino ponferrada', '1953-06-18 00:00:00', 'caprichostini@telefonica.net', '153', '957291031', '957291031', '3bfe74e44ad7e33bdefc3a6498f961fa:6f', '1', '2', '1', '', '');
insert into customers (customers_id, customers_gender, customers_firstname, customers_lastname, customers_dob, customers_email_address, customers_default_address_id, customers_telephone, customers_fax, customers_password, customers_newsletter, customers_group_id, customers_group_ra, customers_payment_allowed, customers_shipment_allowed) values ('144', 'f', 'malgorzata', 'kaszubowska', '1979-02-22 00:00:00', 'margarita@friman2005.com', '154', '951965134', '951965134', '638e250f4830cbfa2147c5574e9b31ae:e4', '1', '3', '1', '', '');
insert into customers (customers_id, customers_gender, customers_firstname, customers_lastname, customers_dob, customers_email_address, customers_default_address_id, customers_telephone, customers_fax, customers_password, customers_newsletter, customers_group_id, customers_group_ra, customers_payment_allowed, customers_shipment_allowed) values ('145', 'f', 'Almudena', 'Pascual Palomar', '1973-11-26 00:00:00', 'PAPELERIA-NURIA@terra.es', '155', '975 36 02 21', '975 36 02 21', 'cfe359cbab9b394e11c0929ecbbe7295:86', '1', '2', '1', '', '');
insert into customers (customers_id, customers_gender, customers_firstname, customers_lastname, customers_dob, customers_email_address, customers_default_address_id, customers_telephone, customers_fax, customers_password, customers_newsletter, customers_group_id, customers_group_ra, customers_payment_allowed, customers_shipment_allowed) values ('146', 'f', 'pili', 'rodrigo', '1982-03-21 00:00:00', 'raul.pili@hotmail.com', '156', '670 73 04 34', '', '1cef984590b57c4500cdb37b11dbe6f6:1b', '', '1', '0', '', '');
insert into customers (customers_id, customers_gender, customers_firstname, customers_lastname, customers_dob, customers_email_address, customers_default_address_id, customers_telephone, customers_fax, customers_password, customers_newsletter, customers_group_id, customers_group_ra, customers_payment_allowed, customers_shipment_allowed) values ('147', 'f', 'maria isabel', 'guerrero baena', '1972-05-18 00:00:00', 'maripita5@hotmail.com', '157', '630124109', '', '9d1cf4c2e8a0d506de352d0c3943bd29:51', '1', '2', '1', '', '');
insert into customers (customers_id, customers_gender, customers_firstname, customers_lastname, customers_dob, customers_email_address, customers_default_address_id, customers_telephone, customers_fax, customers_password, customers_newsletter, customers_group_id, customers_group_ra, customers_payment_allowed, customers_shipment_allowed) values ('148', 'f', 'ARANZAZU', 'CANTOS MAQUEDA', '1985-01-02 00:00:00', 'ELBODEGA21@HOTMAIL.COM', '158', '677661121', '', '3110a35f0120c3a2840626f0090e13cf:79', '1', '2', '1', '', '');
insert into customers (customers_id, customers_gender, customers_firstname, customers_lastname, customers_dob, customers_email_address, customers_default_address_id, customers_telephone, customers_fax, customers_password, customers_newsletter, customers_group_id, customers_group_ra, customers_payment_allowed, customers_shipment_allowed) values ('149', 'f', 'Pilar', 'Ellston', '1972-10-04 00:00:00', 'pilellston@hotmail.com', '159', '955725783', '', 'd4d59fc3e1bca1c1070002af981e1f64:70', '', '2', '1', '', '');
insert into customers (customers_id, customers_gender, customers_firstname, customers_lastname, customers_dob, customers_email_address, customers_default_address_id, customers_telephone, customers_fax, customers_password, customers_newsletter, customers_group_id, customers_group_ra, customers_payment_allowed, customers_shipment_allowed) values ('150', 'f', 'petra', 'corona sanchez', '1957-12-16 00:00:00', 'camperillos@hotmail.com', '160', '956704556', '', '82dfaced96953f9685c65b00d6f4c7a0:5a', '', '2', '1', '', '');
insert into customers (customers_id, customers_gender, customers_firstname, customers_lastname, customers_dob, customers_email_address, customers_default_address_id, customers_telephone, customers_fax, customers_password, customers_newsletter, customers_group_id, customers_group_ra, customers_payment_allowed, customers_shipment_allowed) values ('151', 'f', 'marian', 'diez', '1971-05-25 00:00:00', 'marianmerlin@hotmail.com', '161', '971303212', '', 'dd514f028c232b839fac77f39eb0b90b:0b', '1', '2', '1', '', '');
insert into customers (customers_id, customers_gender, customers_firstname, customers_lastname, customers_dob, customers_email_address, customers_default_address_id, customers_telephone, customers_fax, customers_password, customers_newsletter, customers_group_id, customers_group_ra, customers_payment_allowed, customers_shipment_allowed) values ('152', 'f', 'Tania', 'Moraleda Escolano', '1976-11-16 00:00:00', 'matamoes@hotmail.com', '162', '971328249', '971321530', '54ee1cad7012183ac84ec28d18573885:85', '1', '2', '1', '', '');
insert into customers (customers_id, customers_gender, customers_firstname, customers_lastname, customers_dob, customers_email_address, customers_default_address_id, customers_telephone, customers_fax, customers_password, customers_newsletter, customers_group_id, customers_group_ra, customers_payment_allowed, customers_shipment_allowed) values ('153', 'f', 'adela', 'joyera garcia', '1977-10-17 00:00:00', 'albenisport@hotmail.com', '163', '985515126', '985515126', 'fc87a242847c636ba5a6e786d0d0a195:1f', '1', '2', '1', '', '');
insert into customers (customers_id, customers_gender, customers_firstname, customers_lastname, customers_dob, customers_email_address, customers_default_address_id, customers_telephone, customers_fax, customers_password, customers_newsletter, customers_group_id, customers_group_ra, customers_payment_allowed, customers_shipment_allowed) values ('154', 'f', 'encina', 'arrazuria ureta', '1970-07-22 00:00:00', 'regalosartea@hotmail.com', '164', '605727057', '', '236a8aebd1a193c5341f0d2b3d886cec:db', '', '2', '1', '', '');
insert into customers (customers_id, customers_gender, customers_firstname, customers_lastname, customers_dob, customers_email_address, customers_default_address_id, customers_telephone, customers_fax, customers_password, customers_newsletter, customers_group_id, customers_group_ra, customers_payment_allowed, customers_shipment_allowed) values ('155', 'f', 'silvia', 'limones flores', '1975-06-20 00:00:00', 'silvialimones@hotmail.com', '165', '937339497', '', 'fa6ffc42ffb808aba4991ad078ab569e:a5', '1', '2', '1', '', '');
insert into customers (customers_id, customers_gender, customers_firstname, customers_lastname, customers_dob, customers_email_address, customers_default_address_id, customers_telephone, customers_fax, customers_password, customers_newsletter, customers_group_id, customers_group_ra, customers_payment_allowed, customers_shipment_allowed) values ('156', 'f', 'Luisa', 'Pérez González', '1961-07-15 00:00:00', 'alabez@hotmail.com', '166', '950 472929', '', 'b05788e7e4e59038469adf5be6a8f930:82', '', '2', '1', '', '');
insert into customers (customers_id, customers_gender, customers_firstname, customers_lastname, customers_dob, customers_email_address, customers_default_address_id, customers_telephone, customers_fax, customers_password, customers_newsletter, customers_group_id, customers_group_ra, customers_payment_allowed, customers_shipment_allowed) values ('157', 'f', 'Miriam', 'Frasnedo Alonso', '1979-11-28 00:00:00', 'mfrasnedo@terra.com', '167', '686566361', '', '66521ced25c166ea4584333fba8bf218:73', '1', '2', '1', '', '');
insert into customers (customers_id, customers_gender, customers_firstname, customers_lastname, customers_dob, customers_email_address, customers_default_address_id, customers_telephone, customers_fax, customers_password, customers_newsletter, customers_group_id, customers_group_ra, customers_payment_allowed, customers_shipment_allowed) values ('158', 'f', 'MAria Jesus', 'Gandara Pena', '1972-12-18 00:00:00', 'chuspicking@terra.es', '168', '617127703', '', 'c4e90d8262394fcf53075b72a73a3b85:24', '', '1', '0', '', '');
insert into customers (customers_id, customers_gender, customers_firstname, customers_lastname, customers_dob, customers_email_address, customers_default_address_id, customers_telephone, customers_fax, customers_password, customers_newsletter, customers_group_id, customers_group_ra, customers_payment_allowed, customers_shipment_allowed) values ('159', 'f', 'PILAR', 'HERNANDEZ DELGADO', '1966-10-04 00:00:00', 'dacord2007@hotmail.com', '169', '956287325', '', '9025f84421748b7a3ea5f5dbec727958:a4', '1', '2', '1', '', '');
insert into customers (customers_id, customers_gender, customers_firstname, customers_lastname, customers_dob, customers_email_address, customers_default_address_id, customers_telephone, customers_fax, customers_password, customers_newsletter, customers_group_id, customers_group_ra, customers_payment_allowed, customers_shipment_allowed) values ('160', 'f', 'VISI', 'SAURA MARTIN', '1968-03-12 00:00:00', 'VISIMILIO@HOTMAIL.COM', '170', '964590065', '', '71752b99e9004b0e713ec8f3c1113d27:85', '1', '2', '1', '', '');
insert into customers (customers_id, customers_gender, customers_firstname, customers_lastname, customers_dob, customers_email_address, customers_default_address_id, customers_telephone, customers_fax, customers_password, customers_newsletter, customers_group_id, customers_group_ra, customers_payment_allowed, customers_shipment_allowed) values ('161', 'f', 'Carolina', 'Molaro Rodriguez', '1979-08-30 00:00:00', 'amolaro@mixmail.com', '171', '966806872', '', '3d8683762e103194cdcb2dc93d44da3d:94', '1', '3', '1', '', '');
insert into customers (customers_id, customers_gender, customers_firstname, customers_lastname, customers_dob, customers_email_address, customers_default_address_id, customers_telephone, customers_fax, customers_password, customers_newsletter, customers_group_id, customers_group_ra, customers_payment_allowed, customers_shipment_allowed) values ('162', 'f', 'raquel', 'sanchez sanchez', '1975-04-19 00:00:00', 'raquelss_14@hotmail.com', '172', '656910005', '', '70f65f785b9032c2d5f8a890b2642813:fe', '', '3', '1', '', '');
insert into customers (customers_id, customers_gender, customers_firstname, customers_lastname, customers_dob, customers_email_address, customers_default_address_id, customers_telephone, customers_fax, customers_password, customers_newsletter, customers_group_id, customers_group_ra, customers_payment_allowed, customers_shipment_allowed) values ('163', 'f', 'M Carmen', 'Moreno Ramirez', '1981-07-18 00:00:00', 'novamanme05@hotmail.com', '173', '956536406', '', '40e5e6c626fb9cad47a6b2cc8b10eb9a:b2', '1', '2', '1', '', '');
insert into customers (customers_id, customers_gender, customers_firstname, customers_lastname, customers_dob, customers_email_address, customers_default_address_id, customers_telephone, customers_fax, customers_password, customers_newsletter, customers_group_id, customers_group_ra, customers_payment_allowed, customers_shipment_allowed) values ('164', 'f', 'antonia', 'reyes casado', '1971-11-29 00:00:00', 'lasanre@hotmail.com', '174', '937179445', '', '56050688246e6d5ffb2d9ba7437c5ac7:a6', '1', '2', '1', '', '');
insert into customers (customers_id, customers_gender, customers_firstname, customers_lastname, customers_dob, customers_email_address, customers_default_address_id, customers_telephone, customers_fax, customers_password, customers_newsletter, customers_group_id, customers_group_ra, customers_payment_allowed, customers_shipment_allowed) values ('165', 'm', 'francisco', 'sanchez martinez', '1973-06-06 00:00:00', 'alumecscp@hotmail.com', '175', '661892325', '', '18f29c5ad30d9142483e3d98c230a3b8:01', '', '1', '0', '', '');
insert into customers (customers_id, customers_gender, customers_firstname, customers_lastname, customers_dob, customers_email_address, customers_default_address_id, customers_telephone, customers_fax, customers_password, customers_newsletter, customers_group_id, customers_group_ra, customers_payment_allowed, customers_shipment_allowed) values ('166', 'f', 'ana belen', 'barredo fernandez', '1974-08-24 00:00:00', 'angeljordanv@hotmail.com', '176', '646436926', '', '31079bd809824a8db49dbcac421fa7d8:71', '', '3', '1', '', '');
insert into customers (customers_id, customers_gender, customers_firstname, customers_lastname, customers_dob, customers_email_address, customers_default_address_id, customers_telephone, customers_fax, customers_password, customers_newsletter, customers_group_id, customers_group_ra, customers_payment_allowed, customers_shipment_allowed) values ('167', 'f', 'patricia', 'goienetxea suarez', '1980-07-10 00:00:00', 'patricia_sorginzulo@yahoo.es', '177', '946881044', '', '15e964c6dc0f3b3a94c03a5a24a97aaa:46', '', '2', '1', '', '');
insert into customers (customers_id, customers_gender, customers_firstname, customers_lastname, customers_dob, customers_email_address, customers_default_address_id, customers_telephone, customers_fax, customers_password, customers_newsletter, customers_group_id, customers_group_ra, customers_payment_allowed, customers_shipment_allowed) values ('168', 'm', 'JOSE', 'LABORDA ALCALA', '1963-08-23 00:00:00', 'ecomenajelaborda@hotmail.com', '178', '952841466', '', 'cd17fb2de5706a49b58abb02029349a3:58', '', '2', '0', '', '');
insert into customers (customers_id, customers_gender, customers_firstname, customers_lastname, customers_dob, customers_email_address, customers_default_address_id, customers_telephone, customers_fax, customers_password, customers_newsletter, customers_group_id, customers_group_ra, customers_payment_allowed, customers_shipment_allowed) values ('169', 'f', 'Nuria', 'Camps Valero', '1974-08-27 00:00:00', 'lleiz_2003@hotmail.com', '179', '620348770', '', '87bd6b7d4550ac3efbeed1d86d334ac6:25', '1', '2', '1', '', '');
insert into customers (customers_id, customers_gender, customers_firstname, customers_lastname, customers_dob, customers_email_address, customers_default_address_id, customers_telephone, customers_fax, customers_password, customers_newsletter, customers_group_id, customers_group_ra, customers_payment_allowed, customers_shipment_allowed) values ('170', 'f', 'rosamaria', 'gonzalez poyatos', '1971-03-16 00:00:00', 'rovicarla@hotmail.com', '180', '973777529', '', '5be6a556dc509e0dbb05148f18077be3:6d', '1', '2', '1', '', '');
insert into customers (customers_id, customers_gender, customers_firstname, customers_lastname, customers_dob, customers_email_address, customers_default_address_id, customers_telephone, customers_fax, customers_password, customers_newsletter, customers_group_id, customers_group_ra, customers_payment_allowed, customers_shipment_allowed) values ('171', 'f', 'Francisca', 'Míguez Nuñez', '1963-10-04 00:00:00', 'conchimiguez@hotmail.com', '181', '600826451', '', 'c501878012b27d3cef94fe4e0f51f0df:81', '1', '2', '1', '', '');
insert into customers (customers_id, customers_gender, customers_firstname, customers_lastname, customers_dob, customers_email_address, customers_default_address_id, customers_telephone, customers_fax, customers_password, customers_newsletter, customers_group_id, customers_group_ra, customers_payment_allowed, customers_shipment_allowed) values ('172', 'f', 'alicia', 'gonzalo vicente', '1973-03-21 00:00:00', 'aliciagonzalo@yahoo.es', '182', '923500264', '923500264', '4888eab19e23382630265e00cdddfffa:b5', '1', '2', '1', '', '');
insert into customers (customers_id, customers_gender, customers_firstname, customers_lastname, customers_dob, customers_email_address, customers_default_address_id, customers_telephone, customers_fax, customers_password, customers_newsletter, customers_group_id, customers_group_ra, customers_payment_allowed, customers_shipment_allowed) values ('173', 'f', 'sonia', 'sanchez hernandez', '1978-05-23 00:00:00', 'soniagilton@hotmail.com', '183', '923288021', '', '5a988775f8349f3775b0b16a5b16f098:f7', '', '2', '1', '', '');
insert into customers (customers_id, customers_gender, customers_firstname, customers_lastname, customers_dob, customers_email_address, customers_default_address_id, customers_telephone, customers_fax, customers_password, customers_newsletter, customers_group_id, customers_group_ra, customers_payment_allowed, customers_shipment_allowed) values ('174', 'f', 'lorena', 'vidal lopez', '1986-08-28 00:00:00', 'la_lore_muxa_fiesta@hotmail.com', '184', '685880791', '', '868b01892da1eade2fe40cf290c62539:ee', '', '3', '1', '', '');
insert into customers (customers_id, customers_gender, customers_firstname, customers_lastname, customers_dob, customers_email_address, customers_default_address_id, customers_telephone, customers_fax, customers_password, customers_newsletter, customers_group_id, customers_group_ra, customers_payment_allowed, customers_shipment_allowed) values ('175', 'f', 'virginia', 'Campos Rocha', '1973-10-06 00:00:00', 'decoralba@wanadoo.es', '185', '979870218', '', '1c6d3ba3c438a701ec44db51bb0097b8:57', '1', '2', '1', '', '');
insert into customers (customers_id, customers_gender, customers_firstname, customers_lastname, customers_dob, customers_email_address, customers_default_address_id, customers_telephone, customers_fax, customers_password, customers_newsletter, customers_group_id, customers_group_ra, customers_payment_allowed, customers_shipment_allowed) values ('176', 'f', 'loli', 'garcia sanchez', '1980-07-08 00:00:00', 'marqueza003@hotmail.com', '186', '954012945', '954012945', '8e2e0ba7a0ff7a79bcb4ef6f3fdc0260:d8', '1', '2', '1', '', '');
insert into customers (customers_id, customers_gender, customers_firstname, customers_lastname, customers_dob, customers_email_address, customers_default_address_id, customers_telephone, customers_fax, customers_password, customers_newsletter, customers_group_id, customers_group_ra, customers_payment_allowed, customers_shipment_allowed) values ('177', 'f', 'palma', 'abas boquera', '1973-10-16 00:00:00', 'palmaabas@gmail.com', '187', '977493138', '', '1df95627cbd05447770b050d84480fa9:f7', '', '1', '0', '', '');
insert into customers (customers_id, customers_gender, customers_firstname, customers_lastname, customers_dob, customers_email_address, customers_default_address_id, customers_telephone, customers_fax, customers_password, customers_newsletter, customers_group_id, customers_group_ra, customers_payment_allowed, customers_shipment_allowed) values ('178', 'f', 'irene', 'blanco suarez', '1978-06-04 00:00:00', 'irekliss@hotmail.com', '188', '606427714', '', '813f1aaa3bcf7e24969c98e0dadac3a3:41', '1', '2', '1', '', '');
insert into customers (customers_id, customers_gender, customers_firstname, customers_lastname, customers_dob, customers_email_address, customers_default_address_id, customers_telephone, customers_fax, customers_password, customers_newsletter, customers_group_id, customers_group_ra, customers_payment_allowed, customers_shipment_allowed) values ('179', 'f', 'Gloria', 'Muñoz Gelo', '1984-04-23 00:00:00', 'manugelo@hotmail.com', '189', '954 110 233', '', '1787e827546027f8e6d3fe662fa8774b:5e', '', '2', '0', '', '');
insert into customers (customers_id, customers_gender, customers_firstname, customers_lastname, customers_dob, customers_email_address, customers_default_address_id, customers_telephone, customers_fax, customers_password, customers_newsletter, customers_group_id, customers_group_ra, customers_payment_allowed, customers_shipment_allowed) values ('180', 'f', 'esther', 'roca borras', '1984-08-06 00:00:00', 'tienda_venus@hotmail.es', '190', '699876214', '', '2e87953e59c2c4ae7079aa5ea51ff51a:61', '1', '2', '1', '', '');
insert into customers (customers_id, customers_gender, customers_firstname, customers_lastname, customers_dob, customers_email_address, customers_default_address_id, customers_telephone, customers_fax, customers_password, customers_newsletter, customers_group_id, customers_group_ra, customers_payment_allowed, customers_shipment_allowed) values ('181', 'f', 'sonia', 'bergada puigpinos', '1974-06-06 00:00:00', 'soniabergada@hotmail.com', '191', '617575057', '', 'c55771f2b796b0b8809e4231bf454a12:a3', '1', '3', '1', '', '');
insert into customers (customers_id, customers_gender, customers_firstname, customers_lastname, customers_dob, customers_email_address, customers_default_address_id, customers_telephone, customers_fax, customers_password, customers_newsletter, customers_group_id, customers_group_ra, customers_payment_allowed, customers_shipment_allowed) values ('182', 'm', 'FRANCISCO JOSE', 'RUIZ DIAZ', '1986-09-20 00:00:00', 'ANA20ALM@HOTMAIL.COM', '192', '950130747', '950130747', 'c9d5b95079a64487daa15c464944f8af:c9', '', '2', '1', '', '');
insert into customers (customers_id, customers_gender, customers_firstname, customers_lastname, customers_dob, customers_email_address, customers_default_address_id, customers_telephone, customers_fax, customers_password, customers_newsletter, customers_group_id, customers_group_ra, customers_payment_allowed, customers_shipment_allowed) values ('183', 'm', 'javier', 'BARROS OTERO', '1964-05-09 00:00:00', 'lametrovideoclub@hotmail.com', '193', '686.926254', '986691476', '627400ab22121e7fea64111fa7cd5cde:a5', '1', '3', '1', '', '');
insert into customers (customers_id, customers_gender, customers_firstname, customers_lastname, customers_dob, customers_email_address, customers_default_address_id, customers_telephone, customers_fax, customers_password, customers_newsletter, customers_group_id, customers_group_ra, customers_payment_allowed, customers_shipment_allowed) values ('184', 'm', 'VIDAL', 'NAVAS CARRASCO', '1961-12-17 00:00:00', 'VIDALNAVAS@terra.es', '194', '957519056', '957519056', 'a781b2b90518d2c27fb2642d28ea7295:03', '1', '3', '1', '', '');
insert into customers (customers_id, customers_gender, customers_firstname, customers_lastname, customers_dob, customers_email_address, customers_default_address_id, customers_telephone, customers_fax, customers_password, customers_newsletter, customers_group_id, customers_group_ra, customers_payment_allowed, customers_shipment_allowed) values ('185', 'f', 'maria francisca', 'cano lozano', '1971-02-05 00:00:00', 'gal-la@hotmail.com', '195', '977380795', '', '71e90137161774f20fad6730d5a90efd:9d', '', '2', '1', '', '');
insert into customers (customers_id, customers_gender, customers_firstname, customers_lastname, customers_dob, customers_email_address, customers_default_address_id, customers_telephone, customers_fax, customers_password, customers_newsletter, customers_group_id, customers_group_ra, customers_payment_allowed, customers_shipment_allowed) values ('186', 'f', 'PAQUI', 'DEFEZ RUIZ', '1973-12-27 00:00:00', 'paquiboli3@hotmail.com', '196', '600671633', '', '8384c6b2af888a4ca1431d62fb3cde2a:f5', '1', '2', '1', '', '');
insert into customers (customers_id, customers_gender, customers_firstname, customers_lastname, customers_dob, customers_email_address, customers_default_address_id, customers_telephone, customers_fax, customers_password, customers_newsletter, customers_group_id, customers_group_ra, customers_payment_allowed, customers_shipment_allowed) values ('187', 'f', 'marisol', 'titos calvillo', '1979-11-26 00:00:00', 'marititos444@hotmail.com', '197', '937833612', '', 'f5b26210b390301fa08a39f27a1ef674:84', '1', '2', '1', '', '');
insert into customers (customers_id, customers_gender, customers_firstname, customers_lastname, customers_dob, customers_email_address, customers_default_address_id, customers_telephone, customers_fax, customers_password, customers_newsletter, customers_group_id, customers_group_ra, customers_payment_allowed, customers_shipment_allowed) values ('188', 'f', 'MªCarmen', 'Camps Espejo', '1969-04-06 00:00:00', 'cycpasapas@gmail.com', '198', '935742031', '935742031', '41aacf6153fe6df5b2ee7430a941b869:c1', '1', '2', '1', '', '');
insert into customers (customers_id, customers_gender, customers_firstname, customers_lastname, customers_dob, customers_email_address, customers_default_address_id, customers_telephone, customers_fax, customers_password, customers_newsletter, customers_group_id, customers_group_ra, customers_payment_allowed, customers_shipment_allowed) values ('189', 'f', 'paola', 'iglesias piqueras', '1979-04-28 00:00:00', 'alabama28_@hotmail.com', '199', '617689797', '', 'df07294f5672091b66ea57af5eecb855:02', '', '2', '1', '', '');
insert into customers (customers_id, customers_gender, customers_firstname, customers_lastname, customers_dob, customers_email_address, customers_default_address_id, customers_telephone, customers_fax, customers_password, customers_newsletter, customers_group_id, customers_group_ra, customers_payment_allowed, customers_shipment_allowed) values ('190', 'f', 'silvia', 'vazquez gonzalez', '1969-12-17 00:00:00', 'si.su.ca@terra.es', '200', '981670683', '981670683', '104f7a1c4aa40ba73af25159b6ec6bfb:9a', '1', '2', '1', '', '');
insert into customers (customers_id, customers_gender, customers_firstname, customers_lastname, customers_dob, customers_email_address, customers_default_address_id, customers_telephone, customers_fax, customers_password, customers_newsletter, customers_group_id, customers_group_ra, customers_payment_allowed, customers_shipment_allowed) values ('191', 'f', 'María José', 'Mateo Gracia', '1973-02-16 00:00:00', 'mariajosemateogracia@hotmail.com', '201', '966711510', '', 'cfa339f1f2c680a84b3e42445f1fc33f:b2', '1', '2', '1', '', '');
insert into customers (customers_id, customers_gender, customers_firstname, customers_lastname, customers_dob, customers_email_address, customers_default_address_id, customers_telephone, customers_fax, customers_password, customers_newsletter, customers_group_id, customers_group_ra, customers_payment_allowed, customers_shipment_allowed) values ('192', 'f', 'Fátima', 'Andrés Rastrero', '1978-03-15 00:00:00', 'fatygorsi@hotmail.com', '202', '658818867', '', '9da41bd987fdf310d1af52692d4aacdd:93', '1', '2', '1', '', '');
insert into customers (customers_id, customers_gender, customers_firstname, customers_lastname, customers_dob, customers_email_address, customers_default_address_id, customers_telephone, customers_fax, customers_password, customers_newsletter, customers_group_id, customers_group_ra, customers_payment_allowed, customers_shipment_allowed) values ('193', 'f', 'maria del carmen', 'martinez lara', '1983-03-09 00:00:00', 'mari8d@hotmail.com', '203', '628496391', '', 'e55323f86aaedde9d8abb4d4e20f6f53:2e', '1', '2', '0', '', '');
insert into customers (customers_id, customers_gender, customers_firstname, customers_lastname, customers_dob, customers_email_address, customers_default_address_id, customers_telephone, customers_fax, customers_password, customers_newsletter, customers_group_id, customers_group_ra, customers_payment_allowed, customers_shipment_allowed) values ('194', 'f', 'MONICA', 'LIMIÑANA GALDON', '1971-09-01 00:00:00', 'info@reclamospatry.com', '204', '965431986/965441183', '965431987', '26fdeb74f8b9a138122089becb99080b:04', '1', '3', '1', '', '');
insert into customers (customers_id, customers_gender, customers_firstname, customers_lastname, customers_dob, customers_email_address, customers_default_address_id, customers_telephone, customers_fax, customers_password, customers_newsletter, customers_group_id, customers_group_ra, customers_payment_allowed, customers_shipment_allowed) values ('195', 'f', 'ana maria', 'lopez lopez', '1975-02-07 00:00:00', 'cibercafelua@gmail.com', '205', '609834396', '982533808', '485e77173085984bb20ec6cde98552b0:a6', '1', '2', '1', '', '');
insert into customers (customers_id, customers_gender, customers_firstname, customers_lastname, customers_dob, customers_email_address, customers_default_address_id, customers_telephone, customers_fax, customers_password, customers_newsletter, customers_group_id, customers_group_ra, customers_payment_allowed, customers_shipment_allowed) values ('196', 'f', 'monica', 'nicolas', '1974-05-03 00:00:00', 'regalosvainilla@gmail.com', '206', '941590233', '', '2a2a6afe4ef3c8f4679602c3ad83fc6b:4a', '1', '2', '1', '', '');
insert into customers (customers_id, customers_gender, customers_firstname, customers_lastname, customers_dob, customers_email_address, customers_default_address_id, customers_telephone, customers_fax, customers_password, customers_newsletter, customers_group_id, customers_group_ra, customers_payment_allowed, customers_shipment_allowed) values ('199', 'f', 'sonia', 'romero albalat', '1974-04-01 00:00:00', 'ainos_ro@hotmail.com', '209', '675637618', 'no tengo', 'a30f47bb46d7246c99b6a73e69aebd09:e3', '1', '2', '1', '', '');
insert into customers (customers_id, customers_gender, customers_firstname, customers_lastname, customers_dob, customers_email_address, customers_default_address_id, customers_telephone, customers_fax, customers_password, customers_newsletter, customers_group_id, customers_group_ra, customers_payment_allowed, customers_shipment_allowed) values ('200', 'f', 'Juani', 'Pividal Ruiz', '1962-03-26 00:00:00', 'juani_pividal@hotmail.com', '210', '630567750', '', '4d04edcf32f31a90788ff5bb5595cb01:9e', '', '2', '0', '', '');
insert into customers (customers_id, customers_gender, customers_firstname, customers_lastname, customers_dob, customers_email_address, customers_default_address_id, customers_telephone, customers_fax, customers_password, customers_newsletter, customers_group_id, customers_group_ra, customers_payment_allowed, customers_shipment_allowed) values ('201', 'f', 'carmen', 'c.p.', '1972-01-03 00:00:00', 'igraine31@hotmail.com', '211', '675826207', '', '24cd6c49c348157ba0fe77d42d415d1f:5b', '1', '2', '1', '', '');
insert into customers (customers_id, customers_gender, customers_firstname, customers_lastname, customers_dob, customers_email_address, customers_default_address_id, customers_telephone, customers_fax, customers_password, customers_newsletter, customers_group_id, customers_group_ra, customers_payment_allowed, customers_shipment_allowed) values ('202', 'f', 'seneida', 'medina torrejon', '1979-11-20 00:00:00', 'seneidamedinatorrejon@hotmail.com', '212', '670963813', '', 'bfad83e8569d1b9de3d6e784429ed192:b9', '1', '2', '1', '', '');
insert into customers (customers_id, customers_gender, customers_firstname, customers_lastname, customers_dob, customers_email_address, customers_default_address_id, customers_telephone, customers_fax, customers_password, customers_newsletter, customers_group_id, customers_group_ra, customers_payment_allowed, customers_shipment_allowed) values ('203', 'f', 'rosa', 'tierno ropero', '1954-07-14 00:00:00', 'rosatierno@hotmail.com', '213', '949264839', '949264839', '827cd50a63b78cd21f6b2c9843ab2ac6:b3', '1', '2', '1', '', '');
insert into customers (customers_id, customers_gender, customers_firstname, customers_lastname, customers_dob, customers_email_address, customers_default_address_id, customers_telephone, customers_fax, customers_password, customers_newsletter, customers_group_id, customers_group_ra, customers_payment_allowed, customers_shipment_allowed) values ('204', 'f', 'ana', 'GARCIA CHUECA', '1979-02-25 00:00:00', 'anagarciachueca@hotmail.com', '214', '976775602', '976775602', '6ea4936cfc20e1ffea176588478a4d71:c0', '1', '2', '1', '', '');
insert into customers (customers_id, customers_gender, customers_firstname, customers_lastname, customers_dob, customers_email_address, customers_default_address_id, customers_telephone, customers_fax, customers_password, customers_newsletter, customers_group_id, customers_group_ra, customers_payment_allowed, customers_shipment_allowed) values ('205', 'f', 'JUANA', 'BLANCO GORDO', '1961-05-06 00:00:00', 'jheary_25@hotmail.com', '215', '927515341', '', 'dea070c9d19e605e1babd99f6518d9b0:bf', '', '3', '1', '', '');
insert into customers (customers_id, customers_gender, customers_firstname, customers_lastname, customers_dob, customers_email_address, customers_default_address_id, customers_telephone, customers_fax, customers_password, customers_newsletter, customers_group_id, customers_group_ra, customers_payment_allowed, customers_shipment_allowed) values ('206', 'f', 'cristina', 'casas colomer', '1984-08-17 00:00:00', 'cris17884@hotmail.com', '216', '650508806', '', 'f4e4ae6e454210f7a46da88799be5f50:a8', '1', '2', '1', '', '');
insert into customers (customers_id, customers_gender, customers_firstname, customers_lastname, customers_dob, customers_email_address, customers_default_address_id, customers_telephone, customers_fax, customers_password, customers_newsletter, customers_group_id, customers_group_ra, customers_payment_allowed, customers_shipment_allowed) values ('207', 'f', 'Mari Luz', 'Solis Rodriguez', '1971-12-31 00:00:00', 'mluzsolis@gmail.com', '217', '962382806', '', '98770ed1f50a35483df08b644c2407e2:a8', '', '2', '0', '', '');
insert into customers (customers_id, customers_gender, customers_firstname, customers_lastname, customers_dob, customers_email_address, customers_default_address_id, customers_telephone, customers_fax, customers_password, customers_newsletter, customers_group_id, customers_group_ra, customers_payment_allowed, customers_shipment_allowed) values ('208', 'f', 'Maria Jesus', 'Gomez Marin', '1966-08-06 00:00:00', 'info@sivari.com', '218', '686479499', '968770565', '4ff387c45f49ad2b0ac98c0fbf0de9cc:4f', '', '2', '1', '', '');
insert into customers (customers_id, customers_gender, customers_firstname, customers_lastname, customers_dob, customers_email_address, customers_default_address_id, customers_telephone, customers_fax, customers_password, customers_newsletter, customers_group_id, customers_group_ra, customers_payment_allowed, customers_shipment_allowed) values ('209', 'f', 'MARIA ROSARIO', 'ROPERO LARA', '1975-02-15 00:00:00', 'rosario.ropero@lacoqueta.es', '219', '607547324', '', 'd082c6d25b8ae33f313ffd9cd052fcda:63', '', '2', '1', '', '');
insert into customers (customers_id, customers_gender, customers_firstname, customers_lastname, customers_dob, customers_email_address, customers_default_address_id, customers_telephone, customers_fax, customers_password, customers_newsletter, customers_group_id, customers_group_ra, customers_payment_allowed, customers_shipment_allowed) values ('210', 'f', 'CARMEN', 'SANJUAN', '1962-03-01 00:00:00', 'abanicomenchu@hotmail.com', '220', '983873085', '', 'dae5749ace16a198b0c5fb02be398e92:40', '1', '2', '1', '', '');
insert into customers (customers_id, customers_gender, customers_firstname, customers_lastname, customers_dob, customers_email_address, customers_default_address_id, customers_telephone, customers_fax, customers_password, customers_newsletter, customers_group_id, customers_group_ra, customers_payment_allowed, customers_shipment_allowed) values ('211', 'f', 'sonia', 'arpa retamal', '1975-05-19 00:00:00', 'pekis2007@hotmail.com', '221', '913681500', '', '7629bd1c9289a2b4967b36328cc01636:8c', '', '2', '1', '', '');
insert into customers (customers_id, customers_gender, customers_firstname, customers_lastname, customers_dob, customers_email_address, customers_default_address_id, customers_telephone, customers_fax, customers_password, customers_newsletter, customers_group_id, customers_group_ra, customers_payment_allowed, customers_shipment_allowed) values ('212', 'f', 'Rosa', 'Sánchez', '1971-07-02 00:00:00', 'garobedian@hotmail.com', '222', '923 23 33 71', '', '733b085430dc7fc2099b991364942bde:2a', '1', '2', '1', '', '');
insert into customers (customers_id, customers_gender, customers_firstname, customers_lastname, customers_dob, customers_email_address, customers_default_address_id, customers_telephone, customers_fax, customers_password, customers_newsletter, customers_group_id, customers_group_ra, customers_payment_allowed, customers_shipment_allowed) values ('213', 'f', 'beatriz', 'pastor macia', '1971-11-11 00:00:00', 'beatrizpastor5@msn.com', '223', '973556447', '', '6cfcf5ac882eb90bb515224b55138747:e1', '', '1', '0', '', '');
insert into customers (customers_id, customers_gender, customers_firstname, customers_lastname, customers_dob, customers_email_address, customers_default_address_id, customers_telephone, customers_fax, customers_password, customers_newsletter, customers_group_id, customers_group_ra, customers_payment_allowed, customers_shipment_allowed) values ('214', 'f', 'silvia', 'davo carreres', '1979-01-20 00:00:00', 'sildavo@hotmail.com', '224', '966682009', '', '65277f385f1d984d790799bc4059152b:ae', '', '3', '1', '', '');
insert into customers (customers_id, customers_gender, customers_firstname, customers_lastname, customers_dob, customers_email_address, customers_default_address_id, customers_telephone, customers_fax, customers_password, customers_newsletter, customers_group_id, customers_group_ra, customers_payment_allowed, customers_shipment_allowed) values ('215', 'm', 'sergio', 'garcia gonzalez', '1976-07-31 00:00:00', 'maria.ut@hotmail.com', '225', '610708542', '', '260b7fd2ceb8edbffc3be1839ac636ed:d9', '1', '2', '1', '', '');
insert into customers (customers_id, customers_gender, customers_firstname, customers_lastname, customers_dob, customers_email_address, customers_default_address_id, customers_telephone, customers_fax, customers_password, customers_newsletter, customers_group_id, customers_group_ra, customers_payment_allowed, customers_shipment_allowed) values ('216', 'f', 'Aurora', 'Arenas Sansaloni', '1978-03-11 00:00:00', 'aurora-toni@hotmail.com', '226', '935607683', '', 'af8eca37dcbee1cc728b9ed5f213d895:a6', '', '2', '1', '', '');
insert into customers (customers_id, customers_gender, customers_firstname, customers_lastname, customers_dob, customers_email_address, customers_default_address_id, customers_telephone, customers_fax, customers_password, customers_newsletter, customers_group_id, customers_group_ra, customers_payment_allowed, customers_shipment_allowed) values ('217', 'f', 'MARTA', 'FERNANDEZ FERNANDEZ', '1967-11-10 00:00:00', 'BLEUMAR@HOTMAIL.COM', '227', '637840245', '', 'e673fed72022754ed7b955c882b6b12f:a7', '1', '2', '1', '', '');
insert into customers (customers_id, customers_gender, customers_firstname, customers_lastname, customers_dob, customers_email_address, customers_default_address_id, customers_telephone, customers_fax, customers_password, customers_newsletter, customers_group_id, customers_group_ra, customers_payment_allowed, customers_shipment_allowed) values ('218', 'f', 'ELISABETH', 'GIMENEZ VILLAGRASA', '1963-02-08 00:00:00', 'info@digvideo.es', '228', '646054071', '935731495', '01de9f157dab422145fba32660e920c8:78', '', '2', '1', '', '');
insert into customers (customers_id, customers_gender, customers_firstname, customers_lastname, customers_dob, customers_email_address, customers_default_address_id, customers_telephone, customers_fax, customers_password, customers_newsletter, customers_group_id, customers_group_ra, customers_payment_allowed, customers_shipment_allowed) values ('219', 'f', 'rosario', 'sanchez toledano', '1966-11-08 00:00:00', 'luciadelrocio@hotmail.com', '229', '607938358', '', 'd93d1d12100551dd0ca0c3451fd75899:cf', '1', '2', '0', '', '');
insert into customers (customers_id, customers_gender, customers_firstname, customers_lastname, customers_dob, customers_email_address, customers_default_address_id, customers_telephone, customers_fax, customers_password, customers_newsletter, customers_group_id, customers_group_ra, customers_payment_allowed, customers_shipment_allowed) values ('220', 'f', 'ANGELES', 'CERVERA CORBACHO', '1966-04-14 00:00:00', 'marigelcer@hotmail.com', '230', '985241710', '', '7a328e4738ebf52af8e25461839a59d4:42', '', '2', '1', '', '');
insert into customers (customers_id, customers_gender, customers_firstname, customers_lastname, customers_dob, customers_email_address, customers_default_address_id, customers_telephone, customers_fax, customers_password, customers_newsletter, customers_group_id, customers_group_ra, customers_payment_allowed, customers_shipment_allowed) values ('221', 'f', 'ANGELA', 'MACIA', '1965-12-22 00:00:00', 'FZAMBRANOGOMEZ@GMAIL.COM', '231', '608837289', '', 'd5909e7d4b5b45ded84d1c974b90fcc3:19', '', '2', '0', '', '');
insert into customers (customers_id, customers_gender, customers_firstname, customers_lastname, customers_dob, customers_email_address, customers_default_address_id, customers_telephone, customers_fax, customers_password, customers_newsletter, customers_group_id, customers_group_ra, customers_payment_allowed, customers_shipment_allowed) values ('222', 'f', 'aniria', 'fumero', '1967-01-29 00:00:00', 'ani.ria@hotmail.com', '232', '696095172', '', '44c5a763e7575bb97d7013b9a93121f8:fd', '', '1', '0', '', '');
insert into customers (customers_id, customers_gender, customers_firstname, customers_lastname, customers_dob, customers_email_address, customers_default_address_id, customers_telephone, customers_fax, customers_password, customers_newsletter, customers_group_id, customers_group_ra, customers_payment_allowed, customers_shipment_allowed) values ('223', 'f', 'Elizabeth', 'Manclares Peinado', '1982-05-26 00:00:00', 'never21_21@hotmail.com', '233', '625045298', '', '60cc66556754925554d38acb82d56f76:8e', '', '1', '0', '', '');
insert into customers (customers_id, customers_gender, customers_firstname, customers_lastname, customers_dob, customers_email_address, customers_default_address_id, customers_telephone, customers_fax, customers_password, customers_newsletter, customers_group_id, customers_group_ra, customers_payment_allowed, customers_shipment_allowed) values ('224', 'f', 'ROCIO', 'CID', '1979-06-19 00:00:00', 'kapikuavigo@hotmail.com', '234', '625019026', '', '004a55d47f69a2d76f97a90acb5695e8:c5', '', '2', '0', '', '');
insert into customers (customers_id, customers_gender, customers_firstname, customers_lastname, customers_dob, customers_email_address, customers_default_address_id, customers_telephone, customers_fax, customers_password, customers_newsletter, customers_group_id, customers_group_ra, customers_payment_allowed, customers_shipment_allowed) values ('225', 'f', 'francisca', 'roda venegas', '1957-01-25 00:00:00', 'francisca.roda@gmail.com', '235', '958157300', '958157300', '20a310ae9aaa72bc092605f20b9c8be1:73', '1', '2', '1', '', '');
insert into customers (customers_id, customers_gender, customers_firstname, customers_lastname, customers_dob, customers_email_address, customers_default_address_id, customers_telephone, customers_fax, customers_password, customers_newsletter, customers_group_id, customers_group_ra, customers_payment_allowed, customers_shipment_allowed) values ('226', 'f', 'ANTONIA', 'SERRANO ABADIA', '1956-12-21 00:00:00', 'ANTOSERR64A@YAHOO.ES', '236', '607443234', '', '27d3f8ae2117cf7a551a89a0f8ccb0e5:68', '', '2', '0', '', '');
insert into customers (customers_id, customers_gender, customers_firstname, customers_lastname, customers_dob, customers_email_address, customers_default_address_id, customers_telephone, customers_fax, customers_password, customers_newsletter, customers_group_id, customers_group_ra, customers_payment_allowed, customers_shipment_allowed) values ('227', 'f', 'yolanda', 'valverde rubio', '1983-08-03 00:00:00', 'wuandapulpi22@hotmail.com', '237', '607283215', '', '3020068802182d79fe9b52b0e1a82600:11', '1', '1', '1', '', '');
insert into customers (customers_id, customers_gender, customers_firstname, customers_lastname, customers_dob, customers_email_address, customers_default_address_id, customers_telephone, customers_fax, customers_password, customers_newsletter, customers_group_id, customers_group_ra, customers_payment_allowed, customers_shipment_allowed) values ('228', 'f', 'ANA ISABEL', 'GIL CUE', '1969-10-28 00:00:00', 'ranaspatosyzapatos@hotmail.com', '238', '942582401', '', '3e8cfac45c6036a3ae513a6bbc9ca32c:ad', '1', '2', '1', '', '');
insert into customers (customers_id, customers_gender, customers_firstname, customers_lastname, customers_dob, customers_email_address, customers_default_address_id, customers_telephone, customers_fax, customers_password, customers_newsletter, customers_group_id, customers_group_ra, customers_payment_allowed, customers_shipment_allowed) values ('229', 'm', 'asa', 'asa', '1975-12-12 00:00:00', 'info@intimultimedia.com', '239', '5555555', '', 'c0a94ba8d93c23ca422ae899e0cedc13:19', '0', '2', '1', '', '');
insert into customers (customers_id, customers_gender, customers_firstname, customers_lastname, customers_dob, customers_email_address, customers_default_address_id, customers_telephone, customers_fax, customers_password, customers_newsletter, customers_group_id, customers_group_ra, customers_payment_allowed, customers_shipment_allowed) values ('230', 'f', 'amelia', 'gómez', '1946-09-14 00:00:00', 'gomam46@yahoo.es', '240', '655145362', '', '1010404cbd3c825f96ea080c9bf4f6a5:a1', '', '2', '0', '', '');
drop table if exists customers_basket;
create table customers_basket (
  customers_basket_id int(11) not null auto_increment,
  customers_id int(11) default '0' not null ,
  products_id tinytext not null ,
  customers_basket_quantity int(2) default '0' not null ,
  final_price decimal(15,4) default '0.0000' not null ,
  customers_basket_date_added varchar(8) ,
  PRIMARY KEY (customers_basket_id)
);

insert into customers_basket (customers_basket_id, customers_id, products_id, customers_basket_quantity, final_price, customers_basket_date_added) values ('347', '208', '1262{txt_2}', '6', '0.0000', '20080718');
insert into customers_basket (customers_basket_id, customers_id, products_id, customers_basket_quantity, final_price, customers_basket_date_added) values ('346', '208', '1116{txt_2}', '12', '0.0000', '20080718');
insert into customers_basket (customers_basket_id, customers_id, products_id, customers_basket_quantity, final_price, customers_basket_date_added) values ('345', '208', '1269{txt_2}', '12', '0.0000', '20080718');
insert into customers_basket (customers_basket_id, customers_id, products_id, customers_basket_quantity, final_price, customers_basket_date_added) values ('315', '127', '1114{4}61{txt_2}', '24', '0.0000', '20080715');
insert into customers_basket (customers_basket_id, customers_id, products_id, customers_basket_quantity, final_price, customers_basket_date_added) values ('316', '138', '1112{4}45{txt_2}', '6', '0.0000', '20080715');
insert into customers_basket (customers_basket_id, customers_id, products_id, customers_basket_quantity, final_price, customers_basket_date_added) values ('317', '138', '1056{txt_2}', '12', '0.0000', '20080715');
insert into customers_basket (customers_basket_id, customers_id, products_id, customers_basket_quantity, final_price, customers_basket_date_added) values ('344', '208', '1242{txt_2}', '12', '0.0000', '20080718');
insert into customers_basket (customers_basket_id, customers_id, products_id, customers_basket_quantity, final_price, customers_basket_date_added) values ('343', '207', '1047{txt_2}', '12', '0.0000', '20080718');
insert into customers_basket (customers_basket_id, customers_id, products_id, customers_basket_quantity, final_price, customers_basket_date_added) values ('342', '189', '1216{4}46{txt_2}{6}42', '6', '0.0000', '20080716');
insert into customers_basket (customers_basket_id, customers_id, products_id, customers_basket_quantity, final_price, customers_basket_date_added) values ('341', '189', '1217{4}13{txt_2}{6}83', '6', '0.0000', '20080716');
insert into customers_basket (customers_basket_id, customers_id, products_id, customers_basket_quantity, final_price, customers_basket_date_added) values ('340', '176', '1045{4}46{txt_2}', '6', '0.0000', '20080716');
insert into customers_basket (customers_basket_id, customers_id, products_id, customers_basket_quantity, final_price, customers_basket_date_added) values ('331', '152', '1047{txt_2}', '24', '0.0000', '20080715');
insert into customers_basket (customers_basket_id, customers_id, products_id, customers_basket_quantity, final_price, customers_basket_date_added) values ('329', '144', '1114{4}14{txt_2}', '24', '0.0000', '20080715');
insert into customers_basket (customers_basket_id, customers_id, products_id, customers_basket_quantity, final_price, customers_basket_date_added) values ('330', '144', '1152{4}6{txt_2}', '12', '0.0000', '20080715');
insert into customers_basket (customers_basket_id, customers_id, products_id, customers_basket_quantity, final_price, customers_basket_date_added) values ('332', '152', '1158{4}46{txt_2}', '36', '0.0000', '20080715');
insert into customers_basket (customers_basket_id, customers_id, products_id, customers_basket_quantity, final_price, customers_basket_date_added) values ('334', '161', '1169{txt_2}', '36', '0.0000', '20080716');
insert into customers_basket (customers_basket_id, customers_id, products_id, customers_basket_quantity, final_price, customers_basket_date_added) values ('335', '144', '1103{txt_2}', '6', '0.0000', '20080716');
insert into customers_basket (customers_basket_id, customers_id, products_id, customers_basket_quantity, final_price, customers_basket_date_added) values ('339', '176', '1105{4}7{txt_2}', '6', '0.0000', '20080716');
insert into customers_basket (customers_basket_id, customers_id, products_id, customers_basket_quantity, final_price, customers_basket_date_added) values ('348', '208', '1259{4}44{txt_2}', '12', '0.0000', '20080718');
insert into customers_basket (customers_basket_id, customers_id, products_id, customers_basket_quantity, final_price, customers_basket_date_added) values ('349', '208', '1117{txt_2}', '12', '0.0000', '20080718');
insert into customers_basket (customers_basket_id, customers_id, products_id, customers_basket_quantity, final_price, customers_basket_date_added) values ('384', '222', '1053{txt_2}', '1', '0.0000', '20080724');
insert into customers_basket (customers_basket_id, customers_id, products_id, customers_basket_quantity, final_price, customers_basket_date_added) values ('383', '208', '1162{txt_2}', '12', '0.0000', '20080724');
insert into customers_basket (customers_basket_id, customers_id, products_id, customers_basket_quantity, final_price, customers_basket_date_added) values ('352', '208', '1152{4}4{txt_2}', '12', '0.0000', '20080718');
insert into customers_basket (customers_basket_id, customers_id, products_id, customers_basket_quantity, final_price, customers_basket_date_added) values ('353', '208', '1194{4}57{txt_2}', '6', '0.0000', '20080718');
insert into customers_basket (customers_basket_id, customers_id, products_id, customers_basket_quantity, final_price, customers_basket_date_added) values ('354', '208', '1144{txt_2}{5}78', '12', '0.0000', '20080718');
insert into customers_basket (customers_basket_id, customers_id, products_id, customers_basket_quantity, final_price, customers_basket_date_added) values ('355', '209', '1243{txt_2}', '12', '0.0000', '20080718');
insert into customers_basket (customers_basket_id, customers_id, products_id, customers_basket_quantity, final_price, customers_basket_date_added) values ('394', '223', '1178{txt_2}{5}47', '2', '0.0000', '20080724');
insert into customers_basket (customers_basket_id, customers_id, products_id, customers_basket_quantity, final_price, customers_basket_date_added) values ('393', '223', '1185{txt_2}{5}53', '2', '0.0000', '20080724');
insert into customers_basket (customers_basket_id, customers_id, products_id, customers_basket_quantity, final_price, customers_basket_date_added) values ('392', '223', '1186{txt_2}', '2', '0.0000', '20080724');
insert into customers_basket (customers_basket_id, customers_id, products_id, customers_basket_quantity, final_price, customers_basket_date_added) values ('391', '223', '1191{txt_2}', '2', '0.0000', '20080724');
insert into customers_basket (customers_basket_id, customers_id, products_id, customers_basket_quantity, final_price, customers_basket_date_added) values ('390', '223', '1125{txt_2}', '2', '0.0000', '20080724');
insert into customers_basket (customers_basket_id, customers_id, products_id, customers_basket_quantity, final_price, customers_basket_date_added) values ('389', '223', '1167{txt_2}', '2', '0.0000', '20080724');
insert into customers_basket (customers_basket_id, customers_id, products_id, customers_basket_quantity, final_price, customers_basket_date_added) values ('388', '223', '1144{txt_2}{5}54', '2', '0.0000', '20080724');
insert into customers_basket (customers_basket_id, customers_id, products_id, customers_basket_quantity, final_price, customers_basket_date_added) values ('387', '222', '1242{txt_2}', '1', '0.0000', '20080724');
insert into customers_basket (customers_basket_id, customers_id, products_id, customers_basket_quantity, final_price, customers_basket_date_added) values ('386', '222', '1055{txt_2}', '1', '0.0000', '20080724');
insert into customers_basket (customers_basket_id, customers_id, products_id, customers_basket_quantity, final_price, customers_basket_date_added) values ('385', '222', '1162{txt_2}', '1', '0.0000', '20080724');
drop table if exists customers_basket_attributes;
create table customers_basket_attributes (
  customers_basket_attributes_id int(11) not null auto_increment,
  customers_id int(11) default '0' not null ,
  products_id tinytext not null ,
  products_options_id int(11) default '0' not null ,
  products_options_value_id int(11) default '0' not null ,
  products_options_value_text text ,
  PRIMARY KEY (customers_basket_attributes_id)
);

insert into customers_basket_attributes (customers_basket_attributes_id, customers_id, products_id, products_options_id, products_options_value_id, products_options_value_text) values ('10', '127', '1114{4}61{txt_2}', '4', '61', '');
insert into customers_basket_attributes (customers_basket_attributes_id, customers_id, products_id, products_options_id, products_options_value_id, products_options_value_text) values ('11', '138', '1112{4}45{txt_2}', '4', '45', '');
insert into customers_basket_attributes (customers_basket_attributes_id, customers_id, products_id, products_options_id, products_options_value_id, products_options_value_text) values ('41', '189', '1217{4}13{txt_2}{6}83', '6', '83', '');
insert into customers_basket_attributes (customers_basket_attributes_id, customers_id, products_id, products_options_id, products_options_value_id, products_options_value_text) values ('40', '189', '1217{4}13{txt_2}{6}83', '4', '13', '');
insert into customers_basket_attributes (customers_basket_attributes_id, customers_id, products_id, products_options_id, products_options_value_id, products_options_value_text) values ('30', '144', '1152{4}6{txt_2}', '4', '6', '');
insert into customers_basket_attributes (customers_basket_attributes_id, customers_id, products_id, products_options_id, products_options_value_id, products_options_value_text) values ('29', '144', '1114{4}14{txt_2}', '4', '14', '');
insert into customers_basket_attributes (customers_basket_attributes_id, customers_id, products_id, products_options_id, products_options_value_id, products_options_value_text) values ('38', '176', '1105{4}7{txt_2}', '4', '7', '');
insert into customers_basket_attributes (customers_basket_attributes_id, customers_id, products_id, products_options_id, products_options_value_id, products_options_value_text) values ('39', '176', '1045{4}46{txt_2}', '4', '46', '');
insert into customers_basket_attributes (customers_basket_attributes_id, customers_id, products_id, products_options_id, products_options_value_id, products_options_value_text) values ('31', '152', '1158{4}46{txt_2}', '4', '46', '');
insert into customers_basket_attributes (customers_basket_attributes_id, customers_id, products_id, products_options_id, products_options_value_id, products_options_value_text) values ('42', '189', '1216{4}46{txt_2}{6}42', '4', '46', '');
insert into customers_basket_attributes (customers_basket_attributes_id, customers_id, products_id, products_options_id, products_options_value_id, products_options_value_text) values ('43', '189', '1216{4}46{txt_2}{6}42', '6', '42', '');
insert into customers_basket_attributes (customers_basket_attributes_id, customers_id, products_id, products_options_id, products_options_value_id, products_options_value_text) values ('44', '208', '1259{4}44{txt_2}', '4', '44', '');
insert into customers_basket_attributes (customers_basket_attributes_id, customers_id, products_id, products_options_id, products_options_value_id, products_options_value_text) values ('45', '208', '1152{4}4{txt_2}', '4', '4', '');
insert into customers_basket_attributes (customers_basket_attributes_id, customers_id, products_id, products_options_id, products_options_value_id, products_options_value_text) values ('46', '208', '1194{4}57{txt_2}', '4', '57', '');
insert into customers_basket_attributes (customers_basket_attributes_id, customers_id, products_id, products_options_id, products_options_value_id, products_options_value_text) values ('47', '208', '1144{txt_2}{5}78', '5', '78', '');
insert into customers_basket_attributes (customers_basket_attributes_id, customers_id, products_id, products_options_id, products_options_value_id, products_options_value_text) values ('71', '223', '1178{txt_2}{5}47', '5', '47', '');
insert into customers_basket_attributes (customers_basket_attributes_id, customers_id, products_id, products_options_id, products_options_value_id, products_options_value_text) values ('70', '223', '1185{txt_2}{5}53', '5', '53', '');
insert into customers_basket_attributes (customers_basket_attributes_id, customers_id, products_id, products_options_id, products_options_value_id, products_options_value_text) values ('69', '223', '1144{txt_2}{5}54', '5', '54', '');
drop table if exists customers_groups;
create table customers_groups (
  customers_group_id smallint(5) unsigned not null ,
  customers_group_name varchar(32) not null ,
  customers_group_show_tax enum('1','0') not null ,
  customers_group_tax_exempt enum('0','1') not null ,
  group_payment_allowed varchar(255) not null ,
  group_shipment_allowed varchar(255) not null ,
  PRIMARY KEY (customers_group_id)
);

insert into customers_groups (customers_group_id, customers_group_name, customers_group_show_tax, customers_group_tax_exempt, group_payment_allowed, group_shipment_allowed) values ('3', 'Empresa', '0', '1', 'moneyorder.php;paypal.php', 'flat.php');
insert into customers_groups (customers_group_id, customers_group_name, customers_group_show_tax, customers_group_tax_exempt, group_payment_allowed, group_shipment_allowed) values ('1', 'Particular', '0', '1', '', 'quantitytable.php;quantitytable2.php;quantitytable3.php;quantitytable4.php');
insert into customers_groups (customers_group_id, customers_group_name, customers_group_show_tax, customers_group_tax_exempt, group_payment_allowed, group_shipment_allowed) values ('2', 'Tienda', '0', '1', 'moneyorder.php;paypal.php', 'flat.php');
drop table if exists customers_groups_tax_rates_exempt;
create table customers_groups_tax_rates_exempt (
  customers_group_id int(11) default '0' not null ,
  tax_rates_id int(11) default '0' not null ,
  PRIMARY KEY (customers_group_id, tax_rates_id)
);

insert into customers_groups_tax_rates_exempt (customers_group_id, tax_rates_id) values ('1', '8');
insert into customers_groups_tax_rates_exempt (customers_group_id, tax_rates_id) values ('2', '5');
insert into customers_groups_tax_rates_exempt (customers_group_id, tax_rates_id) values ('3', '8');
drop table if exists customers_info;
create table customers_info (
  customers_info_id int(11) default '0' not null ,
  customers_info_date_of_last_logon datetime ,
  customers_info_number_of_logons int(5) ,
  customers_info_date_account_created datetime ,
  customers_info_date_account_last_modified datetime ,
  global_product_notifications int(1) default '0' ,
  PRIMARY KEY (customers_info_id)
);

insert into customers_info (customers_info_id, customers_info_date_of_last_logon, customers_info_number_of_logons, customers_info_date_account_created, customers_info_date_account_last_modified, global_product_notifications) values ('30', NULL, '0', '2008-05-06 11:59:27', '2008-05-06 12:37:07', '0');
insert into customers_info (customers_info_id, customers_info_date_of_last_logon, customers_info_number_of_logons, customers_info_date_account_created, customers_info_date_account_last_modified, global_product_notifications) values ('190', NULL, '0', '2008-07-17 03:54:53', NULL, '0');
insert into customers_info (customers_info_id, customers_info_date_of_last_logon, customers_info_number_of_logons, customers_info_date_account_created, customers_info_date_account_last_modified, global_product_notifications) values ('125', '2008-07-15 09:36:59', '2', '2008-07-07 15:41:23', NULL, '0');
insert into customers_info (customers_info_id, customers_info_date_of_last_logon, customers_info_number_of_logons, customers_info_date_account_created, customers_info_date_account_last_modified, global_product_notifications) values ('32', NULL, '0', '2008-05-06 12:13:33', '2008-05-06 13:51:42', '0');
insert into customers_info (customers_info_id, customers_info_date_of_last_logon, customers_info_number_of_logons, customers_info_date_account_created, customers_info_date_account_last_modified, global_product_notifications) values ('33', '2008-05-06 14:35:47', '1', '2008-05-06 12:38:17', '2008-05-06 13:37:50', '0');
insert into customers_info (customers_info_id, customers_info_date_of_last_logon, customers_info_number_of_logons, customers_info_date_account_created, customers_info_date_account_last_modified, global_product_notifications) values ('140', '2008-07-17 17:40:46', '1', '2008-07-15 11:24:40', NULL, '0');
insert into customers_info (customers_info_id, customers_info_date_of_last_logon, customers_info_number_of_logons, customers_info_date_account_created, customers_info_date_account_last_modified, global_product_notifications) values ('123', '2008-07-20 20:28:47', '3', '2008-06-04 20:03:55', NULL, '0');
insert into customers_info (customers_info_id, customers_info_date_of_last_logon, customers_info_number_of_logons, customers_info_date_account_created, customers_info_date_account_last_modified, global_product_notifications) values ('141', NULL, '0', '2008-07-15 11:27:06', NULL, '0');
insert into customers_info (customers_info_id, customers_info_date_of_last_logon, customers_info_number_of_logons, customers_info_date_account_created, customers_info_date_account_last_modified, global_product_notifications) values ('124', NULL, '0', '2008-06-20 16:05:55', '2008-06-28 09:45:21', '0');
insert into customers_info (customers_info_id, customers_info_date_of_last_logon, customers_info_number_of_logons, customers_info_date_account_created, customers_info_date_account_last_modified, global_product_notifications) values ('126', '2008-07-10 09:16:10', '1', '2008-07-10 05:58:53', NULL, '0');
insert into customers_info (customers_info_id, customers_info_date_of_last_logon, customers_info_number_of_logons, customers_info_date_account_created, customers_info_date_account_last_modified, global_product_notifications) values ('127', '2008-07-18 05:35:26', '1', '2008-07-15 07:58:01', NULL, '0');
insert into customers_info (customers_info_id, customers_info_date_of_last_logon, customers_info_number_of_logons, customers_info_date_account_created, customers_info_date_account_last_modified, global_product_notifications) values ('128', NULL, '0', '2008-07-15 08:12:39', NULL, '0');
insert into customers_info (customers_info_id, customers_info_date_of_last_logon, customers_info_number_of_logons, customers_info_date_account_created, customers_info_date_account_last_modified, global_product_notifications) values ('129', NULL, '0', '2008-07-15 08:17:23', NULL, '0');
insert into customers_info (customers_info_id, customers_info_date_of_last_logon, customers_info_number_of_logons, customers_info_date_account_created, customers_info_date_account_last_modified, global_product_notifications) values ('130', '2008-07-16 02:00:09', '1', '2008-07-15 08:18:27', NULL, '0');
insert into customers_info (customers_info_id, customers_info_date_of_last_logon, customers_info_number_of_logons, customers_info_date_account_created, customers_info_date_account_last_modified, global_product_notifications) values ('131', NULL, '0', '2008-07-15 09:04:55', NULL, '0');
insert into customers_info (customers_info_id, customers_info_date_of_last_logon, customers_info_number_of_logons, customers_info_date_account_created, customers_info_date_account_last_modified, global_product_notifications) values ('132', '2008-07-15 10:19:52', '1', '2008-07-15 10:17:47', NULL, '0');
insert into customers_info (customers_info_id, customers_info_date_of_last_logon, customers_info_number_of_logons, customers_info_date_account_created, customers_info_date_account_last_modified, global_product_notifications) values ('133', '2008-07-15 10:28:02', '1', '2008-07-15 10:24:44', NULL, '0');
insert into customers_info (customers_info_id, customers_info_date_of_last_logon, customers_info_number_of_logons, customers_info_date_account_created, customers_info_date_account_last_modified, global_product_notifications) values ('134', NULL, '0', '2008-07-15 10:35:17', NULL, '0');
insert into customers_info (customers_info_id, customers_info_date_of_last_logon, customers_info_number_of_logons, customers_info_date_account_created, customers_info_date_account_last_modified, global_product_notifications) values ('135', NULL, '0', '2008-07-15 10:42:17', NULL, '0');
insert into customers_info (customers_info_id, customers_info_date_of_last_logon, customers_info_number_of_logons, customers_info_date_account_created, customers_info_date_account_last_modified, global_product_notifications) values ('136', '2008-07-17 11:39:08', '2', '2008-07-15 10:46:39', NULL, '0');
insert into customers_info (customers_info_id, customers_info_date_of_last_logon, customers_info_number_of_logons, customers_info_date_account_created, customers_info_date_account_last_modified, global_product_notifications) values ('137', '2008-07-15 13:24:38', '1', '2008-07-15 11:01:26', NULL, '0');
insert into customers_info (customers_info_id, customers_info_date_of_last_logon, customers_info_number_of_logons, customers_info_date_account_created, customers_info_date_account_last_modified, global_product_notifications) values ('138', NULL, '0', '2008-07-15 11:16:16', NULL, '0');
insert into customers_info (customers_info_id, customers_info_date_of_last_logon, customers_info_number_of_logons, customers_info_date_account_created, customers_info_date_account_last_modified, global_product_notifications) values ('139', '2008-07-19 03:20:14', '2', '2008-07-15 11:24:24', NULL, '0');
insert into customers_info (customers_info_id, customers_info_date_of_last_logon, customers_info_number_of_logons, customers_info_date_account_created, customers_info_date_account_last_modified, global_product_notifications) values ('142', '2008-07-15 12:10:13', '1', '2008-07-15 12:08:27', NULL, '0');
insert into customers_info (customers_info_id, customers_info_date_of_last_logon, customers_info_number_of_logons, customers_info_date_account_created, customers_info_date_account_last_modified, global_product_notifications) values ('143', NULL, '0', '2008-07-15 12:39:56', NULL, '0');
insert into customers_info (customers_info_id, customers_info_date_of_last_logon, customers_info_number_of_logons, customers_info_date_account_created, customers_info_date_account_last_modified, global_product_notifications) values ('144', '2008-07-16 04:42:30', '2', '2008-07-15 12:52:51', '2008-07-15 14:00:26', '0');
insert into customers_info (customers_info_id, customers_info_date_of_last_logon, customers_info_number_of_logons, customers_info_date_account_created, customers_info_date_account_last_modified, global_product_notifications) values ('145', NULL, '0', '2008-07-15 13:19:15', NULL, '0');
insert into customers_info (customers_info_id, customers_info_date_of_last_logon, customers_info_number_of_logons, customers_info_date_account_created, customers_info_date_account_last_modified, global_product_notifications) values ('146', NULL, '0', '2008-07-15 13:32:31', NULL, '0');
insert into customers_info (customers_info_id, customers_info_date_of_last_logon, customers_info_number_of_logons, customers_info_date_account_created, customers_info_date_account_last_modified, global_product_notifications) values ('147', NULL, '0', '2008-07-15 13:55:27', NULL, '0');
insert into customers_info (customers_info_id, customers_info_date_of_last_logon, customers_info_number_of_logons, customers_info_date_account_created, customers_info_date_account_last_modified, global_product_notifications) values ('148', '2008-07-19 15:00:52', '1', '2008-07-15 14:05:52', NULL, '0');
insert into customers_info (customers_info_id, customers_info_date_of_last_logon, customers_info_number_of_logons, customers_info_date_account_created, customers_info_date_account_last_modified, global_product_notifications) values ('149', NULL, '0', '2008-07-15 14:16:31', NULL, '0');
insert into customers_info (customers_info_id, customers_info_date_of_last_logon, customers_info_number_of_logons, customers_info_date_account_created, customers_info_date_account_last_modified, global_product_notifications) values ('150', '2008-08-10 18:56:56', '3', '2008-07-15 15:05:23', NULL, '0');
insert into customers_info (customers_info_id, customers_info_date_of_last_logon, customers_info_number_of_logons, customers_info_date_account_created, customers_info_date_account_last_modified, global_product_notifications) values ('151', NULL, '0', '2008-07-15 16:24:38', NULL, '0');
insert into customers_info (customers_info_id, customers_info_date_of_last_logon, customers_info_number_of_logons, customers_info_date_account_created, customers_info_date_account_last_modified, global_product_notifications) values ('152', NULL, '0', '2008-07-15 16:25:37', NULL, '0');
insert into customers_info (customers_info_id, customers_info_date_of_last_logon, customers_info_number_of_logons, customers_info_date_account_created, customers_info_date_account_last_modified, global_product_notifications) values ('153', '2008-07-15 16:40:06', '1', '2008-07-15 16:37:33', NULL, '0');
insert into customers_info (customers_info_id, customers_info_date_of_last_logon, customers_info_number_of_logons, customers_info_date_account_created, customers_info_date_account_last_modified, global_product_notifications) values ('154', '2008-07-16 15:35:15', '1', '2008-07-15 16:38:47', NULL, '0');
insert into customers_info (customers_info_id, customers_info_date_of_last_logon, customers_info_number_of_logons, customers_info_date_account_created, customers_info_date_account_last_modified, global_product_notifications) values ('155', '2008-07-21 17:14:36', '2', '2008-07-15 16:47:27', NULL, '0');
insert into customers_info (customers_info_id, customers_info_date_of_last_logon, customers_info_number_of_logons, customers_info_date_account_created, customers_info_date_account_last_modified, global_product_notifications) values ('156', NULL, '0', '2008-07-15 16:50:53', NULL, '0');
insert into customers_info (customers_info_id, customers_info_date_of_last_logon, customers_info_number_of_logons, customers_info_date_account_created, customers_info_date_account_last_modified, global_product_notifications) values ('157', '2008-07-20 15:43:22', '1', '2008-07-15 17:19:53', NULL, '0');
insert into customers_info (customers_info_id, customers_info_date_of_last_logon, customers_info_number_of_logons, customers_info_date_account_created, customers_info_date_account_last_modified, global_product_notifications) values ('158', NULL, '0', '2008-07-15 17:40:18', NULL, '0');
insert into customers_info (customers_info_id, customers_info_date_of_last_logon, customers_info_number_of_logons, customers_info_date_account_created, customers_info_date_account_last_modified, global_product_notifications) values ('159', '2008-07-15 19:37:52', '1', '2008-07-15 19:34:24', NULL, '0');
insert into customers_info (customers_info_id, customers_info_date_of_last_logon, customers_info_number_of_logons, customers_info_date_account_created, customers_info_date_account_last_modified, global_product_notifications) values ('160', '2008-07-16 03:12:38', '1', '2008-07-16 02:46:47', NULL, '0');
insert into customers_info (customers_info_id, customers_info_date_of_last_logon, customers_info_number_of_logons, customers_info_date_account_created, customers_info_date_account_last_modified, global_product_notifications) values ('161', '2008-07-16 03:15:33', '1', '2008-07-16 03:12:01', '2008-07-17 07:41:57', '0');
insert into customers_info (customers_info_id, customers_info_date_of_last_logon, customers_info_number_of_logons, customers_info_date_account_created, customers_info_date_account_last_modified, global_product_notifications) values ('162', NULL, '0', '2008-07-16 03:12:02', NULL, '0');
insert into customers_info (customers_info_id, customers_info_date_of_last_logon, customers_info_number_of_logons, customers_info_date_account_created, customers_info_date_account_last_modified, global_product_notifications) values ('163', '2008-07-16 03:18:32', '1', '2008-07-16 03:12:24', NULL, '0');
insert into customers_info (customers_info_id, customers_info_date_of_last_logon, customers_info_number_of_logons, customers_info_date_account_created, customers_info_date_account_last_modified, global_product_notifications) values ('164', '2008-07-16 04:08:10', '3', '2008-07-16 03:23:52', NULL, '0');
insert into customers_info (customers_info_id, customers_info_date_of_last_logon, customers_info_number_of_logons, customers_info_date_account_created, customers_info_date_account_last_modified, global_product_notifications) values ('165', NULL, '0', '2008-07-16 03:32:53', NULL, '0');
insert into customers_info (customers_info_id, customers_info_date_of_last_logon, customers_info_number_of_logons, customers_info_date_account_created, customers_info_date_account_last_modified, global_product_notifications) values ('166', NULL, '0', '2008-07-16 03:40:59', NULL, '0');
insert into customers_info (customers_info_id, customers_info_date_of_last_logon, customers_info_number_of_logons, customers_info_date_account_created, customers_info_date_account_last_modified, global_product_notifications) values ('167', '2008-07-16 04:01:40', '1', '2008-07-16 03:51:07', NULL, '0');
insert into customers_info (customers_info_id, customers_info_date_of_last_logon, customers_info_number_of_logons, customers_info_date_account_created, customers_info_date_account_last_modified, global_product_notifications) values ('168', NULL, '0', '2008-07-16 04:00:19', NULL, '0');
insert into customers_info (customers_info_id, customers_info_date_of_last_logon, customers_info_number_of_logons, customers_info_date_account_created, customers_info_date_account_last_modified, global_product_notifications) values ('169', NULL, '0', '2008-07-16 04:01:47', NULL, '0');
insert into customers_info (customers_info_id, customers_info_date_of_last_logon, customers_info_number_of_logons, customers_info_date_account_created, customers_info_date_account_last_modified, global_product_notifications) values ('170', NULL, '0', '2008-07-16 04:50:44', NULL, '0');
insert into customers_info (customers_info_id, customers_info_date_of_last_logon, customers_info_number_of_logons, customers_info_date_account_created, customers_info_date_account_last_modified, global_product_notifications) values ('171', '2008-07-16 06:37:18', '1', '2008-07-16 05:09:41', NULL, '0');
insert into customers_info (customers_info_id, customers_info_date_of_last_logon, customers_info_number_of_logons, customers_info_date_account_created, customers_info_date_account_last_modified, global_product_notifications) values ('172', '2008-07-22 04:31:42', '6', '2008-07-16 05:13:00', NULL, '0');
insert into customers_info (customers_info_id, customers_info_date_of_last_logon, customers_info_number_of_logons, customers_info_date_account_created, customers_info_date_account_last_modified, global_product_notifications) values ('173', '2008-07-16 05:20:16', '2', '2008-07-16 05:13:47', NULL, '0');
insert into customers_info (customers_info_id, customers_info_date_of_last_logon, customers_info_number_of_logons, customers_info_date_account_created, customers_info_date_account_last_modified, global_product_notifications) values ('174', NULL, '0', '2008-07-16 05:14:14', NULL, '0');
insert into customers_info (customers_info_id, customers_info_date_of_last_logon, customers_info_number_of_logons, customers_info_date_account_created, customers_info_date_account_last_modified, global_product_notifications) values ('175', NULL, '0', '2008-07-16 05:42:05', NULL, '0');
insert into customers_info (customers_info_id, customers_info_date_of_last_logon, customers_info_number_of_logons, customers_info_date_account_created, customers_info_date_account_last_modified, global_product_notifications) values ('176', '2008-07-16 05:58:30', '1', '2008-07-16 05:48:59', NULL, '0');
insert into customers_info (customers_info_id, customers_info_date_of_last_logon, customers_info_number_of_logons, customers_info_date_account_created, customers_info_date_account_last_modified, global_product_notifications) values ('177', NULL, '0', '2008-07-16 05:57:32', NULL, '0');
insert into customers_info (customers_info_id, customers_info_date_of_last_logon, customers_info_number_of_logons, customers_info_date_account_created, customers_info_date_account_last_modified, global_product_notifications) values ('178', NULL, '0', '2008-07-16 06:18:31', NULL, '0');
insert into customers_info (customers_info_id, customers_info_date_of_last_logon, customers_info_number_of_logons, customers_info_date_account_created, customers_info_date_account_last_modified, global_product_notifications) values ('179', NULL, '0', '2008-07-16 07:53:31', '2008-07-16 07:54:18', '0');
insert into customers_info (customers_info_id, customers_info_date_of_last_logon, customers_info_number_of_logons, customers_info_date_account_created, customers_info_date_account_last_modified, global_product_notifications) values ('180', '2008-07-18 06:31:35', '1', '2008-07-16 08:31:34', NULL, '0');
insert into customers_info (customers_info_id, customers_info_date_of_last_logon, customers_info_number_of_logons, customers_info_date_account_created, customers_info_date_account_last_modified, global_product_notifications) values ('181', NULL, '0', '2008-07-16 10:17:03', NULL, '0');
insert into customers_info (customers_info_id, customers_info_date_of_last_logon, customers_info_number_of_logons, customers_info_date_account_created, customers_info_date_account_last_modified, global_product_notifications) values ('183', NULL, '0', '2008-07-16 12:43:51', NULL, '0');
insert into customers_info (customers_info_id, customers_info_date_of_last_logon, customers_info_number_of_logons, customers_info_date_account_created, customers_info_date_account_last_modified, global_product_notifications) values ('182', '2008-07-16 11:40:38', '1', '2008-07-16 11:24:49', NULL, '0');
insert into customers_info (customers_info_id, customers_info_date_of_last_logon, customers_info_number_of_logons, customers_info_date_account_created, customers_info_date_account_last_modified, global_product_notifications) values ('184', NULL, '0', '2008-07-16 13:00:32', NULL, '0');
insert into customers_info (customers_info_id, customers_info_date_of_last_logon, customers_info_number_of_logons, customers_info_date_account_created, customers_info_date_account_last_modified, global_product_notifications) values ('185', '2008-07-16 13:25:27', '1', '2008-07-16 13:23:51', NULL, '0');
insert into customers_info (customers_info_id, customers_info_date_of_last_logon, customers_info_number_of_logons, customers_info_date_account_created, customers_info_date_account_last_modified, global_product_notifications) values ('186', NULL, '0', '2008-07-16 14:57:26', NULL, '0');
insert into customers_info (customers_info_id, customers_info_date_of_last_logon, customers_info_number_of_logons, customers_info_date_account_created, customers_info_date_account_last_modified, global_product_notifications) values ('187', NULL, '0', '2008-07-16 15:14:32', NULL, '0');
insert into customers_info (customers_info_id, customers_info_date_of_last_logon, customers_info_number_of_logons, customers_info_date_account_created, customers_info_date_account_last_modified, global_product_notifications) values ('188', NULL, '0', '2008-07-16 16:48:13', NULL, '0');
insert into customers_info (customers_info_id, customers_info_date_of_last_logon, customers_info_number_of_logons, customers_info_date_account_created, customers_info_date_account_last_modified, global_product_notifications) values ('189', '2008-07-16 17:32:07', '1', '2008-07-16 17:27:21', NULL, '0');
insert into customers_info (customers_info_id, customers_info_date_of_last_logon, customers_info_number_of_logons, customers_info_date_account_created, customers_info_date_account_last_modified, global_product_notifications) values ('191', '2008-07-18 11:58:16', '1', '2008-07-17 05:34:30', NULL, '0');
insert into customers_info (customers_info_id, customers_info_date_of_last_logon, customers_info_number_of_logons, customers_info_date_account_created, customers_info_date_account_last_modified, global_product_notifications) values ('192', '2008-07-17 06:23:21', '1', '2008-07-17 06:20:50', NULL, '0');
insert into customers_info (customers_info_id, customers_info_date_of_last_logon, customers_info_number_of_logons, customers_info_date_account_created, customers_info_date_account_last_modified, global_product_notifications) values ('193', '2008-07-17 06:41:04', '1', '2008-07-17 06:26:35', NULL, '0');
insert into customers_info (customers_info_id, customers_info_date_of_last_logon, customers_info_number_of_logons, customers_info_date_account_created, customers_info_date_account_last_modified, global_product_notifications) values ('194', '2008-07-17 09:48:41', '1', '2008-07-17 09:47:09', NULL, '0');
insert into customers_info (customers_info_id, customers_info_date_of_last_logon, customers_info_number_of_logons, customers_info_date_account_created, customers_info_date_account_last_modified, global_product_notifications) values ('195', NULL, '0', '2008-07-17 09:53:05', NULL, '0');
insert into customers_info (customers_info_id, customers_info_date_of_last_logon, customers_info_number_of_logons, customers_info_date_account_created, customers_info_date_account_last_modified, global_product_notifications) values ('196', NULL, '0', '2008-07-17 09:58:13', NULL, '0');
insert into customers_info (customers_info_id, customers_info_date_of_last_logon, customers_info_number_of_logons, customers_info_date_account_created, customers_info_date_account_last_modified, global_product_notifications) values ('197', '2008-07-18 12:31:56', '3', '2008-07-17 10:32:28', NULL, '0');
insert into customers_info (customers_info_id, customers_info_date_of_last_logon, customers_info_number_of_logons, customers_info_date_account_created, customers_info_date_account_last_modified, global_product_notifications) values ('198', NULL, '0', '2008-07-17 10:56:30', NULL, '0');
insert into customers_info (customers_info_id, customers_info_date_of_last_logon, customers_info_number_of_logons, customers_info_date_account_created, customers_info_date_account_last_modified, global_product_notifications) values ('199', NULL, '0', '2008-07-17 11:36:23', NULL, '0');
insert into customers_info (customers_info_id, customers_info_date_of_last_logon, customers_info_number_of_logons, customers_info_date_account_created, customers_info_date_account_last_modified, global_product_notifications) values ('200', NULL, '0', '2008-07-17 14:46:02', NULL, '0');
insert into customers_info (customers_info_id, customers_info_date_of_last_logon, customers_info_number_of_logons, customers_info_date_account_created, customers_info_date_account_last_modified, global_product_notifications) values ('201', '2008-07-17 15:39:57', '1', '2008-07-17 15:33:27', NULL, '0');
insert into customers_info (customers_info_id, customers_info_date_of_last_logon, customers_info_number_of_logons, customers_info_date_account_created, customers_info_date_account_last_modified, global_product_notifications) values ('202', '2008-07-18 04:28:36', '1', '2008-07-18 04:26:12', NULL, '0');
insert into customers_info (customers_info_id, customers_info_date_of_last_logon, customers_info_number_of_logons, customers_info_date_account_created, customers_info_date_account_last_modified, global_product_notifications) values ('203', '2008-07-18 05:30:32', '1', '2008-07-18 05:28:12', NULL, '0');
insert into customers_info (customers_info_id, customers_info_date_of_last_logon, customers_info_number_of_logons, customers_info_date_account_created, customers_info_date_account_last_modified, global_product_notifications) values ('204', NULL, '0', '2008-07-18 05:51:40', NULL, '0');
insert into customers_info (customers_info_id, customers_info_date_of_last_logon, customers_info_number_of_logons, customers_info_date_account_created, customers_info_date_account_last_modified, global_product_notifications) values ('205', NULL, '0', '2008-07-18 06:56:48', NULL, '0');
insert into customers_info (customers_info_id, customers_info_date_of_last_logon, customers_info_number_of_logons, customers_info_date_account_created, customers_info_date_account_last_modified, global_product_notifications) values ('206', NULL, '0', '2008-07-18 08:18:34', NULL, '0');
insert into customers_info (customers_info_id, customers_info_date_of_last_logon, customers_info_number_of_logons, customers_info_date_account_created, customers_info_date_account_last_modified, global_product_notifications) values ('207', NULL, '0', '2008-07-18 08:25:07', NULL, '0');
insert into customers_info (customers_info_id, customers_info_date_of_last_logon, customers_info_number_of_logons, customers_info_date_account_created, customers_info_date_account_last_modified, global_product_notifications) values ('208', '2008-07-24 06:56:00', '2', '2008-07-18 10:06:26', NULL, '0');
insert into customers_info (customers_info_id, customers_info_date_of_last_logon, customers_info_number_of_logons, customers_info_date_account_created, customers_info_date_account_last_modified, global_product_notifications) values ('209', NULL, '0', '2008-07-18 12:05:35', NULL, '0');
insert into customers_info (customers_info_id, customers_info_date_of_last_logon, customers_info_number_of_logons, customers_info_date_account_created, customers_info_date_account_last_modified, global_product_notifications) values ('210', '2008-07-18 12:52:26', '1', '2008-07-18 12:20:57', NULL, '0');
insert into customers_info (customers_info_id, customers_info_date_of_last_logon, customers_info_number_of_logons, customers_info_date_account_created, customers_info_date_account_last_modified, global_product_notifications) values ('211', NULL, '0', '2008-07-18 13:10:01', NULL, '0');
insert into customers_info (customers_info_id, customers_info_date_of_last_logon, customers_info_number_of_logons, customers_info_date_account_created, customers_info_date_account_last_modified, global_product_notifications) values ('212', NULL, '0', '2008-07-19 04:57:33', NULL, '0');
insert into customers_info (customers_info_id, customers_info_date_of_last_logon, customers_info_number_of_logons, customers_info_date_account_created, customers_info_date_account_last_modified, global_product_notifications) values ('213', NULL, '0', '2008-07-19 09:52:23', NULL, '0');
insert into customers_info (customers_info_id, customers_info_date_of_last_logon, customers_info_number_of_logons, customers_info_date_account_created, customers_info_date_account_last_modified, global_product_notifications) values ('214', NULL, '0', '2008-07-20 05:46:59', NULL, '0');
insert into customers_info (customers_info_id, customers_info_date_of_last_logon, customers_info_number_of_logons, customers_info_date_account_created, customers_info_date_account_last_modified, global_product_notifications) values ('215', NULL, '0', '2008-07-20 17:26:52', NULL, '0');
insert into customers_info (customers_info_id, customers_info_date_of_last_logon, customers_info_number_of_logons, customers_info_date_account_created, customers_info_date_account_last_modified, global_product_notifications) values ('216', NULL, '0', '2008-07-21 04:07:15', NULL, '0');
insert into customers_info (customers_info_id, customers_info_date_of_last_logon, customers_info_number_of_logons, customers_info_date_account_created, customers_info_date_account_last_modified, global_product_notifications) values ('217', NULL, '0', '2008-07-21 06:02:40', NULL, '0');
insert into customers_info (customers_info_id, customers_info_date_of_last_logon, customers_info_number_of_logons, customers_info_date_account_created, customers_info_date_account_last_modified, global_product_notifications) values ('218', NULL, '0', '2008-07-21 13:47:35', NULL, '0');
insert into customers_info (customers_info_id, customers_info_date_of_last_logon, customers_info_number_of_logons, customers_info_date_account_created, customers_info_date_account_last_modified, global_product_notifications) values ('219', NULL, '0', '2008-07-22 05:37:41', NULL, '0');
insert into customers_info (customers_info_id, customers_info_date_of_last_logon, customers_info_number_of_logons, customers_info_date_account_created, customers_info_date_account_last_modified, global_product_notifications) values ('220', NULL, '0', '2008-07-23 06:57:13', NULL, '0');
insert into customers_info (customers_info_id, customers_info_date_of_last_logon, customers_info_number_of_logons, customers_info_date_account_created, customers_info_date_account_last_modified, global_product_notifications) values ('221', NULL, '0', '2008-07-23 08:37:04', NULL, '0');
insert into customers_info (customers_info_id, customers_info_date_of_last_logon, customers_info_number_of_logons, customers_info_date_account_created, customers_info_date_account_last_modified, global_product_notifications) values ('222', NULL, '0', '2008-07-24 07:56:27', NULL, '0');
insert into customers_info (customers_info_id, customers_info_date_of_last_logon, customers_info_number_of_logons, customers_info_date_account_created, customers_info_date_account_last_modified, global_product_notifications) values ('223', NULL, '0', '2008-07-24 08:06:33', NULL, '0');
insert into customers_info (customers_info_id, customers_info_date_of_last_logon, customers_info_number_of_logons, customers_info_date_account_created, customers_info_date_account_last_modified, global_product_notifications) values ('224', '2008-07-28 04:34:38', '1', '2008-07-28 04:33:39', NULL, '0');
insert into customers_info (customers_info_id, customers_info_date_of_last_logon, customers_info_number_of_logons, customers_info_date_account_created, customers_info_date_account_last_modified, global_product_notifications) values ('225', NULL, '0', '2008-07-29 10:57:14', NULL, '0');
insert into customers_info (customers_info_id, customers_info_date_of_last_logon, customers_info_number_of_logons, customers_info_date_account_created, customers_info_date_account_last_modified, global_product_notifications) values ('226', NULL, '0', '2008-07-31 12:07:41', NULL, '0');
insert into customers_info (customers_info_id, customers_info_date_of_last_logon, customers_info_number_of_logons, customers_info_date_account_created, customers_info_date_account_last_modified, global_product_notifications) values ('227', NULL, '0', '2008-08-03 08:20:33', NULL, '0');
insert into customers_info (customers_info_id, customers_info_date_of_last_logon, customers_info_number_of_logons, customers_info_date_account_created, customers_info_date_account_last_modified, global_product_notifications) values ('228', NULL, '0', '2008-08-05 03:23:36', NULL, '0');
insert into customers_info (customers_info_id, customers_info_date_of_last_logon, customers_info_number_of_logons, customers_info_date_account_created, customers_info_date_account_last_modified, global_product_notifications) values ('229', '2008-08-05 18:22:08', '2', '2008-08-05 18:08:11', '2008-08-05 18:20:42', '0');
insert into customers_info (customers_info_id, customers_info_date_of_last_logon, customers_info_number_of_logons, customers_info_date_account_created, customers_info_date_account_last_modified, global_product_notifications) values ('230', NULL, '0', '2008-08-07 05:06:16', NULL, '0');
drop table if exists geo_zones;
create table geo_zones (
  geo_zone_id int(11) not null auto_increment,
  geo_zone_name varchar(32) not null ,
  geo_zone_description varchar(255) not null ,
  last_modified datetime ,
  date_added datetime default '0000-00-00 00:00:00' not null ,
  PRIMARY KEY (geo_zone_id)
);

insert into geo_zones (geo_zone_id, geo_zone_name, geo_zone_description, last_modified, date_added) values ('1', 'España', '', '2008-03-11 01:11:23', '2005-07-07 10:38:23');
insert into geo_zones (geo_zone_id, geo_zone_name, geo_zone_description, last_modified, date_added) values ('2', 'Internacional', '', '2008-03-11 06:26:13', '2008-03-11 01:08:25');
insert into geo_zones (geo_zone_id, geo_zone_name, geo_zone_description, last_modified, date_added) values ('3', 'España lejana', '', NULL, '2008-03-11 06:26:58');
insert into geo_zones (geo_zone_id, geo_zone_name, geo_zone_description, last_modified, date_added) values ('4', 'todo el mundo', 'todo el mundo', NULL, '2008-03-11 21:37:41');
drop table if exists google_checkout;
create table google_checkout (
  customers_id int(11) ,
  buyer_id bigint(20) 
);

drop table if exists google_orders;
create table google_orders (
  orders_id int(11) ,
  google_order_number bigint(20) ,
  order_amount decimal(15,4) 
);

drop table if exists languages;
create table languages (
  languages_id int(11) not null auto_increment,
  name varchar(32) not null ,
  code char(2) not null ,
  image varchar(64) ,
  directory varchar(32) ,
  sort_order int(3) ,
  PRIMARY KEY (languages_id),
  KEY IDX_LANGUAGES_NAME (name)
);

insert into languages (languages_id, name, code, image, directory, sort_order) values ('2', 'Español', 'es', 'icon.gif', 'espanol', '0');
drop table if exists manufacturers;
create table manufacturers (
  manufacturers_id int(11) not null auto_increment,
  manufacturers_name varchar(32) not null ,
  manufacturers_image varchar(64) ,
  date_added datetime ,
  last_modified datetime ,
  PRIMARY KEY (manufacturers_id),
  KEY IDX_MANUFACTURERS_NAME (manufacturers_name)
);

drop table if exists manufacturers_info;
create table manufacturers_info (
  manufacturers_id int(11) default '0' not null ,
  languages_id int(11) default '0' not null ,
  manufacturers_url varchar(255) not null ,
  url_clicked int(5) default '0' not null ,
  date_last_click datetime ,
  PRIMARY KEY (manufacturers_id, languages_id)
);

drop table if exists newsletters;
create table newsletters (
  newsletters_id int(11) not null auto_increment,
  title varchar(255) not null ,
  content text not null ,
  module varchar(255) not null ,
  date_added datetime default '0000-00-00 00:00:00' not null ,
  date_sent datetime ,
  status int(1) ,
  locked int(1) default '0' ,
  PRIMARY KEY (newsletters_id)
);

insert into newsletters (newsletters_id, title, content, module, date_added, date_sent, status, locked) values ('1', 'NUEVAS PRODUCTOS', 'Hola', 'newsletter', '2007-01-04 09:31:23', NULL, '0', '1');
drop table if exists orders;
create table orders (
  orders_id int(11) not null auto_increment,
  customers_id int(11) default '0' not null ,
  customers_name varchar(64) not null ,
  customers_company varchar(32) ,
  customers_street_address varchar(64) not null ,
  customers_suburb varchar(32) ,
  customers_city varchar(32) not null ,
  customers_postcode varchar(10) not null ,
  customers_state varchar(32) ,
  customers_country varchar(32) not null ,
  customers_telephone varchar(32) not null ,
  customers_email_address varchar(96) not null ,
  customers_address_format_id int(5) default '0' not null ,
  delivery_name varchar(64) not null ,
  delivery_company varchar(32) ,
  delivery_street_address varchar(64) not null ,
  delivery_suburb varchar(32) ,
  delivery_city varchar(32) not null ,
  delivery_postcode varchar(10) not null ,
  delivery_state varchar(32) ,
  delivery_country varchar(32) not null ,
  delivery_address_format_id int(5) default '0' not null ,
  billing_name varchar(64) not null ,
  billing_company varchar(32) ,
  billing_street_address varchar(64) not null ,
  billing_suburb varchar(32) ,
  billing_city varchar(32) not null ,
  billing_postcode varchar(10) not null ,
  billing_state varchar(32) ,
  billing_country varchar(32) not null ,
  billing_address_format_id int(5) default '0' not null ,
  payment_method varchar(32) not null ,
  cc_type varchar(20) ,
  cc_owner varchar(64) ,
  cc_number varchar(32) ,
  cc_expires varchar(4) ,
  last_modified datetime ,
  date_purchased datetime ,
  orders_status int(5) default '0' not null ,
  orders_date_finished datetime ,
  currency char(3) ,
  currency_value decimal(14,6) ,
  PRIMARY KEY (orders_id)
);

insert into orders (orders_id, customers_id, customers_name, customers_company, customers_street_address, customers_suburb, customers_city, customers_postcode, customers_state, customers_country, customers_telephone, customers_email_address, customers_address_format_id, delivery_name, delivery_company, delivery_street_address, delivery_suburb, delivery_city, delivery_postcode, delivery_state, delivery_country, delivery_address_format_id, billing_name, billing_company, billing_street_address, billing_suburb, billing_city, billing_postcode, billing_state, billing_country, billing_address_format_id, payment_method, cc_type, cc_owner, cc_number, cc_expires, last_modified, date_purchased, orders_status, orders_date_finished, currency, currency_value) values ('5', '139', 'INES MARIA GARCIA BELTRAN', 'LA TIENDA NUEVA', 'REAL,33', '', 'ORELLANA LA VIEJA', '06740', 'Badajoz', 'Spain', '609516635', 'irby35@hotmail.com', '3', 'INES MARIA GARCIA BELTRAN', 'LA TIENDA NUEVA', 'REAL,33', '', 'ORELLANA LA VIEJA', '06740', 'Badajoz', 'Spain', '3', 'INES MARIA GARCIA BELTRAN', 'LA TIENDA NUEVA', 'REAL,33', '', 'ORELLANA LA VIEJA', '06740', 'Badajoz', 'Spain', '3', 'Transferencia Bancaria', '', '', '', '', '2008-07-22 05:06:04', '2008-07-15 12:02:11', '3', NULL, 'EUR', '1.000000');
insert into orders (orders_id, customers_id, customers_name, customers_company, customers_street_address, customers_suburb, customers_city, customers_postcode, customers_state, customers_country, customers_telephone, customers_email_address, customers_address_format_id, delivery_name, delivery_company, delivery_street_address, delivery_suburb, delivery_city, delivery_postcode, delivery_state, delivery_country, delivery_address_format_id, billing_name, billing_company, billing_street_address, billing_suburb, billing_city, billing_postcode, billing_state, billing_country, billing_address_format_id, payment_method, cc_type, cc_owner, cc_number, cc_expires, last_modified, date_purchased, orders_status, orders_date_finished, currency, currency_value) values ('6', '139', 'INES MARIA GARCIA BELTRAN', 'LA TIENDA NUEVA', 'REAL,33', '', 'ORELLANA LA VIEJA', '06740', 'Badajoz', 'Spain', '609516635', 'irby35@hotmail.com', '3', 'INES MARIA GARCIA BELTRAN', 'LA TIENDA NUEVA', 'REAL,33', '', 'ORELLANA LA VIEJA', '06740', 'Badajoz', 'Spain', '3', 'INES MARIA GARCIA BELTRAN', 'LA TIENDA NUEVA', 'REAL,33', '', 'ORELLANA LA VIEJA', '06740', 'Badajoz', 'Spain', '3', 'Transferencia Bancaria', '', '', '', '', '2008-07-22 05:06:22', '2008-07-19 03:59:30', '2', NULL, 'EUR', '1.000000');
insert into orders (orders_id, customers_id, customers_name, customers_company, customers_street_address, customers_suburb, customers_city, customers_postcode, customers_state, customers_country, customers_telephone, customers_email_address, customers_address_format_id, delivery_name, delivery_company, delivery_street_address, delivery_suburb, delivery_city, delivery_postcode, delivery_state, delivery_country, delivery_address_format_id, billing_name, billing_company, billing_street_address, billing_suburb, billing_city, billing_postcode, billing_state, billing_country, billing_address_format_id, payment_method, cc_type, cc_owner, cc_number, cc_expires, last_modified, date_purchased, orders_status, orders_date_finished, currency, currency_value) values ('7', '221', 'ANGELA MACIA', '', 'C.C. EL DELEITE', '', 'ARANJUEZ', '28300', 'Madrid', 'Spain', '608837289', 'FZAMBRANOGOMEZ@GMAIL.COM', '3', 'ANGELA MACIA', '', 'C.C. EL DELEITE', '', 'ARANJUEZ', '28300', 'Madrid', 'Spain', '3', 'ANGELA MACIA', '', 'C.C. EL DELEITE', '', 'ARANJUEZ', '28300', 'Madrid', 'Spain', '3', 'Transferencia Bancaria', '', '', '', '', NULL, '2008-07-23 08:42:59', '1', NULL, 'EUR', '1.000000');
insert into orders (orders_id, customers_id, customers_name, customers_company, customers_street_address, customers_suburb, customers_city, customers_postcode, customers_state, customers_country, customers_telephone, customers_email_address, customers_address_format_id, delivery_name, delivery_company, delivery_street_address, delivery_suburb, delivery_city, delivery_postcode, delivery_state, delivery_country, delivery_address_format_id, billing_name, billing_company, billing_street_address, billing_suburb, billing_city, billing_postcode, billing_state, billing_country, billing_address_format_id, payment_method, cc_type, cc_owner, cc_number, cc_expires, last_modified, date_purchased, orders_status, orders_date_finished, currency, currency_value) values ('8', '226', 'ANTONIA SERRANO ABADIA', '', 'CARLOS IV, LOCAL 5', '', 'GUADALAJARA', '19205', 'Guadalajara', 'Spain', '607443234', 'ANTOSERR64A@YAHOO.ES', '3', 'ANTONIA SERRANO ABADIA', '', 'CARLOS IV, LOCAL 5', '', 'GUADALAJARA', '19205', 'Guadalajara', 'Spain', '3', 'ANTONIA SERRANO ABADIA', '', 'CARLOS IV, LOCAL 5', '', 'GUADALAJARA', '19205', 'Guadalajara', 'Spain', '3', 'Transferencia Bancaria', '', '', '', '', NULL, '2008-07-31 12:15:49', '1', NULL, 'EUR', '1.000000');
insert into orders (orders_id, customers_id, customers_name, customers_company, customers_street_address, customers_suburb, customers_city, customers_postcode, customers_state, customers_country, customers_telephone, customers_email_address, customers_address_format_id, delivery_name, delivery_company, delivery_street_address, delivery_suburb, delivery_city, delivery_postcode, delivery_state, delivery_country, delivery_address_format_id, billing_name, billing_company, billing_street_address, billing_suburb, billing_city, billing_postcode, billing_state, billing_country, billing_address_format_id, payment_method, cc_type, cc_owner, cc_number, cc_expires, last_modified, date_purchased, orders_status, orders_date_finished, currency, currency_value) values ('9', '229', 'asa asa', 'asasa', 'asasa', '', 'asa', 'asas', 'Barcelona', 'Spain', '5555555', 'info@intimultimedia.com', '3', 'asa asa', 'asasa', 'asasa', '', 'asa', 'asas', 'Barcelona', 'Spain', '3', 'asa asa', 'asasa', 'asasa', '', 'asa', 'asas', 'Barcelona', 'Spain', '3', 'Transferencia Bancaria', '', '', '', '', NULL, '2008-08-05 18:23:45', '1', NULL, 'EUR', '1.000000');
insert into orders (orders_id, customers_id, customers_name, customers_company, customers_street_address, customers_suburb, customers_city, customers_postcode, customers_state, customers_country, customers_telephone, customers_email_address, customers_address_format_id, delivery_name, delivery_company, delivery_street_address, delivery_suburb, delivery_city, delivery_postcode, delivery_state, delivery_country, delivery_address_format_id, billing_name, billing_company, billing_street_address, billing_suburb, billing_city, billing_postcode, billing_state, billing_country, billing_address_format_id, payment_method, cc_type, cc_owner, cc_number, cc_expires, last_modified, date_purchased, orders_status, orders_date_finished, currency, currency_value) values ('10', '230', 'amelia gómez', 'merceria amelia', 'avenida de los austrias 14', '', 'burgos', '07010', 'Burgos', 'Spain', '655145362', 'gomam46@yahoo.es', '3', 'amelia gómez', 'merceria amelia', 'avenida de los austrias 14', '', 'burgos', '07010', 'Burgos', 'Spain', '3', 'amelia gómez', 'merceria amelia', 'avenida de los austrias 14', '', 'burgos', '07010', 'Burgos', 'Spain', '3', 'Transferencia Bancaria', '', '', '', '', NULL, '2008-08-07 05:09:41', '1', NULL, 'EUR', '1.000000');
drop table if exists orders_products;
create table orders_products (
  orders_products_id int(11) not null auto_increment,
  orders_id int(11) default '0' not null ,
  products_id int(11) default '0' not null ,
  products_model varchar(12) ,
  products_name varchar(64) not null ,
  products_price decimal(15,4) default '0.0000' not null ,
  final_price decimal(15,4) default '0.0000' not null ,
  products_tax decimal(7,4) default '0.0000' not null ,
  products_quantity int(2) default '0' not null ,
  PRIMARY KEY (orders_products_id),
  KEY orders_id (orders_id),
  KEY products_id (products_id)
);

insert into orders_products (orders_products_id, orders_id, products_id, products_model, products_name, products_price, final_price, products_tax, products_quantity) values ('33', '6', '1140', '', 'COLLAR C/PENDIENTES FASHION SIX', '0.9900', '0.9900', '16.0000', '12');
insert into orders_products (orders_products_id, orders_id, products_id, products_model, products_name, products_price, final_price, products_tax, products_quantity) values ('32', '6', '1268', '', 'CEPILLO PELO 4 SURT. C/EXP.', '0.9900', '0.9900', '16.0000', '24');
insert into orders_products (orders_products_id, orders_id, products_id, products_model, products_name, products_price, final_price, products_tax, products_quantity) values ('31', '6', '1113', '', 'ZAPATILLAS PLAYA', '2.9900', '2.9900', '16.0000', '6');
insert into orders_products (orders_products_id, orders_id, products_id, products_model, products_name, products_price, final_price, products_tax, products_quantity) values ('30', '6', '1109', '', 'SANDALIAS FRESH', '8.5000', '8.5000', '16.0000', '4');
insert into orders_products (orders_products_id, orders_id, products_id, products_model, products_name, products_price, final_price, products_tax, products_quantity) values ('29', '6', '1201', '', 'TOALLA BOLSO FRESH', '6.9500', '6.9500', '16.0000', '4');
insert into orders_products (orders_products_id, orders_id, products_id, products_model, products_name, products_price, final_price, products_tax, products_quantity) values ('28', '6', '1230', '', 'BOLSO NATURE TWO', '4.9900', '4.9900', '16.0000', '2');
insert into orders_products (orders_products_id, orders_id, products_id, products_model, products_name, products_price, final_price, products_tax, products_quantity) values ('27', '6', '1075', '', 'BOLSO ESTERILLA C/ZAPATILLAS + GORRO', '4.9900', '4.9900', '16.0000', '2');
insert into orders_products (orders_products_id, orders_id, products_id, products_model, products_name, products_price, final_price, products_tax, products_quantity) values ('20', '5', '1109', '', 'SANDALIAS FRESH', '8.5000', '8.5000', '16.0000', '4');
insert into orders_products (orders_products_id, orders_id, products_id, products_model, products_name, products_price, final_price, products_tax, products_quantity) values ('21', '5', '1113', '', 'ZAPATILLAS PLAYA', '2.9900', '2.9900', '16.0000', '6');
insert into orders_products (orders_products_id, orders_id, products_id, products_model, products_name, products_price, final_price, products_tax, products_quantity) values ('22', '5', '1201', '', 'TOALLA BOLSO FRESH', '6.9500', '6.9500', '16.0000', '4');
insert into orders_products (orders_products_id, orders_id, products_id, products_model, products_name, products_price, final_price, products_tax, products_quantity) values ('23', '5', '1114', '', 'CEPILLO PELO 4 SURT.', '0.9900', '0.9900', '16.0000', '24');
insert into orders_products (orders_products_id, orders_id, products_id, products_model, products_name, products_price, final_price, products_tax, products_quantity) values ('24', '5', '1047', '', 'PULSERA NATURAL CULTURE', '0.4900', '0.4900', '16.0000', '12');
insert into orders_products (orders_products_id, orders_id, products_id, products_model, products_name, products_price, final_price, products_tax, products_quantity) values ('25', '5', '1140', '', 'COLLAR C/PENDIENTES FASHION SIX', '0.9900', '0.9900', '16.0000', '12');
insert into orders_products (orders_products_id, orders_id, products_id, products_model, products_name, products_price, final_price, products_tax, products_quantity) values ('26', '6', '1295', '', 'BOLSO TOP', '2.5000', '2.5000', '16.0000', '6');
insert into orders_products (orders_products_id, orders_id, products_id, products_model, products_name, products_price, final_price, products_tax, products_quantity) values ('34', '7', '1130', '', 'COLLAR & PULSERA COLORES', '0.9900', '0.9900', '16.0000', '12');
insert into orders_products (orders_products_id, orders_id, products_id, products_model, products_name, products_price, final_price, products_tax, products_quantity) values ('35', '7', '1133', '', 'COLLAR & PULSERA FASHION', '0.9900', '0.9900', '16.0000', '12');
insert into orders_products (orders_products_id, orders_id, products_id, products_model, products_name, products_price, final_price, products_tax, products_quantity) values ('36', '7', '1183', '', 'PULSERA BISUTERIA DOBLE TWO', '1.4900', '1.4900', '16.0000', '6');
insert into orders_products (orders_products_id, orders_id, products_id, products_model, products_name, products_price, final_price, products_tax, products_quantity) values ('37', '7', '1167', '', 'PULSERA BLACK', '1.4900', '1.4900', '16.0000', '12');
insert into orders_products (orders_products_id, orders_id, products_id, products_model, products_name, products_price, final_price, products_tax, products_quantity) values ('38', '7', '1171', '', 'PULSERA FASHION ONE', '1.4900', '1.4900', '16.0000', '12');
insert into orders_products (orders_products_id, orders_id, products_id, products_model, products_name, products_price, final_price, products_tax, products_quantity) values ('39', '7', '1173', '', 'PULSERA FASHION THREE', '1.4900', '1.4900', '16.0000', '12');
insert into orders_products (orders_products_id, orders_id, products_id, products_model, products_name, products_price, final_price, products_tax, products_quantity) values ('40', '7', '1175', '', 'PULSERA FASHION FOUR', '1.4900', '1.4900', '16.0000', '12');
insert into orders_products (orders_products_id, orders_id, products_id, products_model, products_name, products_price, final_price, products_tax, products_quantity) values ('41', '7', '1193', '', 'COLGANTE C/PENDIENTES FRESH', '1.4900', '1.4900', '16.0000', '6');
insert into orders_products (orders_products_id, orders_id, products_id, products_model, products_name, products_price, final_price, products_tax, products_quantity) values ('42', '7', '1196', '', 'COLGANTE C/PENDIENTES FRESH TWO', '1.4900', '1.4900', '16.0000', '6');
insert into orders_products (orders_products_id, orders_id, products_id, products_model, products_name, products_price, final_price, products_tax, products_quantity) values ('43', '7', '1194', '', 'COLGANTE C/PENDIENTES NATUR', '1.4900', '1.4900', '16.0000', '6');
insert into orders_products (orders_products_id, orders_id, products_id, products_model, products_name, products_price, final_price, products_tax, products_quantity) values ('44', '7', '1144', '', 'COLLAR BISUTERIA TOP', '0.9900', '0.9900', '16.0000', '12');
insert into orders_products (orders_products_id, orders_id, products_id, products_model, products_name, products_price, final_price, products_tax, products_quantity) values ('45', '7', '1143', '', 'COLLAR BISUTERIA SURT.', '1.4900', '1.4900', '16.0000', '12');
insert into orders_products (orders_products_id, orders_id, products_id, products_model, products_name, products_price, final_price, products_tax, products_quantity) values ('46', '7', '1049', '', 'COLGANTE METAL WOMAN', '1.4900', '1.4900', '16.0000', '6');
insert into orders_products (orders_products_id, orders_id, products_id, products_model, products_name, products_price, final_price, products_tax, products_quantity) values ('47', '7', '1124', '', 'COLLAR C/INICIAL', '0.9900', '0.9900', '16.0000', '36');
insert into orders_products (orders_products_id, orders_id, products_id, products_model, products_name, products_price, final_price, products_tax, products_quantity) values ('48', '7', '1139', '', 'COLLAR C/PENDIENTES FASHION FIVE', '0.9900', '0.9900', '16.0000', '12');
insert into orders_products (orders_products_id, orders_id, products_id, products_model, products_name, products_price, final_price, products_tax, products_quantity) values ('49', '7', '1268', '', 'CEPILLO PELO 4 SURT. C/EXP.', '0.9900', '0.9900', '16.0000', '24');
insert into orders_products (orders_products_id, orders_id, products_id, products_model, products_name, products_price, final_price, products_tax, products_quantity) values ('50', '7', '1266', '', 'CEPILLO PELO RUBBER', '0.9900', '0.9900', '16.0000', '24');
insert into orders_products (orders_products_id, orders_id, products_id, products_model, products_name, products_price, final_price, products_tax, products_quantity) values ('51', '7', '1117', '', 'SET PELO SURTIDO', '0.9900', '0.9900', '16.0000', '12');
insert into orders_products (orders_products_id, orders_id, products_id, products_model, products_name, products_price, final_price, products_tax, products_quantity) values ('52', '7', '1262', '', 'COLETEROS 100 PCS C/CAJA', '1.4900', '1.4900', '16.0000', '24');
insert into orders_products (orders_products_id, orders_id, products_id, products_model, products_name, products_price, final_price, products_tax, products_quantity) values ('53', '8', '1162', '', '2 PULSERAS C/ACCESORIOS', '0.9900', '0.9900', '16.0000', '12');
insert into orders_products (orders_products_id, orders_id, products_id, products_model, products_name, products_price, final_price, products_tax, products_quantity) values ('54', '8', '1160', '', 'JUEGO 9 PULSERAS TIPO ORO VIEJO', '0.9900', '0.9900', '16.0000', '12');
insert into orders_products (orders_products_id, orders_id, products_id, products_model, products_name, products_price, final_price, products_tax, products_quantity) values ('55', '8', '1127', '', 'PULSERA BISUTERIA STAR', '1.1000', '1.1000', '16.0000', '12');
insert into orders_products (orders_products_id, orders_id, products_id, products_model, products_name, products_price, final_price, products_tax, products_quantity) values ('56', '8', '1167', '', 'PULSERA BLACK', '1.4900', '1.4900', '16.0000', '12');
insert into orders_products (orders_products_id, orders_id, products_id, products_model, products_name, products_price, final_price, products_tax, products_quantity) values ('57', '8', '1129', '', 'PULSERA COLOR', '1.4900', '1.4900', '16.0000', '36');
insert into orders_products (orders_products_id, orders_id, products_id, products_model, products_name, products_price, final_price, products_tax, products_quantity) values ('58', '8', '1186', '', 'PULSERA METAL FASHION FIVE', '1.4900', '1.4900', '16.0000', '36');
insert into orders_products (orders_products_id, orders_id, products_id, products_model, products_name, products_price, final_price, products_tax, products_quantity) values ('59', '8', '1180', '', 'PULSERA METAL STAR', '2.5000', '2.5000', '16.0000', '12');
insert into orders_products (orders_products_id, orders_id, products_id, products_model, products_name, products_price, final_price, products_tax, products_quantity) values ('60', '8', '1164', '', 'PULSERA SPRING EIGHT', '0.9900', '0.9900', '16.0000', '36');
insert into orders_products (orders_products_id, orders_id, products_id, products_model, products_name, products_price, final_price, products_tax, products_quantity) values ('61', '8', '1196', '', 'COLGANTE C/PENDIENTES FRESH TWO', '1.4900', '1.4900', '16.0000', '12');
insert into orders_products (orders_products_id, orders_id, products_id, products_model, products_name, products_price, final_price, products_tax, products_quantity) values ('62', '8', '1049', '', 'COLGANTE METAL WOMAN', '1.4900', '1.4900', '16.0000', '12');
insert into orders_products (orders_products_id, orders_id, products_id, products_model, products_name, products_price, final_price, products_tax, products_quantity) values ('63', '8', '1130', '', 'COLLAR & PULSERA COLORES', '0.9900', '0.9900', '16.0000', '24');
insert into orders_products (orders_products_id, orders_id, products_id, products_model, products_name, products_price, final_price, products_tax, products_quantity) values ('64', '8', '1143', '', 'COLLAR BISUTERIA SURT.', '1.4900', '1.4900', '16.0000', '24');
insert into orders_products (orders_products_id, orders_id, products_id, products_model, products_name, products_price, final_price, products_tax, products_quantity) values ('65', '8', '1124', '', 'COLLAR C/INICIAL', '0.9900', '0.9900', '16.0000', '48');
insert into orders_products (orders_products_id, orders_id, products_id, products_model, products_name, products_price, final_price, products_tax, products_quantity) values ('66', '8', '1145', '', 'COLLAR CORAZONES', '1.4900', '1.4900', '16.0000', '12');
insert into orders_products (orders_products_id, orders_id, products_id, products_model, products_name, products_price, final_price, products_tax, products_quantity) values ('67', '8', '1123', '', 'COLLAR FASHION', '0.9900', '0.9900', '16.0000', '12');
insert into orders_products (orders_products_id, orders_id, products_id, products_model, products_name, products_price, final_price, products_tax, products_quantity) values ('68', '8', '1136', '', 'COLLAR STAR', '0.9900', '0.9900', '16.0000', '12');
insert into orders_products (orders_products_id, orders_id, products_id, products_model, products_name, products_price, final_price, products_tax, products_quantity) values ('69', '8', '1262', '', 'COLETEROS 100 PCS C/CAJA', '1.4900', '1.4900', '16.0000', '12');
insert into orders_products (orders_products_id, orders_id, products_id, products_model, products_name, products_price, final_price, products_tax, products_quantity) values ('70', '8', '1258', '', 'COLETEROS 50 PCS SURT.', '0.9900', '0.9900', '16.0000', '12');
insert into orders_products (orders_products_id, orders_id, products_id, products_model, products_name, products_price, final_price, products_tax, products_quantity) values ('71', '8', '1261', '', 'COLETEROS 60 UND. C/TUBO', '0.9900', '0.9900', '16.0000', '12');
insert into orders_products (orders_products_id, orders_id, products_id, products_model, products_name, products_price, final_price, products_tax, products_quantity) values ('72', '8', '1117', '', 'SET PELO SURTIDO', '0.9900', '0.9900', '16.0000', '24');
insert into orders_products (orders_products_id, orders_id, products_id, products_model, products_name, products_price, final_price, products_tax, products_quantity) values ('73', '8', '1116', '', '24 MINI PINZAS RAYAS', '0.9900', '0.9900', '16.0000', '12');
insert into orders_products (orders_products_id, orders_id, products_id, products_model, products_name, products_price, final_price, products_tax, products_quantity) values ('74', '8', '1235', '', '4 PINZAS SUMMER', '0.9900', '0.9900', '16.0000', '12');
insert into orders_products (orders_products_id, orders_id, products_id, products_model, products_name, products_price, final_price, products_tax, products_quantity) values ('75', '8', '1056', '', 'BLISTER 3 PINZAS SURT.', '0.9900', '0.9900', '16.0000', '12');
insert into orders_products (orders_products_id, orders_id, products_id, products_model, products_name, products_price, final_price, products_tax, products_quantity) values ('76', '9', '1200', '', 'MONEDERO CLIP METAL', '0.9900', '0.9900', '16.0000', '12');
insert into orders_products (orders_products_id, orders_id, products_id, products_model, products_name, products_price, final_price, products_tax, products_quantity) values ('77', '9', '1198', '', 'MONEDERO FLOR', '0.9900', '0.9900', '16.0000', '12');
insert into orders_products (orders_products_id, orders_id, products_id, products_model, products_name, products_price, final_price, products_tax, products_quantity) values ('78', '10', '1043', '', 'BOLSA PLAYA PVC PRINTED CIRCULOS', '1.9500', '1.9500', '16.0000', '6');
insert into orders_products (orders_products_id, orders_id, products_id, products_model, products_name, products_price, final_price, products_tax, products_quantity) values ('79', '10', '1038', '', 'BOLSA PLAYA PVC PRINTED RAYAS', '1.9500', '1.9500', '16.0000', '6');
insert into orders_products (orders_products_id, orders_id, products_id, products_model, products_name, products_price, final_price, products_tax, products_quantity) values ('80', '10', '1039', '', 'BOLSA PLAYA TOP MODEL', '4.9500', '4.9500', '16.0000', '6');
insert into orders_products (orders_products_id, orders_id, products_id, products_model, products_name, products_price, final_price, products_tax, products_quantity) values ('81', '10', '1290', '', 'BOLSO CASUAL SUMMER', '2.9500', '2.9500', '16.0000', '4');
insert into orders_products (orders_products_id, orders_id, products_id, products_model, products_name, products_price, final_price, products_tax, products_quantity) values ('82', '10', '1294', '', 'BOLSO CASUAL SUMMER FOUR', '4.9900', '4.9900', '16.0000', '6');
insert into orders_products (orders_products_id, orders_id, products_id, products_model, products_name, products_price, final_price, products_tax, products_quantity) values ('83', '10', '1292', '', 'BOLSO CASUAL SUMMER THREE', '2.9500', '2.9500', '16.0000', '4');
insert into orders_products (orders_products_id, orders_id, products_id, products_model, products_name, products_price, final_price, products_tax, products_quantity) values ('84', '10', '1291', '', 'BOLSO CASUAL SUMMER TWO', '2.9500', '2.9500', '16.0000', '4');
insert into orders_products (orders_products_id, orders_id, products_id, products_model, products_name, products_price, final_price, products_tax, products_quantity) values ('85', '10', '1228', '', 'BOLSO GIRL ROCK', '4.9900', '4.9900', '16.0000', '6');
insert into orders_products (orders_products_id, orders_id, products_id, products_model, products_name, products_price, final_price, products_tax, products_quantity) values ('86', '10', '1299', '', 'BOLSO INDIE', '3.5000', '3.5000', '16.0000', '6');
insert into orders_products (orders_products_id, orders_id, products_id, products_model, products_name, products_price, final_price, products_tax, products_quantity) values ('87', '10', '1229', '', 'BOLSO NATURE', '4.9900', '4.9900', '16.0000', '6');
insert into orders_products (orders_products_id, orders_id, products_id, products_model, products_name, products_price, final_price, products_tax, products_quantity) values ('88', '10', '1231', '', 'BOLSO NATURE THREE', '4.9900', '4.9900', '16.0000', '6');
insert into orders_products (orders_products_id, orders_id, products_id, products_model, products_name, products_price, final_price, products_tax, products_quantity) values ('89', '10', '1230', '', 'BOLSO NATURE TWO', '4.9900', '4.9900', '16.0000', '6');
insert into orders_products (orders_products_id, orders_id, products_id, products_model, products_name, products_price, final_price, products_tax, products_quantity) values ('90', '10', '1073', '', 'BOLSO STAR', '5.6000', '5.6000', '16.0000', '6');
insert into orders_products (orders_products_id, orders_id, products_id, products_model, products_name, products_price, final_price, products_tax, products_quantity) values ('91', '10', '1227', '', 'BOLSO STAR TWO', '4.9900', '4.9900', '16.0000', '6');
insert into orders_products (orders_products_id, orders_id, products_id, products_model, products_name, products_price, final_price, products_tax, products_quantity) values ('92', '10', '1072', '', 'BOLSO SUMMER', '4.9500', '4.9500', '16.0000', '6');
drop table if exists orders_products_attributes;
create table orders_products_attributes (
  orders_products_attributes_id int(11) not null auto_increment,
  orders_id int(11) default '0' not null ,
  orders_products_id int(11) default '0' not null ,
  products_options varchar(32) not null ,
  products_options_values varchar(32) not null ,
  options_values_price decimal(15,4) default '0.0000' not null ,
  price_prefix char(1) not null ,
  PRIMARY KEY (orders_products_attributes_id),
  KEY orders_products_id (orders_products_id)
);

insert into orders_products_attributes (orders_products_attributes_id, orders_id, orders_products_id, products_options, products_options_values, options_values_price, price_prefix) values ('4', '5', '20', 'Talla', '37', '0.0000', '+');
insert into orders_products_attributes (orders_products_attributes_id, orders_id, orders_products_id, products_options, products_options_values, options_values_price, price_prefix) values ('3', '5', '20', 'Colores', 'Beige', '0.0000', '+');
insert into orders_products_attributes (orders_products_attributes_id, orders_id, orders_products_id, products_options, products_options_values, options_values_price, price_prefix) values ('5', '5', '21', 'Colores', 'Azul', '0.0000', '+');
insert into orders_products_attributes (orders_products_attributes_id, orders_id, orders_products_id, products_options, products_options_values, options_values_price, price_prefix) values ('6', '5', '21', 'Talla', '38', '0.0000', '+');
insert into orders_products_attributes (orders_products_attributes_id, orders_id, orders_products_id, products_options, products_options_values, options_values_price, price_prefix) values ('7', '5', '23', 'Colores', 'Oro', '0.0000', '+');
insert into orders_products_attributes (orders_products_attributes_id, orders_id, orders_products_id, products_options, products_options_values, options_values_price, price_prefix) values ('8', '5', '25', 'Colores', 'Marrón', '0.0000', '+');
insert into orders_products_attributes (orders_products_attributes_id, orders_id, orders_products_id, products_options, products_options_values, options_values_price, price_prefix) values ('9', '5', '25', 'Modelo', 'Flor', '0.0000', '+');
insert into orders_products_attributes (orders_products_attributes_id, orders_id, orders_products_id, products_options, products_options_values, options_values_price, price_prefix) values ('10', '6', '26', 'Colores', 'Rojo', '0.0000', '+');
insert into orders_products_attributes (orders_products_attributes_id, orders_id, orders_products_id, products_options, products_options_values, options_values_price, price_prefix) values ('11', '6', '27', 'Colores', 'Rosa', '0.0000', '+');
insert into orders_products_attributes (orders_products_attributes_id, orders_id, orders_products_id, products_options, products_options_values, options_values_price, price_prefix) values ('12', '6', '30', 'Colores', 'Beige', '0.0000', '+');
insert into orders_products_attributes (orders_products_attributes_id, orders_id, orders_products_id, products_options, products_options_values, options_values_price, price_prefix) values ('13', '6', '30', 'Talla', '37', '0.0000', '+');
insert into orders_products_attributes (orders_products_attributes_id, orders_id, orders_products_id, products_options, products_options_values, options_values_price, price_prefix) values ('14', '6', '31', 'Colores', 'Azul', '0.0000', '+');
insert into orders_products_attributes (orders_products_attributes_id, orders_id, orders_products_id, products_options, products_options_values, options_values_price, price_prefix) values ('15', '6', '31', 'Talla', '38', '0.0000', '+');
insert into orders_products_attributes (orders_products_attributes_id, orders_id, orders_products_id, products_options, products_options_values, options_values_price, price_prefix) values ('16', '6', '33', 'Colores', 'Marrón', '0.0000', '+');
insert into orders_products_attributes (orders_products_attributes_id, orders_id, orders_products_id, products_options, products_options_values, options_values_price, price_prefix) values ('17', '6', '33', 'Modelo', 'Flor', '0.0000', '+');
insert into orders_products_attributes (orders_products_attributes_id, orders_id, orders_products_id, products_options, products_options_values, options_values_price, price_prefix) values ('18', '7', '35', 'Colores', 'Rosa', '0.0000', '+');
insert into orders_products_attributes (orders_products_attributes_id, orders_id, orders_products_id, products_options, products_options_values, options_values_price, price_prefix) values ('19', '7', '36', 'Modelo', 'Rectangular', '0.0000', '+');
insert into orders_products_attributes (orders_products_attributes_id, orders_id, orders_products_id, products_options, products_options_values, options_values_price, price_prefix) values ('20', '7', '38', 'Colores', 'Multicolor', '0.0000', '+');
insert into orders_products_attributes (orders_products_attributes_id, orders_id, orders_products_id, products_options, products_options_values, options_values_price, price_prefix) values ('21', '7', '39', 'Colores', 'Multicolor', '0.0000', '+');
insert into orders_products_attributes (orders_products_attributes_id, orders_id, orders_products_id, products_options, products_options_values, options_values_price, price_prefix) values ('22', '7', '40', 'Colores', 'Multicolor', '0.0000', '+');
insert into orders_products_attributes (orders_products_attributes_id, orders_id, orders_products_id, products_options, products_options_values, options_values_price, price_prefix) values ('23', '7', '41', 'Colores', 'Naranja', '0.0000', '+');
insert into orders_products_attributes (orders_products_attributes_id, orders_id, orders_products_id, products_options, products_options_values, options_values_price, price_prefix) values ('24', '7', '42', 'Colores', 'Celeste', '0.0000', '+');
insert into orders_products_attributes (orders_products_attributes_id, orders_id, orders_products_id, products_options, products_options_values, options_values_price, price_prefix) values ('25', '7', '43', 'Colores', 'Caoba', '0.0000', '+');
insert into orders_products_attributes (orders_products_attributes_id, orders_id, orders_products_id, products_options, products_options_values, options_values_price, price_prefix) values ('26', '7', '44', 'Modelo', 'Circular', '0.0000', '+');
insert into orders_products_attributes (orders_products_attributes_id, orders_id, orders_products_id, products_options, products_options_values, options_values_price, price_prefix) values ('27', '7', '45', 'Modelo', 'Fresa', '0.0000', '+');
insert into orders_products_attributes (orders_products_attributes_id, orders_id, orders_products_id, products_options, products_options_values, options_values_price, price_prefix) values ('28', '7', '46', 'Modelo', 'Cuadro', '0.0000', '+');
insert into orders_products_attributes (orders_products_attributes_id, orders_id, orders_products_id, products_options, products_options_values, options_values_price, price_prefix) values ('29', '7', '48', 'Colores', 'Rojo', '0.0000', '+');
insert into orders_products_attributes (orders_products_attributes_id, orders_id, orders_products_id, products_options, products_options_values, options_values_price, price_prefix) values ('30', '7', '48', 'Modelo', 'Pez', '0.0000', '+');
insert into orders_products_attributes (orders_products_attributes_id, orders_id, orders_products_id, products_options, products_options_values, options_values_price, price_prefix) values ('31', '8', '57', 'Colores', 'Azul', '0.0000', '+');
insert into orders_products_attributes (orders_products_attributes_id, orders_id, orders_products_id, products_options, products_options_values, options_values_price, price_prefix) values ('32', '8', '59', 'Colores', 'Lila', '0.0000', '+');
insert into orders_products_attributes (orders_products_attributes_id, orders_id, orders_products_id, products_options, products_options_values, options_values_price, price_prefix) values ('33', '8', '60', 'Colores', 'Lila', '0.0000', '+');
insert into orders_products_attributes (orders_products_attributes_id, orders_id, orders_products_id, products_options, products_options_values, options_values_price, price_prefix) values ('34', '8', '61', 'Colores', 'Celeste', '0.0000', '+');
insert into orders_products_attributes (orders_products_attributes_id, orders_id, orders_products_id, products_options, products_options_values, options_values_price, price_prefix) values ('35', '8', '62', 'Modelo', 'Cuadro', '0.0000', '+');
insert into orders_products_attributes (orders_products_attributes_id, orders_id, orders_products_id, products_options, products_options_values, options_values_price, price_prefix) values ('36', '8', '64', 'Modelo', 'Fresa', '0.0000', '+');
insert into orders_products_attributes (orders_products_attributes_id, orders_id, orders_products_id, products_options, products_options_values, options_values_price, price_prefix) values ('37', '8', '66', 'Colores', 'Amarillo', '0.0000', '+');
insert into orders_products_attributes (orders_products_attributes_id, orders_id, orders_products_id, products_options, products_options_values, options_values_price, price_prefix) values ('38', '8', '67', 'Colores', 'Rosa', '0.0000', '+');
insert into orders_products_attributes (orders_products_attributes_id, orders_id, orders_products_id, products_options, products_options_values, options_values_price, price_prefix) values ('39', '8', '68', 'Colores', 'Azul', '0.0000', '+');
insert into orders_products_attributes (orders_products_attributes_id, orders_id, orders_products_id, products_options, products_options_values, options_values_price, price_prefix) values ('40', '8', '70', 'Colores', 'Azul', '0.0000', '+');
insert into orders_products_attributes (orders_products_attributes_id, orders_id, orders_products_id, products_options, products_options_values, options_values_price, price_prefix) values ('41', '8', '74', 'Colores', 'Rosa', '0.0000', '+');
insert into orders_products_attributes (orders_products_attributes_id, orders_id, orders_products_id, products_options, products_options_values, options_values_price, price_prefix) values ('42', '9', '76', 'Colores', 'Celeste', '0.0000', '+');
insert into orders_products_attributes (orders_products_attributes_id, orders_id, orders_products_id, products_options, products_options_values, options_values_price, price_prefix) values ('43', '9', '77', 'Colores', 'Rosa', '0.0000', '+');
insert into orders_products_attributes (orders_products_attributes_id, orders_id, orders_products_id, products_options, products_options_values, options_values_price, price_prefix) values ('44', '10', '78', 'Colores', 'Verde', '0.0000', '+');
insert into orders_products_attributes (orders_products_attributes_id, orders_id, orders_products_id, products_options, products_options_values, options_values_price, price_prefix) values ('45', '10', '79', 'Colores', 'Azul', '0.0000', '+');
insert into orders_products_attributes (orders_products_attributes_id, orders_id, orders_products_id, products_options, products_options_values, options_values_price, price_prefix) values ('46', '10', '80', 'Colores', 'Verde', '0.0000', '+');
insert into orders_products_attributes (orders_products_attributes_id, orders_id, orders_products_id, products_options, products_options_values, options_values_price, price_prefix) values ('47', '10', '81', 'Colores', 'Azul', '0.0000', '+');
insert into orders_products_attributes (orders_products_attributes_id, orders_id, orders_products_id, products_options, products_options_values, options_values_price, price_prefix) values ('48', '10', '82', 'Colores', 'Marrón', '0.0000', '+');
insert into orders_products_attributes (orders_products_attributes_id, orders_id, orders_products_id, products_options, products_options_values, options_values_price, price_prefix) values ('49', '10', '83', 'Colores', 'Verde', '0.0000', '+');
insert into orders_products_attributes (orders_products_attributes_id, orders_id, orders_products_id, products_options, products_options_values, options_values_price, price_prefix) values ('50', '10', '84', 'Colores', 'Azul', '0.0000', '+');
insert into orders_products_attributes (orders_products_attributes_id, orders_id, orders_products_id, products_options, products_options_values, options_values_price, price_prefix) values ('51', '10', '85', 'Colores', 'Azul', '0.0000', '+');
insert into orders_products_attributes (orders_products_attributes_id, orders_id, orders_products_id, products_options, products_options_values, options_values_price, price_prefix) values ('52', '10', '90', 'Colores', 'Azul', '0.0000', '+');
insert into orders_products_attributes (orders_products_attributes_id, orders_id, orders_products_id, products_options, products_options_values, options_values_price, price_prefix) values ('53', '10', '91', 'Colores', 'Azul', '0.0000', '+');
insert into orders_products_attributes (orders_products_attributes_id, orders_id, orders_products_id, products_options, products_options_values, options_values_price, price_prefix) values ('54', '10', '92', 'Colores', 'Rosa', '0.0000', '+');
drop table if exists orders_products_download;
create table orders_products_download (
  orders_products_download_id int(11) not null auto_increment,
  orders_id int(11) default '0' not null ,
  orders_products_id int(11) default '0' not null ,
  orders_products_filename varchar(255) not null ,
  download_maxdays int(2) default '0' not null ,
  download_count int(2) default '0' not null ,
  PRIMARY KEY (orders_products_download_id)
);

drop table if exists orders_status;
create table orders_status (
  orders_status_id int(11) default '0' not null ,
  language_id int(11) default '1' not null ,
  orders_status_name varchar(32) not null ,
  PRIMARY KEY (orders_status_id, language_id),
  KEY idx_orders_status_name (orders_status_name)
);

insert into orders_status (orders_status_id, language_id, orders_status_name) values ('1', '2', 'Pendiente');
insert into orders_status (orders_status_id, language_id, orders_status_name) values ('2', '2', 'Procesando');
insert into orders_status (orders_status_id, language_id, orders_status_name) values ('3', '2', 'Entregado');
insert into orders_status (orders_status_id, language_id, orders_status_name) values ('100', '2', 'Google New');
insert into orders_status (orders_status_id, language_id, orders_status_name) values ('101', '2', 'Google Processing');
insert into orders_status (orders_status_id, language_id, orders_status_name) values ('102', '2', 'Google Shipped');
insert into orders_status (orders_status_id, language_id, orders_status_name) values ('103', '2', 'Google Refunded');
insert into orders_status (orders_status_id, language_id, orders_status_name) values ('104', '2', 'Google Shipped and Refunded');
insert into orders_status (orders_status_id, language_id, orders_status_name) values ('105', '2', 'Google Canceled');
drop table if exists orders_status_history;
create table orders_status_history (
  orders_status_history_id int(11) not null auto_increment,
  orders_id int(11) default '0' not null ,
  orders_status_id int(5) default '0' not null ,
  date_added datetime default '0000-00-00 00:00:00' not null ,
  customer_notified int(1) default '0' ,
  comments text ,
  PRIMARY KEY (orders_status_history_id)
);

insert into orders_status_history (orders_status_history_id, orders_id, orders_status_id, date_added, customer_notified, comments) values ('9', '6', '1', '2008-07-19 03:59:30', '1', 'cancelo anterior pedido con fecha del 15 y solicito éste con fecha 19 de julio con las mismas condiciones los packs surtidos en color y tallas .');
insert into orders_status_history (orders_status_history_id, orders_id, orders_status_id, date_added, customer_notified, comments) values ('8', '5', '1', '2008-07-15 12:02:11', '1', 'los packs de calzados los quiero surtido en color y las tallas 36-39. y en bisuteria tambien surtidos en colores. gracias.');
insert into orders_status_history (orders_status_history_id, orders_id, orders_status_id, date_added, customer_notified, comments) values ('10', '5', '3', '2008-07-22 05:06:04', '0', '');
insert into orders_status_history (orders_status_history_id, orders_id, orders_status_id, date_added, customer_notified, comments) values ('11', '6', '2', '2008-07-22 05:06:22', '0', '');
insert into orders_status_history (orders_status_history_id, orders_id, orders_status_id, date_added, customer_notified, comments) values ('12', '7', '1', '2008-07-23 08:42:59', '1', '');
insert into orders_status_history (orders_status_history_id, orders_id, orders_status_id, date_added, customer_notified, comments) values ('13', '8', '1', '2008-07-31 12:15:49', '1', '');
insert into orders_status_history (orders_status_history_id, orders_id, orders_status_id, date_added, customer_notified, comments) values ('14', '9', '1', '2008-08-05 18:23:45', '1', 'esto es una prueba');
insert into orders_status_history (orders_status_history_id, orders_id, orders_status_id, date_added, customer_notified, comments) values ('15', '10', '1', '2008-08-07 05:09:41', '1', '');
drop table if exists orders_total;
create table orders_total (
  orders_total_id int(10) unsigned not null auto_increment,
  orders_id int(11) default '0' not null ,
  title varchar(255) not null ,
  text varchar(255) not null ,
  value decimal(15,4) default '0.0000' not null ,
  class varchar(32) not null ,
  sort_order int(11) default '0' not null ,
  PRIMARY KEY (orders_total_id),
  KEY idx_orders_total_orders_id (orders_id)
);

insert into orders_total (orders_total_id, orders_id, title, text, value, class, sort_order) values ('25', '6', 'IVA 16%:', '24.05EUR', '24.0544', 'ot_tax', '2');
insert into orders_total (orders_total_id, orders_id, title, text, value, class, sort_order) values ('26', '6', 'R.E. 4%:', '6.01EUR', '6.0136', 'ot_tax', '2');
insert into orders_total (orders_total_id, orders_id, title, text, value, class, sort_order) values ('24', '6', 'Subtotal:', '150.34EUR', '150.3400', 'ot_subtotal', '1');
insert into orders_total (orders_total_id, orders_id, title, text, value, class, sort_order) values ('23', '5', 'Total:', '<b>163.51EUR</b>', '163.5120', 'ot_total', '4');
insert into orders_total (orders_total_id, orders_id, title, text, value, class, sort_order) values ('20', '5', 'IVA 16%:', '19.40EUR', '19.4016', 'ot_tax', '2');
insert into orders_total (orders_total_id, orders_id, title, text, value, class, sort_order) values ('21', '5', 'R.E. 4%:', '4.85EUR', '4.8504', 'ot_tax', '2');
insert into orders_total (orders_total_id, orders_id, title, text, value, class, sort_order) values ('22', '5', 'Mensajero (Tarifa):', '18.00EUR', '18.0000', 'ot_shipping', '3');
insert into orders_total (orders_total_id, orders_id, title, text, value, class, sort_order) values ('19', '5', 'Subtotal:', '121.26EUR', '121.2600', 'ot_subtotal', '1');
insert into orders_total (orders_total_id, orders_id, title, text, value, class, sort_order) values ('27', '6', 'Mensajero (Tarifa):', '18.00EUR', '18.0000', 'ot_shipping', '3');
insert into orders_total (orders_total_id, orders_id, title, text, value, class, sort_order) values ('28', '6', 'Total:', '<b>198.41EUR</b>', '198.4080', 'ot_total', '4');
insert into orders_total (orders_total_id, orders_id, title, text, value, class, sort_order) values ('29', '7', 'Subtotal:', '312.42EUR', '312.4200', 'ot_subtotal', '1');
insert into orders_total (orders_total_id, orders_id, title, text, value, class, sort_order) values ('30', '7', 'IVA 16%:', '49.99EUR', '49.9872', 'ot_tax', '2');
insert into orders_total (orders_total_id, orders_id, title, text, value, class, sort_order) values ('31', '7', 'R.E. 4%:', '12.50EUR', '12.4968', 'ot_tax', '2');
insert into orders_total (orders_total_id, orders_id, title, text, value, class, sort_order) values ('32', '7', 'Mensajero (Tarifa):', '18.00EUR', '18.0000', 'ot_shipping', '3');
insert into orders_total (orders_total_id, orders_id, title, text, value, class, sort_order) values ('33', '7', 'Total:', '<b>392.90EUR</b>', '392.9040', 'ot_total', '4');
insert into orders_total (orders_total_id, orders_id, title, text, value, class, sort_order) values ('34', '8', 'Subtotal:', '513.24EUR', '513.2400', 'ot_subtotal', '1');
insert into orders_total (orders_total_id, orders_id, title, text, value, class, sort_order) values ('35', '8', 'IVA 16%:', '82.12EUR', '82.1184', 'ot_tax', '2');
insert into orders_total (orders_total_id, orders_id, title, text, value, class, sort_order) values ('36', '8', 'R.E. 4%:', '20.53EUR', '20.5296', 'ot_tax', '2');
insert into orders_total (orders_total_id, orders_id, title, text, value, class, sort_order) values ('37', '8', 'Mensajero (Tarifa):', '18.00EUR', '18.0000', 'ot_shipping', '3');
insert into orders_total (orders_total_id, orders_id, title, text, value, class, sort_order) values ('38', '8', 'Total:', '<b>633.89EUR</b>', '633.8880', 'ot_total', '4');
insert into orders_total (orders_total_id, orders_id, title, text, value, class, sort_order) values ('39', '9', 'Subtotal:', '23.76EUR', '23.7600', 'ot_subtotal', '1');
insert into orders_total (orders_total_id, orders_id, title, text, value, class, sort_order) values ('40', '9', 'IVA 16%:', '3.80EUR', '3.8016', 'ot_tax', '2');
insert into orders_total (orders_total_id, orders_id, title, text, value, class, sort_order) values ('41', '9', 'R.E. 4%:', '0.95EUR', '0.9504', 'ot_tax', '2');
insert into orders_total (orders_total_id, orders_id, title, text, value, class, sort_order) values ('42', '9', 'Mensajero (Tarifa):', '18.00EUR', '18.0000', 'ot_shipping', '3');
insert into orders_total (orders_total_id, orders_id, title, text, value, class, sort_order) values ('43', '9', 'Total:', '<b>46.51EUR</b>', '46.5120', 'ot_total', '4');
insert into orders_total (orders_total_id, orders_id, title, text, value, class, sort_order) values ('44', '10', 'Subtotal:', '352.44EUR', '352.4400', 'ot_subtotal', '1');
insert into orders_total (orders_total_id, orders_id, title, text, value, class, sort_order) values ('45', '10', 'IVA 16%:', '56.39EUR', '56.3904', 'ot_tax', '2');
insert into orders_total (orders_total_id, orders_id, title, text, value, class, sort_order) values ('46', '10', 'R.E. 4%:', '14.10EUR', '14.0976', 'ot_tax', '2');
insert into orders_total (orders_total_id, orders_id, title, text, value, class, sort_order) values ('47', '10', 'Mensajero (Tarifa):', '18.00EUR', '18.0000', 'ot_shipping', '3');
insert into orders_total (orders_total_id, orders_id, title, text, value, class, sort_order) values ('48', '10', 'Total:', '<b>440.93EUR</b>', '440.9280', 'ot_total', '4');
drop table if exists pages;
create table pages (
  pages_id int(11) not null auto_increment,
  pages_name varchar(32) not null ,
  pages_image varchar(64) not null ,
  sort_order int(3) default '0' not null ,
  pages_status tinyint(1) default '0' not null ,
  PRIMARY KEY (pages_id)
);

insert into pages (pages_id, pages_name, pages_image, sort_order, pages_status) values ('7', 'faq', '', '1', '1');
insert into pages (pages_id, pages_name, pages_image, sort_order, pages_status) values ('2', 'contact_us', '', '-100', '1');
insert into pages (pages_id, pages_name, pages_image, sort_order, pages_status) values ('9', 'conditions', '', '4', '1');
insert into pages (pages_id, pages_name, pages_image, sort_order, pages_status) values ('8', 'privacy', '', '5', '1');
insert into pages (pages_id, pages_name, pages_image, sort_order, pages_status) values ('6', 'about_us', '', '3', '1');
insert into pages (pages_id, pages_name, pages_image, sort_order, pages_status) values ('10', 'shipping', '', '2', '1');
drop table if exists pages_description;
create table pages_description (
  pages_id int(11) default '0' not null ,
  language_id int(11) default '0' not null ,
  pages_title varchar(255) not null ,
  pages_body text not null ,
  PRIMARY KEY (pages_id, language_id)
);

insert into pages_description (pages_id, language_id, pages_title, pages_body) values ('1', '1', 'Home Page', 'Place your home page text here...');
insert into pages_description (pages_id, language_id, pages_title, pages_body) values ('2', '1', 'Contact Us', 'Place your contact us text here...');
insert into pages_description (pages_id, language_id, pages_title, pages_body) values ('1', '2', 'Nosotros', 'Texto aqui');
insert into pages_description (pages_id, language_id, pages_title, pages_body) values ('2', '2', 'Contactenos', '<P><FONT face=\"Verdana, Arial, Helvetica, sans-serif\" size=2>Utiliza este formulario para hacernos llegar tus consultas</FONT></P>');
insert into pages_description (pages_id, language_id, pages_title, pages_body) values ('1', '4', 'Home Page', 'Vul hier uw eigen tekst in');
insert into pages_description (pages_id, language_id, pages_title, pages_body) values ('2', '4', 'Neem contact op', 'Vul hier uw eigen tekst in');
insert into pages_description (pages_id, language_id, pages_title, pages_body) values ('7', '2', 'Preguntas Frecuentes', '<SPAN style=\"FONT-SIZE: 8pt; COLOR: gray; FONT-FAMILY: \'Verdana\',\'sans-serif\'\"><SPAN class=EC_estilo61><SPAN style=\"COLOR: gray\">
<P><FONT face=Verdana color=#666666 size=2><STRONG>1.- ¿Cuánto tarda en llegar mi envío?</STRONG></FONT></P></SPAN></SPAN></SPAN>
<P><SPAN style=\"FONT-SIZE: 8pt; COLOR: gray; FONT-FAMILY: \'Verdana\',\'sans-serif\'\"><SPAN class=EC_estilo61><SPAN style=\"COLOR: gray\"><FONT color=#666666>Los plazos de entrega de nuestros productos, varían dependiendo del destino. Para España (península), disponemos de un plazo de entrega aproximado de 7 días. Para Canarias, Ceuta y Melilla, el plazo de entrega se amplía a 10/15 días y para destinos de Europa e Internacionales, el plazo aproximado es de 20/25 días. </FONT></SPAN></SPAN></SPAN></P>
<P><SPAN class=EC_estilo61><SPAN style=\"FONT-SIZE: 8pt; COLOR: gray; FONT-FAMILY: \'Verdana\',\'sans-serif\'\"><FONT color=#666666>En caso de no disponer temporalmente de alguno de nuestros productos, la reserva de su pedido quedará efectuada hasta recibir las nuevas remesas del artículo agotado. </FONT></SPAN></SPAN><SPAN style=\"FONT-SIZE: 8pt; COLOR: gray; FONT-FAMILY: \'Verdana\',\'sans-serif\'\"><BR><BR><SPAN class=EC_estilo81><SPAN style=\"COLOR: gray\"><STRONG><FONT color=#666666 size=2>2.- ¿Puedo comprar en sus instalaciones?</FONT></STRONG></SPAN></SPAN><SPAN><BR><BR><SPAN style=\"COLOR: gray\"><FONT color=#666666><FONT color=#666666>TOPSTAR.ES&nbsp;es una empresa de venta a por Internet, por lo tanto, no disponemos de una tienda física como tal para realizar sus compras.</FONT> </FONT></SPAN></SPAN></SPAN><SPAN class=EC_estilo61><SPAN style=\"FONT-SIZE: 8pt; COLOR: gray\"></SPAN></SPAN></P>
<P class=EC_estilo9><FONT color=#666666><STRONG><SPAN style=\"FONT-SIZE: 8pt; COLOR: gray; FONT-FAMILY: \'Verdana\',\'sans-serif\'\"><FONT color=#666666>3.- Vivo fuera de España: ¿puedo comprar en&nbsp;TOP STAR</FONT></SPAN></STRONG><SPAN style=\"FONT-SIZE: 8pt; COLOR: gray; FONT-FAMILY: \'Verdana\',\'sans-serif\'\">&nbsp;</SPAN><SPAN></SPAN></FONT></P>
<P class=EC_estilo9><SPAN style=\"FONT-SIZE: 8pt; COLOR: gray; FONT-FAMILY: \'Verdana\',\'sans-serif\'\"><FONT color=#666666><FONT color=#666666>Sí, puede comprar desde fuera de España. Consulte la sección de \"Tabla de Gastos de Envío\" para ver las condiciones y precios de los envíos internacionales.<BR></FONT><BR><STRONG><SPAN style=\"FONT-FAMILY: \'Verdana\',\'sans-serif\'\">4.- ¿Qué pasa si quiero comprar pero no quiero inscribirme?</SPAN></STRONG> </FONT></SPAN></P>
<P class=EC_estilo9><SPAN style=\"FONT-SIZE: 8pt; COLOR: gray; FONT-FAMILY: \'Verdana\',\'sans-serif\'\"><FONT color=#666666>Nuestros datos están registrados en un fichero cumpliendo con la normativa de la Agencia de Protección de Datos. Si un cliente quiere que no guardemos sus datos sólo tiene que comunicárnoslo a </FONT><A href=\"mailto:clientes@topstar.es\"><FONT color=#666666>clientes@topstar.es</FONT></A> </SPAN></P>
<P class=EC_MsoNormal style=\"LINE-HEIGHT: normal\"><SPAN style=\"FONT-SIZE: 8pt; COLOR: gray; FONT-FAMILY: \'Verdana\',\'sans-serif\'\"><B><FONT color=#666666>5.- ¿De qué formas de pago dispongo?</FONT></B></SPAN></P>
<P class=EC_MsoNormal style=\"LINE-HEIGHT: normal\"><SPAN style=\"FONT-SIZE: 8pt; COLOR: gray; FONT-FAMILY: \'Verdana\',\'sans-serif\'\"><FONT color=#666666>Puede pagar cómodamente y de forma segura su compra con su tarjeta de crédito o débito. Igualmente puede abonar su pedido mediante pago contra reembolso (opción únicamente disponible para España y para clientes particulares). Para nuestros clientes comerciantes y empresas disponemos de una opción de pago mediante transferencia bancaria.<BR></FONT><B><BR><FONT color=#666666>Tabla de gastos de envío para Clientes Particulares</FONT></B></SPAN></P>
<P class=EC_MsoNormal style=\"LINE-HEIGHT: normal\"><SPAN style=\"FONT-SIZE: 8pt; COLOR: gray; FONT-FAMILY: \'Verdana\',\'sans-serif\'\"><FONT color=#666666>En esta tabla le indicamos el precio y el tiempo estimado de envío según la provincia o el país al que quiere que le enviemos los artículos.</FONT></SPAN></P><B><SPAN style=\"FONT-SIZE: 8pt; COLOR: gray; FONT-FAMILY: \'Verdana\',\'sans-serif\'\"><SPAN style=\"FONT-SIZE: 8pt; COLOR: gray; FONT-FAMILY: \'Verdana\',\'sans-serif\'\"></SPAN></SPAN></B><B><SPAN style=\"FONT-SIZE: 8pt; COLOR: gray; FONT-FAMILY: \'Verdana\',\'sans-serif\'\"><SPAN style=\"FONT-SIZE: 8pt; COLOR: gray; FONT-FAMILY: \'Verdana\',\'sans-serif\'\">
<P class=EC_MsoNormal style=\"LINE-HEIGHT: normal\"><SPAN style=\"FONT-SIZE: 8pt; COLOR: gray; FONT-FAMILY: \'Verdana\',\'sans-serif\'\">
<TABLE style=\"WIDTH: 407pt; BORDER-COLLAPSE: collapse\" cellSpacing=0 cellPadding=0 width=542 border=0 x:str>
<COLGROUP><FONT color=#666666>
<COL style=\"WIDTH: 95pt; mso-width-source: userset; mso-width-alt: 4644\" width=127>
<COL style=\"WIDTH: 84pt; mso-width-source: userset; mso-width-alt: 4096\" width=112>
<COL style=\"WIDTH: 60pt\" width=80>
<COL style=\"WIDTH: 107pt; mso-width-source: userset; mso-width-alt: 5193\" width=142>
<COL style=\"WIDTH: 61pt; mso-width-source: userset; mso-width-alt: 2962\" width=81></FONT>
<TBODY>
<TR style=\"HEIGHT: 13.5pt\" height=18>
<TD class=xl27 style=\"BORDER-RIGHT: windowtext 1pt solid; BORDER-TOP: windowtext 1pt solid; BORDER-LEFT: windowtext 1pt solid; WIDTH: 95pt; BORDER-BOTTOM: windowtext 1pt solid; HEIGHT: 13.5pt; BACKGROUND-COLOR: transparent\" width=127 height=18><FONT size=1><STRONG><FONT color=#666666><SPAN style=\"mso-spacerun: yes\">&nbsp;</SPAN>Destino</FONT></STRONG></FONT></TD>
<TD class=xl27 style=\"BORDER-RIGHT: windowtext 1pt solid; BORDER-TOP: windowtext 1pt solid; BORDER-LEFT: windowtext 1pt solid; WIDTH: 84pt; BORDER-BOTTOM: windowtext 1pt solid; BACKGROUND-COLOR: transparent\" width=112><FONT size=1><STRONG><FONT color=#666666><SPAN style=\"mso-spacerun: yes\">&nbsp;</SPAN>Método</FONT></STRONG></FONT></TD>
<TD class=xl25 style=\"BORDER-RIGHT: #f4f4f4; BORDER-TOP: windowtext 1pt solid; BORDER-LEFT: windowtext 1pt solid; WIDTH: 60pt; BORDER-BOTTOM: windowtext 1pt solid; BACKGROUND-COLOR: transparent\" width=80><FONT size=1><STRONG><FONT color=#666666><SPAN style=\"mso-spacerun: yes\">&nbsp;</SPAN>Precio</FONT></STRONG></FONT></TD>
<TD class=xl26 style=\"BORDER-RIGHT: windowtext 1pt solid; BORDER-TOP: windowtext 1pt solid; BORDER-LEFT: #f4f4f4; WIDTH: 107pt; BORDER-BOTTOM: windowtext 1pt solid; BACKGROUND-COLOR: transparent\" width=142><FONT color=#666666 size=1><STRONG>&nbsp;</STRONG></FONT></TD>
<TD class=xl27 style=\"BORDER-RIGHT: windowtext 1pt solid; BORDER-TOP: windowtext 1pt solid; BORDER-LEFT: windowtext 1pt solid; WIDTH: 61pt; BORDER-BOTTOM: windowtext 1pt solid; BACKGROUND-COLOR: transparent\" width=81><STRONG><FONT size=1><FONT color=#666666><SPAN style=\"mso-spacerun: yes\">&nbsp;</SPAN>Tiempo</FONT></FONT></STRONG></TD></TR>
<TR style=\"HEIGHT: 12.75pt\" height=17>
<TD class=xl38 style=\"BORDER-RIGHT: windowtext 1pt solid; BORDER-TOP: #f4f4f4; BORDER-LEFT: windowtext 1pt solid; BORDER-BOTTOM: windowtext 0.5pt solid; HEIGHT: 12.75pt; BACKGROUND-COLOR: transparent\" height=17><FONT color=#666666 size=1>España</FONT></TD>
<TD class=xl38 style=\"BORDER-RIGHT: windowtext 1pt solid; BORDER-TOP: #f4f4f4; BORDER-LEFT: windowtext 1pt solid; BORDER-BOTTOM: windowtext 0.5pt solid; BACKGROUND-COLOR: transparent\"><FONT color=#666666 size=1>Correo Certificado</FONT></TD>
<TD class=xl30 style=\"BORDER-RIGHT: black 1pt solid; BORDER-TOP: #f4f4f4; BORDER-LEFT: windowtext 1pt solid; BORDER-BOTTOM: windowtext 0.5pt solid; BACKGROUND-COLOR: transparent; mso-ignore: colspan\" colSpan=2><FONT size=1><FONT color=#666666><SPAN style=\"mso-spacerun: yes\">&nbsp; </SPAN>4,95  + 1  por producto adicional</FONT></FONT></TD>
<TD class=xl31 style=\"BORDER-RIGHT: windowtext 1pt solid; BORDER-TOP: #f4f4f4; BORDER-LEFT: windowtext 0.5pt solid; BORDER-BOTTOM: windowtext 0.5pt solid; BACKGROUND-COLOR: transparent\"><FONT size=1><FONT color=#666666><SPAN style=\"mso-spacerun: yes\">&nbsp; </SPAN>5 - 7<SPAN style=\"mso-spacerun: yes\">&nbsp; </SPAN>días</FONT></FONT></TD></TR>
<TR style=\"HEIGHT: 12.75pt\" height=17>
<TD class=xl39 style=\"BORDER-RIGHT: windowtext 1pt solid; BORDER-TOP: windowtext; BORDER-LEFT: windowtext 1pt solid; BORDER-BOTTOM: windowtext 0.5pt solid; HEIGHT: 12.75pt; BACKGROUND-COLOR: transparent\" height=17><FONT color=#666666 size=1>España</FONT></TD>
<TD class=xl39 style=\"BORDER-RIGHT: windowtext 1pt solid; BORDER-TOP: windowtext; BORDER-LEFT: windowtext 1pt solid; BORDER-BOTTOM: windowtext 0.5pt solid; BACKGROUND-COLOR: transparent\"><FONT color=#666666 size=1>Mensajero Urgente</FONT></TD>
<TD class=xl32 style=\"BORDER-RIGHT: black 1pt solid; BORDER-TOP: windowtext 0.5pt solid; BORDER-LEFT: windowtext 1pt solid; BORDER-BOTTOM: windowtext 0.5pt solid; BACKGROUND-COLOR: transparent; mso-ignore: colspan\" colSpan=2><FONT size=1><FONT color=#666666><SPAN style=\"mso-spacerun: yes\">&nbsp; </SPAN>9,95  + 1  por producto adicional</FONT></FONT></TD>
<TD class=xl33 style=\"BORDER-RIGHT: windowtext 1pt solid; BORDER-TOP: windowtext; BORDER-LEFT: windowtext 0.5pt solid; BORDER-BOTTOM: windowtext 0.5pt solid; BACKGROUND-COLOR: transparent\"><FONT size=1><FONT color=#666666><SPAN style=\"mso-spacerun: yes\">&nbsp; </SPAN>1 - 2<SPAN style=\"mso-spacerun: yes\">&nbsp; </SPAN>días</FONT></FONT></TD></TR>
<TR style=\"HEIGHT: 12.75pt\" height=17>
<TD class=xl39 style=\"BORDER-RIGHT: windowtext 1pt solid; BORDER-TOP: windowtext; BORDER-LEFT: windowtext 1pt solid; BORDER-BOTTOM: windowtext 0.5pt solid; HEIGHT: 12.75pt; BACKGROUND-COLOR: transparent\" height=17><FONT color=#666666 size=1>Ceuta y Melilla</FONT></TD>
<TD class=xl39 style=\"BORDER-RIGHT: windowtext 1pt solid; BORDER-TOP: windowtext; BORDER-LEFT: windowtext 1pt solid; BORDER-BOTTOM: windowtext 0.5pt solid; BACKGROUND-COLOR: transparent\"><FONT color=#666666 size=1>Correo Certificado</FONT></TD>
<TD class=xl32 style=\"BORDER-RIGHT: black 1pt solid; BORDER-TOP: windowtext 0.5pt solid; BORDER-LEFT: windowtext 1pt solid; BORDER-BOTTOM: windowtext 0.5pt solid; BACKGROUND-COLOR: transparent; mso-ignore: colspan\" colSpan=2><FONT size=1><FONT color=#666666><SPAN style=\"mso-spacerun: yes\">&nbsp; </SPAN>4,95  + 1  por producto adicional</FONT></FONT></TD>
<TD class=xl33 style=\"BORDER-RIGHT: windowtext 1pt solid; BORDER-TOP: windowtext; BORDER-LEFT: windowtext 0.5pt solid; BORDER-BOTTOM: windowtext 0.5pt solid; BACKGROUND-COLOR: transparent\"><FONT color=#666666 size=1>10 - 15 días</FONT></TD></TR>
<TR style=\"HEIGHT: 12.75pt\" height=17>
<TD class=xl39 style=\"BORDER-RIGHT: windowtext 1pt solid; BORDER-TOP: windowtext; BORDER-LEFT: windowtext 1pt solid; BORDER-BOTTOM: windowtext 0.5pt solid; HEIGHT: 12.75pt; BACKGROUND-COLOR: transparent\" height=17><FONT color=#666666 size=1>Canarias y Baleares</FONT></TD>
<TD class=xl39 style=\"BORDER-RIGHT: windowtext 1pt solid; BORDER-TOP: windowtext; BORDER-LEFT: windowtext 1pt solid; BORDER-BOTTOM: windowtext 0.5pt solid; BACKGROUND-COLOR: transparent\"><FONT color=#666666 size=1>Correo Certificado</FONT></TD>
<TD class=xl32 style=\"BORDER-RIGHT: black 1pt solid; BORDER-TOP: windowtext 0.5pt solid; BORDER-LEFT: windowtext 1pt solid; BORDER-BOTTOM: windowtext 0.5pt solid; BACKGROUND-COLOR: transparent; mso-ignore: colspan\" colSpan=2><FONT size=1><FONT color=#666666><SPAN style=\"mso-spacerun: yes\">&nbsp; </SPAN>4,95  + 1  por producto adicional</FONT></FONT></TD>
<TD class=xl33 style=\"BORDER-RIGHT: windowtext 1pt solid; BORDER-TOP: windowtext; BORDER-LEFT: windowtext 0.5pt solid; BORDER-BOTTOM: windowtext 0.5pt solid; BACKGROUND-COLOR: transparent\"><FONT color=#666666 size=1>10 - 15 días</FONT></TD></TR>
<TR style=\"HEIGHT: 13.5pt\" height=18>
<TD class=xl40 style=\"BORDER-RIGHT: windowtext 1pt solid; BORDER-TOP: #f4f4f4; BORDER-LEFT: windowtext 1pt solid; BORDER-BOTTOM: windowtext 1pt solid; HEIGHT: 13.5pt; BACKGROUND-COLOR: transparent\" height=18><FONT color=#666666 size=1>Internacional</FONT></TD>
<TD class=xl40 style=\"BORDER-RIGHT: windowtext 1pt solid; BORDER-TOP: #f4f4f4; BORDER-LEFT: windowtext 1pt solid; BORDER-BOTTOM: windowtext 1pt solid; BACKGROUND-COLOR: transparent\" x:str=\"Correo \"><FONT size=1><FONT color=#666666>Correo<SPAN style=\"mso-spacerun: yes\">&nbsp;</SPAN></FONT></FONT></TD>
<TD class=xl34 style=\"BORDER-RIGHT: black 1pt solid; BORDER-TOP: #f4f4f4; BORDER-LEFT: windowtext 1pt solid; BORDER-BOTTOM: windowtext 1pt solid; BACKGROUND-COLOR: transparent; mso-ignore: colspan\" colSpan=2><FONT color=#666666 size=1>14,95  + 2  por producto adicional</FONT></TD>
<TD class=xl37 style=\"BORDER-RIGHT: windowtext 1pt solid; BORDER-TOP: #f4f4f4; BORDER-LEFT: windowtext 0.5pt solid; BORDER-BOTTOM: windowtext 1pt solid; BACKGROUND-COLOR: transparent\"><FONT color=#666666 size=1>20 - 25 días</FONT></TD></TR></TBODY></TABLE></SPAN><B><SPAN style=\"FONT-SIZE: 8pt; COLOR: gray; FONT-FAMILY: \'Verdana\',\'sans-serif\'\"></SPAN></B></P>
<P><B><SPAN style=\"FONT-SIZE: 8pt; COLOR: gray; FONT-FAMILY: \'Verdana\',\'sans-serif\'\"><SPAN style=\"FONT-SIZE: 8pt; COLOR: gray; FONT-FAMILY: \'Verdana\',\'sans-serif\'\"><FONT color=#666666>Tabla&nbsp;de gastos de envío para Clientes Comerciantes o Empresas (compras al por mayor)</FONT></P>
<P class=EC_MsoNormal style=\"LINE-HEIGHT: normal\">
<TABLE style=\"WIDTH: 263pt; BORDER-COLLAPSE: collapse\" cellSpacing=0 cellPadding=0 width=350 border=0 x:str>
<COLGROUP><FONT color=#666666>
<COL style=\"WIDTH: 76pt; mso-width-source: userset; mso-width-alt: 3693\" width=101>
<COL style=\"WIDTH: 74pt; mso-width-source: userset; mso-width-alt: 3620\" width=99>
<COL style=\"WIDTH: 53pt; mso-width-source: userset; mso-width-alt: 2560\" width=70>
<COL style=\"WIDTH: 60pt; mso-width-source: userset; mso-width-alt: 2925\" width=80></FONT>
<TBODY>
<TR style=\"HEIGHT: 13.5pt\" height=18>
<TD class=xl24 style=\"BORDER-RIGHT: windowtext 1pt solid; BORDER-TOP: windowtext 1pt solid; BORDER-LEFT: windowtext 1pt solid; WIDTH: 76pt; BORDER-BOTTOM: windowtext 1pt solid; HEIGHT: 13.5pt; BACKGROUND-COLOR: white\" width=101 height=18>
<DIV align=justify><FONT size=1><STRONG><FONT color=#666666><SPAN style=\"mso-spacerun: yes\">&nbsp;</SPAN>Destino</FONT></STRONG></FONT></DIV></TD>
<TD class=xl25 style=\"BORDER-RIGHT: windowtext 1pt solid; BORDER-TOP: windowtext 1pt solid; BORDER-LEFT: #f4f4f4; WIDTH: 74pt; BORDER-BOTTOM: windowtext 1pt solid; BACKGROUND-COLOR: white\" width=99><FONT size=1><STRONG><FONT color=#666666><SPAN style=\"mso-spacerun: yes\">&nbsp;</SPAN>Método</FONT></STRONG></FONT></TD>
<TD class=xl31 style=\"BORDER-RIGHT: windowtext 1pt solid; BORDER-TOP: windowtext 1pt solid; BORDER-LEFT: #f4f4f4; WIDTH: 53pt; BORDER-BOTTOM: windowtext 1pt solid; BACKGROUND-COLOR: white\" width=70><FONT size=1><STRONG><FONT color=#666666><SPAN style=\"mso-spacerun: yes\">&nbsp;</SPAN>Precio</FONT></STRONG></FONT></TD>
<TD class=xl25 style=\"BORDER-RIGHT: windowtext 1pt solid; BORDER-TOP: windowtext 1pt solid; BORDER-LEFT: #f4f4f4; WIDTH: 60pt; BORDER-BOTTOM: windowtext 1pt solid; BACKGROUND-COLOR: white\" width=80><STRONG><FONT size=1><FONT color=#666666><SPAN style=\"mso-spacerun: yes\">&nbsp;</SPAN>Tiempo</FONT></FONT></STRONG></TD></TR>
<TR style=\"HEIGHT: 12.75pt\" height=17>
<TD class=xl26 style=\"BORDER-RIGHT: windowtext 1pt solid; BORDER-TOP: #f4f4f4; BORDER-LEFT: windowtext 1pt solid; WIDTH: 76pt; BORDER-BOTTOM: windowtext 0.5pt solid; HEIGHT: 12.75pt; BACKGROUND-COLOR: white\" width=101 height=17><FONT color=#666666 size=1>España</FONT></TD>
<TD class=xl27 style=\"BORDER-RIGHT: windowtext 1pt solid; BORDER-TOP: #f4f4f4; BORDER-LEFT: #f4f4f4; WIDTH: 74pt; BORDER-BOTTOM: windowtext 0.5pt solid; BACKGROUND-COLOR: white\" width=99><FONT color=#666666 size=1>Mensajero</FONT></TD>
<TD class=xl32 style=\"BORDER-RIGHT: windowtext 1pt solid; BORDER-TOP: #f4f4f4; BORDER-LEFT: #f4f4f4; WIDTH: 53pt; BORDER-BOTTOM: windowtext 0.5pt solid; BACKGROUND-COLOR: white\" width=70 u2:num=\"18\" u1:num=\"18\" x:num=\"18\"><FONT color=#666666 size=1>18,00 </FONT></TD>
<TD class=xl33 style=\"BORDER-RIGHT: windowtext 1pt solid; BORDER-TOP: #f4f4f4; BORDER-LEFT: windowtext; WIDTH: 60pt; BORDER-BOTTOM: windowtext 0.5pt solid; BACKGROUND-COLOR: white\" width=80><FONT size=1><FONT color=#666666><SPAN style=\"mso-spacerun: yes\">&nbsp; </SPAN>5 - 7<SPAN style=\"mso-spacerun: yes\">&nbsp; </SPAN>días</FONT></FONT></TD></TR>
<TR style=\"HEIGHT: 12.75pt\" height=17>
<TD class=xl26 style=\"BORDER-RIGHT: windowtext 1pt solid; BORDER-TOP: #f4f4f4; BORDER-LEFT: windowtext 1pt solid; WIDTH: 76pt; BORDER-BOTTOM: windowtext 0.5pt solid; HEIGHT: 12.75pt; BACKGROUND-COLOR: white\" width=101 height=17><FONT color=#666666 size=1>Ceuta y Melilla</FONT></TD>
<TD class=xl27 style=\"BORDER-RIGHT: windowtext 1pt solid; BORDER-TOP: #f4f4f4; BORDER-LEFT: #f4f4f4; WIDTH: 74pt; BORDER-BOTTOM: windowtext 0.5pt solid; BACKGROUND-COLOR: white\" width=99><FONT color=#666666 size=1>Paquete Azul</FONT></TD>
<TD class=xl32 style=\"BORDER-RIGHT: windowtext 1pt solid; BORDER-TOP: #f4f4f4; BORDER-LEFT: #f4f4f4; WIDTH: 53pt; BORDER-BOTTOM: windowtext 0.5pt solid; BACKGROUND-COLOR: white\" width=70 u2:num=\"18\" u1:num=\"18\" x:num=\"18\"><FONT color=#666666 size=1>18,00 </FONT></TD>
<TD class=xl33 style=\"BORDER-RIGHT: windowtext 1pt solid; BORDER-TOP: #f4f4f4; BORDER-LEFT: windowtext; WIDTH: 60pt; BORDER-BOTTOM: windowtext 0.5pt solid; BACKGROUND-COLOR: white\" width=80><FONT color=#666666 size=1>10 - 15 días</FONT></TD></TR>
<TR style=\"HEIGHT: 12.75pt\" height=17>
<TD class=xl26 style=\"BORDER-RIGHT: windowtext 1pt solid; BORDER-TOP: #f4f4f4; BORDER-LEFT: windowtext 1pt solid; WIDTH: 76pt; BORDER-BOTTOM: windowtext 0.5pt solid; HEIGHT: 12.75pt; BACKGROUND-COLOR: white\" width=101 height=17><FONT color=#666666 size=1>Islas Canarias</FONT></TD>
<TD class=xl27 style=\"BORDER-RIGHT: windowtext 1pt solid; BORDER-TOP: #f4f4f4; BORDER-LEFT: #f4f4f4; WIDTH: 74pt; BORDER-BOTTOM: windowtext 0.5pt solid; BACKGROUND-COLOR: white\" width=99><FONT color=#666666 size=1>Paquete Azul</FONT></TD>
<TD class=xl32 style=\"BORDER-RIGHT: windowtext 1pt solid; BORDER-TOP: #f4f4f4; BORDER-LEFT: #f4f4f4; WIDTH: 53pt; BORDER-BOTTOM: windowtext 0.5pt solid; BACKGROUND-COLOR: white\" width=70 u2:num=\"18\" u1:num=\"18\" x:num=\"18\"><FONT color=#666666 size=1>18,00 </FONT></TD>
<TD class=xl33 style=\"BORDER-RIGHT: windowtext 1pt solid; BORDER-TOP: #f4f4f4; BORDER-LEFT: windowtext; WIDTH: 60pt; BORDER-BOTTOM: windowtext 0.5pt solid; BACKGROUND-COLOR: white\" width=80><FONT color=#666666 size=1>10 - 15 días</FONT></TD></TR>
<TR style=\"HEIGHT: 13.5pt\" height=18>
<TD class=xl28 style=\"BORDER-RIGHT: windowtext 1pt solid; BORDER-TOP: #f4f4f4; BORDER-LEFT: windowtext 1pt solid; WIDTH: 76pt; BORDER-BOTTOM: windowtext 1pt solid; HEIGHT: 13.5pt; BACKGROUND-COLOR: white\" width=101 height=18><FONT color=#666666 size=1>Islas Baleares</FONT></TD>
<TD class=xl29 style=\"BORDER-RIGHT: windowtext 1pt solid; BORDER-TOP: #f4f4f4; BORDER-LEFT: #f4f4f4; WIDTH: 74pt; BORDER-BOTTOM: windowtext 1pt solid; BACKGROUND-COLOR: white\" width=99><FONT color=#666666 size=1>Paquete Azul</FONT></TD>
<TD class=xl30 style=\"BORDER-RIGHT: windowtext 1pt solid; BORDER-TOP: #f4f4f4; BORDER-LEFT: #f4f4f4; WIDTH: 53pt; BORDER-BOTTOM: windowtext 1pt solid; BACKGROUND-COLOR: white\" width=70 u2:num=\"18\" u1:num=\"18\" x:num=\"18\"><FONT color=#666666 size=1>18,00 </FONT></TD>
<TD class=xl34 style=\"BORDER-RIGHT: windowtext 1pt solid; BORDER-TOP: #f4f4f4; BORDER-LEFT: windowtext; WIDTH: 60pt; BORDER-BOTTOM: windowtext 1pt solid; BACKGROUND-COLOR: white\" width=80><FONT color=#666666><FONT size=1>10 - 15 días</FONT> </FONT>
<DIV></DIV></TD></TR></TBODY></TABLE></SPAN></SPAN></B></P></SPAN></SPAN></B>
<P><FONT color=#666666><B><SPAN style=\"FONT-SIZE: 8pt; COLOR: gray; FONT-FAMILY: \'Verdana\',\'sans-serif\'\"><FONT color=#666666>IVA (impuestos) y facturas</FONT></SPAN></B><SPAN style=\"FONT-SIZE: 8pt; COLOR: gray; FONT-FAMILY: \'Verdana\',\'sans-serif\'\"> </SPAN></FONT></P>
<P><FONT color=#666666></FONT></P>
<P class=EC_MsoNormal style=\"LINE-HEIGHT: normal\"><FONT color=#666666><I><SPAN style=\"FONT-SIZE: 8pt; COLOR: gray; FONT-FAMILY: \'Verdana\',\'sans-serif\'\"><FONT color=#666666>Residentes en la Unión Europea.</FONT></SPAN></I><SPAN style=\"FONT-SIZE: 8pt; COLOR: gray; FONT-FAMILY: \'Verdana\',\'sans-serif\'\"> </SPAN></FONT></P>
<P class=EC_MsoNormal style=\"LINE-HEIGHT: normal\"><SPAN style=\"FONT-SIZE: 8pt; COLOR: gray; FONT-FAMILY: \'Verdana\',\'sans-serif\'\"><FONT color=#666666>Los precios de los productos no incluyen el Impuesto de Valor Añadido (I.V.A.). Los diferentes productos pueden tener porcentajes diferentes de IVA. Por ejemplo, los libros se gravan con un 4% de IVA y los peluches con un 16%.</FONT></SPAN></P>
<P class=EC_MsoNormal style=\"LINE-HEIGHT: normal\"><SPAN style=\"FONT-SIZE: 8pt; COLOR: gray; FONT-FAMILY: \'Verdana\',\'sans-serif\'\"><FONT color=#666666>Usted puede solicitarnos una factura durante el proceso de compra (imprescindible para&nbsp;compras al por mayor), en la que se desglosa el importe de esos impuestos. Para residentes en España es imprescindible aportar un NIF/CIF para obtener una factura.</FONT></SPAN></P>
<P class=EC_MsoNormal style=\"LINE-HEIGHT: normal\"><SPAN style=\"FONT-SIZE: 8pt; COLOR: gray; FONT-FAMILY: \'Verdana\',\'sans-serif\'\"><FONT color=#666666>Le recordamos que en los precios indicados para los gastos de envío no se incluyen los impuestos (aranceles) de importación, que serán pagados en metálico en destino por el receptor de la mercancía.</FONT></SPAN></P>
<P class=EC_estilo9><SPAN class=EC_estilo81><B><SPAN style=\"FONT-SIZE: 8pt; COLOR: gray; FONT-FAMILY: \'Verdana\',\'sans-serif\'\"><FONT color=#666666>6.- ¿Que hago si mi pedido llega incompleto?</FONT></SPAN></B></SPAN><B><SPAN style=\"FONT-SIZE: 8pt; COLOR: gray; FONT-FAMILY: \'Verdana\',\'sans-serif\'\"><BR><BR></SPAN></B><FONT color=#666666><SPAN class=EC_estilo101><SPAN style=\"FONT-SIZE: 8pt; COLOR: gray; FONT-FAMILY: \'Verdana\',\'sans-serif\'\"><FONT color=#666666>Aunque nuestro stock se encuentra en constante revisión, puede ocurrir que algún artículo se encuentre agotado temporalmente y la entrega de alguno de los productos solicitados se verá retrasada.</FONT> </SPAN></SPAN><SPAN style=\"FONT-SIZE: 8pt; COLOR: gray; FONT-FAMILY: \'Verdana\',\'sans-serif\'\"></SPAN></FONT></P>
<P class=EC_estilo6><SPAN style=\"FONT-SIZE: 8pt; COLOR: gray; FONT-FAMILY: \'Verdana\',\'sans-serif\'\"><FONT color=#666666>Para evitar el retraso de los pedidos restantes, se procederá al envío de los productos disponibles y sólo pagará lo que realmente recibe. </FONT></SPAN></P>
<P class=EC_estilo6><SPAN style=\"FONT-SIZE: 8pt; COLOR: gray; FONT-FAMILY: \'Verdana\',\'sans-serif\'\"><FONT color=#666666>Una vez recibamos las nuevas remesas del producto agotado, se procederá a enviar los pedidos pendientes y en ningún momento esta causa le supondrá incremento alguno en los gastos de envío. </FONT></SPAN></P>
<P class=EC_estilo9><STRONG><SPAN style=\"FONT-SIZE: 8pt; COLOR: gray; FONT-FAMILY: \'Verdana\',\'sans-serif\'\"><FONT color=#666666>7.- ¿Cómo es el proceso de devolución?</FONT></SPAN></STRONG></P>
<P class=EC_estilo9><SPAN><SPAN class=EC_estilo101><SPAN style=\"COLOR: gray\"><FONT face=\"Verdana, Arial, Helvetica, sans-serif\"><FONT color=#666666 size=1>En caso de no quedar satisfecho con su compra, dispone de siete (7) días de garantía de devolución o cambio por otro artículo.</FONT></FONT></SPAN></SPAN></SPAN></P>
<P class=EC_estilo9><SPAN style=\"FONT-SIZE: 8pt; COLOR: gray; FONT-FAMILY: \'Verdana\',\'sans-serif\'\"><FONT color=#666666><SPAN class=EC_estilo101><SPAN style=\"COLOR: gray\"><FONT color=#666666>Para realizar una devolución, tan sólo tendrá que enviar los artículos en su embalaje original a través de Correo Certificado.</FONT></SPAN></SPAN><BR><BR><SPAN class=EC_estilo101><SPAN style=\"COLOR: gray\"><FONT color=#666666>Es preciso que determine, si desea realizar una devolución o un cambio a nuestro correo electrónico</FONT> </SPAN></SPAN></FONT><A href=\"mailto:pedidos@topstar.es\"><FONT color=#666666>pedidos@topstar.es</FONT></A><FONT color=#666666> <BR><BR><SPAN class=EC_estilo101><SPAN style=\"COLOR: gray\"><FONT color=#666666>En caso de solicitar devolución, una vez se reciba el artículo en nuestros almacenes, se procederá a la tramitación de un talón nominativo por el importe del producto (exceptuando los gastos de envío), que recibirá en su domicilio en un plazo aproximado de 30/45 días a través de Correos.</FONT></SPAN></SPAN><BR><BR><FONT color=#666666><SPAN class=EC_estilo101><SPAN style=\"COLOR: gray\"><FONT color=#666666>*Si el pago previamente lo efectuó a través de tarjeta bancaria, la devolución se efectuará directamente en su misma tarjeta.</FONT></SPAN></SPAN><BR></FONT><BR><SPAN class=EC_estilo101><SPAN style=\"COLOR: gray\"><FONT color=#666666>Si por el contrario, desea realizar un cambio por otro artículo, el proceso será el mismo (el envío del producto a través de correo certificado). Previamente nos habrá indicado el nuevo artículo elegido y una vez llegue la devolución que ha realizado a nuestros almacenes, procederemos a gestionar el nuevo envío.</FONT> </SPAN></SPAN></FONT></SPAN></P>
<P class=EC_estilo6><SPAN style=\"FONT-SIZE: 8pt; COLOR: gray; FONT-FAMILY: \'Verdana\',\'sans-serif\'\"><FONT color=#666666>Si el importe del nuevo artículo es superior al que devuelve, sólo pagará la diferencia, y en caso de que el importe sea inferior, le reembolsaremos la diferencia mediante cheque. </FONT></SPAN></P>
<P class=EC_estilo9><FONT color=#666666><STRONG><SPAN style=\"FONT-SIZE: 8pt; COLOR: gray; FONT-FAMILY: \'Verdana\',\'sans-serif\'\">8.- ¿A través de que mensajería debo devolver el producto? ¿Si el producto no es de mi satisfacción o no me guste puedo devolverlo? </SPAN></STRONG><SPAN style=\"FONT-SIZE: 8pt; COLOR: gray; FONT-FAMILY: \'Verdana\',\'sans-serif\'\"></SPAN></FONT></P>
<P class=EC_estilo6><SPAN style=\"FONT-SIZE: 8pt; COLOR: gray; FONT-FAMILY: \'Verdana\',\'sans-serif\'\"><FONT color=#666666>El procedimiento de devolución de nuestros artículos es a través de Correo Certificado.<BR><BR>Si desea optar por el envío a través de mensajería, el paquete tendrá que llegar a nuestros almacenes a portes pagados. No se aceptaran devoluciones de artículos enviados a portes debidos o contra-reembolso. </FONT></SPAN></P>
<P class=EC_estilo6><FONT color=#666666><B><SPAN style=\"FONT-SIZE: 8pt; COLOR: gray; FONT-FAMILY: \'Verdana\',\'sans-serif\'\"><SPAN class=EC_estilo81><SPAN style=\"COLOR: gray\">9.- ¿Por qué medio recibiré mi pedido? </SPAN></SPAN></SPAN></B><SPAN style=\"FONT-SIZE: 8pt; COLOR: gray; FONT-FAMILY: \'Verdana\',\'sans-serif\'\"></SPAN></FONT></P>
<P class=EC_estilo6><SPAN style=\"FONT-SIZE: 8pt; COLOR: gray; FONT-FAMILY: \'Verdana\',\'sans-serif\'\"><FONT color=#666666>Si reside en España (península), recibirá su compra a través de agencia de mensajería urgente (seleccionando esta modalidad de envío. Única para Compras al por Mayor) o por correo certificado (seleccionando esta modalidad de envío).</FONT></SPAN></P>
<P class=EC_estilo6><SPAN style=\"FONT-SIZE: 8pt; COLOR: gray; FONT-FAMILY: \'Verdana\',\'sans-serif\'\"><FONT color=#666666>Para Ceuta, Melilla, Canarias, Baleares, Europa y otros destinos internacionales recibirá sus pedidos a través de Correos.</FONT></SPAN></P>
<P class=EC_estilo6><FONT color=#666666><STRONG><SPAN style=\"FONT-SIZE: 8pt; COLOR: gray; FONT-FAMILY: \'Verdana\',\'sans-serif\'\">10.- ¿Los datos de la web son correctos?</SPAN></STRONG><SPAN style=\"FONT-SIZE: 8pt; COLOR: gray; FONT-FAMILY: \'Verdana\',\'sans-serif\'\"> </SPAN></FONT></P>
<P class=EC_estilo6><SPAN style=\"FONT-SIZE: 8pt; COLOR: gray; FONT-FAMILY: \'Verdana\',\'sans-serif\'\"><FONT color=#666666>Nos esforzamos mucho en actualizar continuamente nuestra web y evitar que haya información incorrecta o desfasada. Sin embargo, es posible que alguna información sea incompleta o inexacta, por lo que los precios y descripciones de los productos son válidos salvo error y hasta fin de existencias. Las imágenes de las portadas pueden no coincidir exactamente con la edición vendida.</FONT></SPAN></P>
<P class=EC_estilo6><SPAN style=\"FONT-SIZE: 8pt; COLOR: gray; FONT-FAMILY: \'Verdana\',\'sans-serif\'\"><FONT color=#666666>Para ofrecer un mejor servicio a nuestros socios, mejoramos continuamente nuestro catálogo, por lo que&nbsp;TOP STAR se reserva el derecho de modificar la lista, características y precios de los productos del catálogo.<BR></FONT><B><BR><STRONG><SPAN style=\"FONT-FAMILY: \'Verdana\',\'sans-serif\'\"><FONT color=#666666>11.- ¿Qué empresa ofrece garantías o respalda esta web?</FONT></SPAN></STRONG></B><FONT color=#666666> </FONT></SPAN></P>
<P class=EC_estilo6><SPAN style=\"FONT-SIZE: 8pt; COLOR: gray; FONT-FAMILY: \'Verdana\',\'sans-serif\'\"><FONT color=#666666>TOPSTAR.ES es una tienda online perteneciente al mayorista líder de artículos de regalo en Madrid, España. </FONT></SPAN></P>
<P class=EC_estilo6><SPAN style=\"FONT-SIZE: 8pt; COLOR: gray; FONT-FAMILY: \'Verdana\',\'sans-serif\'\"><FONT color=#666666>El sistema de compra se somete a la legislación vigente en España, por lo tanto las operaciones de venta se entenderán realizadas en el domicilio de&nbsp;TOP STAR.</FONT></SPAN>&nbsp;</P>');
insert into pages_description (pages_id, language_id, pages_title, pages_body) values ('6', '2', 'Nosotros', '<P>
<TABLE cellSpacing=0 cellPadding=0 width=\"100%\" border=0>
<TBODY>
<TR>
<TD vAlign=top width=\"100%\" height=\"100%\">
<TABLE cellSpacing=0 cellPadding=0 width=\"100%\" border=0>
<TBODY>
<TR>
<TD>
<TABLE cellSpacing=0 cellPadding=2 width=\"100%\" border=0>
<TBODY>
<TR>
<TD class=main>
<P><SPAN style=\"FONT-SIZE: 8.5pt; COLOR: #848282; FONT-FAMILY: \'Verdana\',\'sans-serif\'\"><STRONG><FONT color=#666666 size=2>La Mejor Selección de Bolsos y Complementos para la Mujer de Hoy</FONT></STRONG></SPAN></P>
<P><SPAN style=\"FONT-SIZE: 8.5pt; COLOR: #848282; FONT-FAMILY: \'Verdana\',\'sans-serif\'\"><FONT color=#666666>En nuestra web&nbsp; le presentamos una selección de&nbsp;bolsos y complementos&nbsp;para que pueda comprar fácilmente los productos que más le gusten, con la certeza de que son fabricados cumpliendo la normativa europea y con los más altos estándares de calidad.<BR><BR><STRONG><SPAN style=\"FONT-FAMILY: \'Verdana\',\'sans-serif\'\">Sin Compromisos</SPAN></STRONG><BR><BR>Inscribirse no implica ningún compromiso. Ni cuotas, ni compras mínimas Nada. Todo son ventajas.<BR><BR><STRONG><SPAN style=\"FONT-FAMILY: \'Verdana\',\'sans-serif\'\">Nuestra Empresa&nbsp;&nbsp;&nbsp;&nbsp;&nbsp;&nbsp;&nbsp;</SPAN></STRONG><BR><BR>TOP STAR&nbsp;es una Tienda Online dedicada a la Venta al&nbsp;Detalle y al por Mayor. Somos Mayoristas del sector, lo que nos permite ofrecer unos precios excepcionales en nuestros artículos. </FONT></SPAN><SPAN style=\"FONT-SIZE: 8.5pt; COLOR: #848282; FONT-FAMILY: \'Verdana\',\'sans-serif\'\"><FONT color=#666666>Todo esto unido a una exigente&nbsp; selección del producto, nos convierte en la elección definitiva para cualquier regalo o detalle especial. </FONT></SPAN></P>
<P><SPAN style=\"FONT-SIZE: 8.5pt; COLOR: #848282; FONT-FAMILY: \'Verdana\',\'sans-serif\'\"><FONT color=#666666>Además, nuestro equipo se caracteriza por su profesionalidad y gran entusiasmo y motivación. Lo que nos hace merecedores de ser considerados por cada uno de nuestros clientes como amigos. </FONT></SPAN></P>
<P><SPAN style=\"FONT-SIZE: 8.5pt; COLOR: #848282; FONT-FAMILY: \'Verdana\',\'sans-serif\'\"><FONT color=#666666>Por favor, para cualquier consulta adicional o de producto, no dude en rellenar el formulario de contacto. Le atenderemos con gusto. Estamos para servirle...</FONT></SPAN></P>
<P><SPAN style=\"FONT-SIZE: 8.5pt; COLOR: #848282; FONT-FAMILY: \'Verdana\',\'sans-serif\'\"></SPAN><SPAN style=\"FONT-SIZE: 8.5pt; COLOR: #848282; FONT-FAMILY: \'Verdana\',\'sans-serif\'\"><FONT color=#666666>¡¡Disfrute de su visita por nuestra web!!</FONT></SPAN></P>
<P><SPAN style=\"FONT-SIZE: 8.5pt; COLOR: #848282; FONT-FAMILY: \'Verdana\',\'sans-serif\'\"><FONT size=2><FONT color=#666666><STRONG>GLACIAR STATE, S.L.</STRONG>&nbsp;&nbsp;&nbsp;&nbsp;&nbsp;&nbsp;&nbsp;&nbsp;&nbsp;&nbsp;&nbsp;&nbsp;&nbsp;&nbsp;&nbsp;&nbsp;&nbsp;&nbsp;&nbsp;&nbsp;&nbsp;&nbsp;&nbsp;&nbsp;&nbsp;&nbsp;&nbsp;&nbsp;&nbsp;&nbsp;&nbsp;&nbsp;&nbsp;&nbsp;&nbsp;&nbsp;&nbsp;&nbsp;&nbsp;&nbsp;&nbsp;&nbsp;&nbsp;&nbsp;&nbsp;&nbsp;&nbsp;&nbsp;&nbsp;&nbsp;&nbsp;&nbsp;&nbsp;&nbsp;&nbsp;&nbsp;&nbsp;&nbsp;&nbsp;&nbsp;&nbsp;&nbsp;&nbsp;&nbsp;&nbsp;&nbsp;&nbsp;&nbsp;&nbsp;&nbsp;&nbsp;&nbsp;&nbsp;&nbsp;&nbsp;&nbsp;&nbsp;&nbsp;&nbsp;&nbsp;&nbsp;&nbsp;&nbsp;&nbsp;&nbsp;&nbsp;&nbsp;&nbsp;&nbsp;&nbsp;&nbsp;&nbsp;&nbsp;&nbsp;&nbsp;&nbsp;&nbsp;&nbsp;</FONT></FONT></SPAN></P>
<P><SPAN style=\"FONT-SIZE: 8.5pt; COLOR: #848282; FONT-FAMILY: \'Verdana\',\'sans-serif\'\"><FONT color=#666666 size=2>CIF.: B-85210250 </FONT></SPAN></P>
<P><SPAN style=\"FONT-SIZE: 8.5pt; COLOR: #848282; FONT-FAMILY: \'Verdana\',\'sans-serif\'\"></SPAN><SPAN style=\"FONT-SIZE: 8.5pt; COLOR: #848282; FONT-FAMILY: \'Verdana\',\'sans-serif\'\"><FONT color=#666666 size=2>Tomo 24.805. Libro 0, Folio 156, sección 8, Hoja M-446456</FONT></SPAN></P></TD></TR></TBODY></TABLE></TD></TR></TBODY></TABLE></TD></TR></TBODY></TABLE></P>');
insert into pages_description (pages_id, language_id, pages_title, pages_body) values ('8', '2', 'Confidencialidad', '<P><SPAN style=\"FONT-SIZE: 8.5pt; COLOR: #848282; FONT-FAMILY: \'Verdana\',\'sans-serif\'\"><STRONG><FONT color=#666666>Datos personales y confidencialidad</FONT></STRONG></SPAN><SPAN style=\"FONT-SIZE: 8.5pt; COLOR: #848282; FONT-FAMILY: \'Verdana\',\'sans-serif\'\"><BR><BR><FONT color=#666666>Para realizar sus compras en nuestra tienda o acceder a determinados servicios, deberá registrar sus datos personales y elegir una contraseña que le permitirá acceder a todas aquellas zonas que requieran una identificación previa. Esto evitará que, en lo sucesivo, tenga que volver a cumplimentarlos. <BR><BR>En el momento en que usted se registra en nuestro servidor seguro o realiza un pedido, sólo sus datos personales, nunca su tarjeta de crédito, son incorporados a nuestra base de datos, utilizándose únicamente para tramitar el pedido, así como para enviar información sobre ofertas y servicios que puedan resultar de su interés. <BR><BR>En cualquier momento podrá modificar los datos de su registro de socio o darse de baja en la</FONT><FONT color=#666666> </FONT></SPAN><FONT color=#666666><SPAN style=\"FONT-SIZE: 8.5pt; COLOR: gray; FONT-FAMILY: \'Verdana\',\'sans-serif\'\"><FONT color=#666666>dirección de e-mail</FONT> </SPAN><SPAN style=\"FONT-SIZE: 8.5pt; COLOR: gray; FONT-FAMILY: \'Verdana\',\'sans-serif\'\"><A href=\"mailto:clientes@topstar.es\">clientes@topstar.es</A> </SPAN></FONT></P>
<P><STRONG><SPAN style=\"FONT-SIZE: 8.5pt; COLOR: #848282; FONT-FAMILY: \'Verdana\',\'sans-serif\'\"><FONT color=#666666>TOP STAR&nbsp;garantiza la confidencialidad de los datos</FONT></SPAN></STRONG><SPAN style=\"FONT-SIZE: 8.5pt; COLOR: #848282; FONT-FAMILY: \'Verdana\',\'sans-serif\'\"><BR><BR><FONT color=#666666>En&nbsp;TOP STAR valoramos la confianza que ha depositado en nosotros. Por eso, asegurar la confidencialidad de sus datos es nuestro máximo compromiso. Las ideas, sugerencias o cualquier otra información que decida compartir con nosotros, será utilizada exclusivamente para proporcionarle un mejor servicio. Le garantizamos que nunca compartiremos sus datos con ninguna organización o empresa ajena.<BR><BR><STRONG><SPAN style=\"FONT-FAMILY: \'Verdana\',\'sans-serif\'\"><FONT color=#666666>Para qué utiliza&nbsp;TOP STAR&nbsp;esta información</FONT></SPAN></STRONG><BR><BR>En el momento en que desee realizar una compra en&nbsp;TOP STAR será necesario que facilite sus datos personales con el fin de poder tramitar los pedidos así como, si lo desea, recibir puntualmente las ofertas comerciales sobre productos y servicios que puedan resultar de su interés. Los datos que nos proporcione serán incorporados a un fichero automatizado y pasarán a formar parte de la base de datos de clientes de TOP STAR, quien garantiza la seguridad y confidencialidad de los datos que recibe. Utilizamos la información que nos manda con los siguientes fines:<BR><BR>Cuando realiza un pedido necesitamos conocer su nombre, dirección de correo electrónico, dirección de envío y de facturación. Nos permite procesar su pedido y mantenerle informado del proceso del mismo.<BR><BR>También utilizaremos la información de contacto para informarle, vía correo electrónico, de los nuevos servicios que ofrece la página, las ofertas especiales o las promociones.</FONT></SPAN> </P>');
insert into pages_description (pages_id, language_id, pages_title, pages_body) values ('9', '2', 'Tiendas Amigas', '<P align=center><FONT face=\"Verdana, Arial, Helvetica, sans-serif\" size=2>Visíta Nuestras Tiendas Amigas:</FONT></P>
<P align=center><A href=\"http://www.sevenfactory.es\"><FONT face=\"Verdana, Arial, Helvetica, sans-serif\" size=2>www.sevenfactory.es</FONT></A> </P>');
insert into pages_description (pages_id, language_id, pages_title, pages_body) values ('10', '2', 'Envios / Devoluciones', '<P>
<P class=EC_estilo9><SPAN class=EC_estilo81><B><SPAN style=\"FONT-SIZE: 8pt; COLOR: gray; FONT-FAMILY: \'Verdana\',\'sans-serif\'\"><FONT color=#666666>¿Que hago si mi pedido llega incompleto?</FONT></SPAN></B></SPAN><B><SPAN style=\"FONT-SIZE: 8pt; COLOR: gray; FONT-FAMILY: \'Verdana\',\'sans-serif\'\"><BR><BR></SPAN></B><FONT color=#666666><SPAN class=EC_estilo101><SPAN style=\"FONT-SIZE: 8pt; COLOR: gray; FONT-FAMILY: \'Verdana\',\'sans-serif\'\"><FONT color=#666666>Aunque nuestro stock se encuentra en constante revisión, puede ocurrir que algún artículo se encuentre agotado temporalmente y la entrega de alguno de los productos solicitados se verá retrasada.</FONT> </SPAN></SPAN><SPAN style=\"FONT-SIZE: 8pt; COLOR: gray; FONT-FAMILY: \'Verdana\',\'sans-serif\'\"></SPAN></FONT></P>
<P><FONT color=#666666></FONT></P>
<P class=EC_estilo6><SPAN style=\"FONT-SIZE: 8pt; COLOR: gray; FONT-FAMILY: \'Verdana\',\'sans-serif\'\"><FONT color=#666666>Para evitar el retraso de los pedidos restantes, se procederá al envío de los productos disponibles y sólo pagarás lo que realmente recibes. </FONT></SPAN></P>
<P class=EC_estilo6><SPAN style=\"FONT-SIZE: 8pt; COLOR: gray; FONT-FAMILY: \'Verdana\',\'sans-serif\'\"><FONT color=#666666>Una vez recibamos las nuevas remesas del producto agotado, se procederá a enviar los pedidos pendientes y en ningún momento esta causa le supondrá incremento alguno en los gastos de envío. </FONT></SPAN></P>
<P class=EC_estilo9><STRONG><SPAN style=\"FONT-SIZE: 8pt; COLOR: gray; FONT-FAMILY: \'Verdana\',\'sans-serif\'\"><FONT color=#666666>¿Cómo es el proceso de devolución?</FONT></SPAN></STRONG><B><SPAN style=\"FONT-SIZE: 8pt; COLOR: gray; FONT-FAMILY: \'Verdana\',\'sans-serif\'\"><BR></SPAN></B><SPAN style=\"FONT-SIZE: 8pt; COLOR: gray; FONT-FAMILY: \'Verdana\',\'sans-serif\'\"><BR><FONT color=#666666><FONT color=#666666><FONT color=#666666><SPAN class=EC_estilo101><SPAN style=\"COLOR: gray\"><FONT color=#666666>En caso de no quedar satisfecho con su compra, dispone de siete (7) días de</FONT> <FONT color=#666666>garantía de devolución o cambio por otro artículo.</FONT></SPAN></SPAN><BR></FONT><BR><SPAN class=EC_estilo101><SPAN style=\"COLOR: gray\"><FONT color=#666666>Para realizar una devolución, tan sólo tendrá que enviar los artículos en su embalaje original a través de Correo Certificado.</FONT></SPAN></SPAN><BR><BR></FONT><SPAN class=EC_estilo101><SPAN style=\"COLOR: gray\"><FONT color=#666666>Es preciso que determine, si desea realizar una devolución o un cambio a nuestro correo electrónico</FONT> </SPAN></SPAN></FONT><FONT color=#666666><A href=\"mailto:pedidos@topstar.es\">pedidos@topstar.es</A> </FONT></SPAN></P>
<P class=EC_estilo9><SPAN style=\"FONT-SIZE: 8pt; COLOR: gray; FONT-FAMILY: \'Verdana\',\'sans-serif\'\"><FONT color=#666666><SPAN class=EC_estilo101><SPAN style=\"COLOR: gray\"><FONT color=#666666>En caso de solicitar devolución, una vez se reciba el artículo en nuestros almacenes, se procederá a la tramitación de un talón nominativo por el importe del</FONT> <FONT color=#666666>producto (exceptuando los gastos de envío), que recibirá en su domicilio en un plazo aproximado de 30/45 días a través de Correos.</FONT></SPAN></SPAN><BR><BR><FONT color=#666666><SPAN class=EC_estilo101><SPAN style=\"COLOR: gray\"><FONT color=#666666>*Si el pago previamente lo efectuó a través de tarjeta bancaria, la devolución se</FONT> <FONT color=#666666>efectuará directamente en su misma tarjeta.</FONT></SPAN></SPAN><BR></FONT><BR><SPAN class=EC_estilo101><SPAN style=\"COLOR: gray\"><FONT color=#666666>Si por el contrario, desea realizar un cambio por otro artículo, el proceso será el mismo (el envío del producto a través de correo certificado). Previamente nos</FONT> <FONT color=#666666>habrá indicado el nuevo artículo elegido y una vez llegue la devolución que ha realizado a nuestros almacenes, procederemos a gestionar el nuevo envío.</FONT> </SPAN></SPAN></FONT></SPAN></P>
<P class=EC_estilo6><SPAN style=\"FONT-SIZE: 8pt; COLOR: gray; FONT-FAMILY: \'Verdana\',\'sans-serif\'\"><FONT color=#666666>Si el importe del nuevo artículo es superior al que devuelve, sólo pagará la diferencia, y en caso de que el importe sea inferior, le reembolsaremos la diferencia mediante cheque. </FONT></SPAN></P>
<P class=EC_estilo6><FONT color=#666666><SPAN style=\"FONT-SIZE: 8pt; COLOR: gray; FONT-FAMILY: \'Verdana\',\'sans-serif\'\"><FONT color=#666666>Los DVD u otros productos susceptibles de copia inmediata solo podrán cambiarse por otro título idéntico. La devolución del DVD solo podrá realizarse si no está</FONT> <FONT color=#666666>manipulado ni el envoltorio,&nbsp;ni el producto en sí.</FONT></SPAN><SPAN style=\"FONT-SIZE: 8pt; COLOR: gray; FONT-FAMILY: \'Verdana\',\'sans-serif\'\"></SPAN></FONT></P>
<P class=EC_estilo9><FONT color=#666666><STRONG><SPAN style=\"FONT-SIZE: 8pt; COLOR: gray; FONT-FAMILY: \'Verdana\',\'sans-serif\'\"><FONT color=#666666>¿A través de que mensajería debo devolver el producto? ¿Si el producto no es de mi satisfacción o no me guste puedo devolverlo?</FONT> </SPAN></STRONG><SPAN style=\"FONT-SIZE: 8pt; COLOR: gray; FONT-FAMILY: \'Verdana\',\'sans-serif\'\"></SPAN></FONT></P>
<P class=EC_estilo6><SPAN style=\"FONT-SIZE: 8pt; COLOR: gray; FONT-FAMILY: \'Verdana\',\'sans-serif\'\"><FONT color=#666666>El procedimiento de devolución de nuestros artículos es a través de Correo Certificado.<BR><BR>Si desea optar por el envío a través de mensajería, el paquete tendrá que llegar a nuestros almacenes a portes pagados. No se aceptaran devoluciones de artículos enviados a portes debidos o contra-reembolso. </FONT></SPAN></P>
<P class=EC_estilo6><FONT color=#666666><B><SPAN style=\"FONT-SIZE: 8pt; COLOR: gray; FONT-FAMILY: \'Verdana\',\'sans-serif\'\"><SPAN class=EC_estilo81><SPAN style=\"COLOR: gray\"><FONT color=#666666>¿Por qué medio recibiré mi pedido?</FONT> </SPAN></SPAN></SPAN></B><SPAN style=\"FONT-SIZE: 8pt; COLOR: gray; FONT-FAMILY: \'Verdana\',\'sans-serif\'\"></SPAN></FONT></P>
<P class=EC_estilo6><SPAN style=\"FONT-SIZE: 8pt; COLOR: gray; FONT-FAMILY: \'Verdana\',\'sans-serif\'\"><FONT color=#666666>Si reside en España (península), recibirá su compra a través de agencia de mensajería urgente (seleccionando esta modalidad de envío) o por correo certificado (seleccionando esta modalidad de envío).</FONT></SPAN></P>
<P class=EC_estilo6><SPAN style=\"FONT-SIZE: 8pt; COLOR: gray; FONT-FAMILY: \'Verdana\',\'sans-serif\'\"><FONT color=#666666>Para Ceuta, Melilla, Canarias, Baleares, Europa y otros destinos internacionales recibirá sus pedidos a través de Correos.</FONT></SPAN></P>');
drop table if exists products;
create table products (
  products_id int(11) not null auto_increment,
  products_quantity int(4) default '0' not null ,
  products_model varchar(12) ,
  products_image varchar(64) ,
  products_price decimal(15,4) default '0.0000' not null ,
  products_date_added datetime default '0000-00-00 00:00:00' not null ,
  products_last_modified datetime ,
  products_date_available datetime ,
  products_weight decimal(5,2) default '0.00' not null ,
  products_status tinyint(1) default '0' not null ,
  products_tax_class_id int(11) default '0' not null ,
  manufacturers_id int(11) ,
  products_ordered int(11) default '0' not null ,
  PRIMARY KEY (products_id),
  KEY idx_products_date_added (products_date_added)
);

insert into products (products_id, products_quantity, products_model, products_image, products_price, products_date_added, products_last_modified, products_date_available, products_weight, products_status, products_tax_class_id, manufacturers_id, products_ordered) values ('1230', '2147483639', '', '2226.jpg', '9.9900', '2008-07-14 16:48:54', NULL, NULL, '0.00', '1', '4', '0', '8');
insert into products (products_id, products_quantity, products_model, products_image, products_price, products_date_added, products_last_modified, products_date_available, products_weight, products_status, products_tax_class_id, manufacturers_id, products_ordered) values ('1231', '2147483641', '', '2227.jpg', '9.9900', '2008-07-14 16:52:47', NULL, NULL, '0.00', '1', '4', '0', '6');
insert into products (products_id, products_quantity, products_model, products_image, products_price, products_date_added, products_last_modified, products_date_available, products_weight, products_status, products_tax_class_id, manufacturers_id, products_ordered) values ('1232', '2147483647', '', '2228.jpg', '5.9500', '2008-07-14 17:01:42', NULL, NULL, '0.00', '1', '4', '0', '0');
insert into products (products_id, products_quantity, products_model, products_image, products_price, products_date_added, products_last_modified, products_date_available, products_weight, products_status, products_tax_class_id, manufacturers_id, products_ordered) values ('1233', '2147483647', '', '2229.jpg', '1.9900', '2008-07-15 08:48:44', NULL, NULL, '0.00', '1', '4', '0', '0');
insert into products (products_id, products_quantity, products_model, products_image, products_price, products_date_added, products_last_modified, products_date_available, products_weight, products_status, products_tax_class_id, manufacturers_id, products_ordered) values ('1234', '2147483647', '', '2230.jpg', '1.9900', '2008-07-15 08:56:38', NULL, NULL, '0.00', '1', '4', '0', '0');
insert into products (products_id, products_quantity, products_model, products_image, products_price, products_date_added, products_last_modified, products_date_available, products_weight, products_status, products_tax_class_id, manufacturers_id, products_ordered) values ('1235', '2147483635', '', '2231.jpg', '1.9900', '2008-07-15 09:01:45', NULL, NULL, '0.00', '1', '4', '0', '12');
insert into products (products_id, products_quantity, products_model, products_image, products_price, products_date_added, products_last_modified, products_date_available, products_weight, products_status, products_tax_class_id, manufacturers_id, products_ordered) values ('1236', '2147483647', '', '2232.jpg', '1.9900', '2008-07-15 09:08:37', NULL, NULL, '0.00', '1', '4', '0', '0');
insert into products (products_id, products_quantity, products_model, products_image, products_price, products_date_added, products_last_modified, products_date_available, products_weight, products_status, products_tax_class_id, manufacturers_id, products_ordered) values ('1237', '2147483647', '', '0120.jpg', '1.9900', '2008-07-15 12:31:59', NULL, NULL, '0.00', '1', '4', '0', '0');
insert into products (products_id, products_quantity, products_model, products_image, products_price, products_date_added, products_last_modified, products_date_available, products_weight, products_status, products_tax_class_id, manufacturers_id, products_ordered) values ('1238', '2147483647', '', '2234.jpg', '1.9900', '2008-07-15 13:38:47', NULL, NULL, '0.00', '1', '4', '0', '0');
insert into products (products_id, products_quantity, products_model, products_image, products_price, products_date_added, products_last_modified, products_date_available, products_weight, products_status, products_tax_class_id, manufacturers_id, products_ordered) values ('1239', '2147483647', '', '0122.jpg', '1.9900', '2008-07-15 14:24:27', NULL, NULL, '0.00', '1', '4', '0', '0');
insert into products (products_id, products_quantity, products_model, products_image, products_price, products_date_added, products_last_modified, products_date_available, products_weight, products_status, products_tax_class_id, manufacturers_id, products_ordered) values ('1240', '2147483647', '', '0123.jpg', '1.9900', '2008-07-15 14:33:37', NULL, NULL, '0.00', '1', '4', '0', '0');
insert into products (products_id, products_quantity, products_model, products_image, products_price, products_date_added, products_last_modified, products_date_available, products_weight, products_status, products_tax_class_id, manufacturers_id, products_ordered) values ('1241', '2147483647', '', '0124.jpg', '1.9900', '2008-07-15 14:39:44', NULL, NULL, '0.00', '1', '4', '0', '0');
insert into products (products_id, products_quantity, products_model, products_image, products_price, products_date_added, products_last_modified, products_date_available, products_weight, products_status, products_tax_class_id, manufacturers_id, products_ordered) values ('1242', '2147483647', '', '0125.jpg', '2.9900', '2008-07-15 14:49:51', NULL, NULL, '0.00', '1', '4', '0', '0');
insert into products (products_id, products_quantity, products_model, products_image, products_price, products_date_added, products_last_modified, products_date_available, products_weight, products_status, products_tax_class_id, manufacturers_id, products_ordered) values ('1243', '2147483647', '', '0126.jpg', '1.9900', '2008-07-15 14:56:39', NULL, NULL, '0.00', '1', '4', '0', '0');
insert into products (products_id, products_quantity, products_model, products_image, products_price, products_date_added, products_last_modified, products_date_available, products_weight, products_status, products_tax_class_id, manufacturers_id, products_ordered) values ('1244', '2147483647', '', '0127.jpg', '1.9900', '2008-07-15 15:22:00', NULL, NULL, '0.00', '1', '4', '0', '0');
insert into products (products_id, products_quantity, products_model, products_image, products_price, products_date_added, products_last_modified, products_date_available, products_weight, products_status, products_tax_class_id, manufacturers_id, products_ordered) values ('1245', '2147483647', '', '0129.jpg', '6.9500', '2008-07-15 15:39:30', NULL, NULL, '0.00', '1', '4', '0', '0');
insert into products (products_id, products_quantity, products_model, products_image, products_price, products_date_added, products_last_modified, products_date_available, products_weight, products_status, products_tax_class_id, manufacturers_id, products_ordered) values ('1246', '1111111111', '', '0130.jpg', '9.5000', '2008-07-15 15:45:09', NULL, NULL, '0.00', '1', '4', '0', '0');
insert into products (products_id, products_quantity, products_model, products_image, products_price, products_date_added, products_last_modified, products_date_available, products_weight, products_status, products_tax_class_id, manufacturers_id, products_ordered) values ('1247', '2147483647', '', '0132.jpg', '8.9500', '2008-07-15 15:56:12', NULL, NULL, '0.00', '1', '4', '0', '0');
insert into products (products_id, products_quantity, products_model, products_image, products_price, products_date_added, products_last_modified, products_date_available, products_weight, products_status, products_tax_class_id, manufacturers_id, products_ordered) values ('1248', '0', '', '0134.jpg', '7.5000', '2008-07-15 16:33:16', NULL, NULL, '0.00', '1', '4', '0', '0');
insert into products (products_id, products_quantity, products_model, products_image, products_price, products_date_added, products_last_modified, products_date_available, products_weight, products_status, products_tax_class_id, manufacturers_id, products_ordered) values ('1249', '2147483647', '', '0135.jpg', '8.5000', '2008-07-15 16:40:30', NULL, NULL, '0.00', '1', '4', '0', '0');
insert into products (products_id, products_quantity, products_model, products_image, products_price, products_date_added, products_last_modified, products_date_available, products_weight, products_status, products_tax_class_id, manufacturers_id, products_ordered) values ('1250', '2147483647', '', '0136.jpg', '2.2500', '2008-07-15 16:55:17', '2008-07-16 04:22:55', NULL, '0.00', '1', '4', '0', '0');
insert into products (products_id, products_quantity, products_model, products_image, products_price, products_date_added, products_last_modified, products_date_available, products_weight, products_status, products_tax_class_id, manufacturers_id, products_ordered) values ('1251', '2147483647', '', '0137.jpg', '1.9900', '2008-07-15 17:02:51', NULL, NULL, '0.00', '1', '4', '0', '0');
insert into products (products_id, products_quantity, products_model, products_image, products_price, products_date_added, products_last_modified, products_date_available, products_weight, products_status, products_tax_class_id, manufacturers_id, products_ordered) values ('1252', '2147483647', '', '0138.jpg', '1.9900', '2008-07-15 17:12:30', NULL, NULL, '0.00', '1', '4', '0', '0');
insert into products (products_id, products_quantity, products_model, products_image, products_price, products_date_added, products_last_modified, products_date_available, products_weight, products_status, products_tax_class_id, manufacturers_id, products_ordered) values ('1253', '2147483647', '', '0139.jpg', '1.9900', '2008-07-15 17:17:16', NULL, NULL, '0.00', '1', '4', '0', '0');
insert into products (products_id, products_quantity, products_model, products_image, products_price, products_date_added, products_last_modified, products_date_available, products_weight, products_status, products_tax_class_id, manufacturers_id, products_ordered) values ('1254', '2147483647', '', '0140.jpg', '1.9900', '2008-07-15 17:22:31', NULL, NULL, '0.00', '1', '4', '0', '0');
insert into products (products_id, products_quantity, products_model, products_image, products_price, products_date_added, products_last_modified, products_date_available, products_weight, products_status, products_tax_class_id, manufacturers_id, products_ordered) values ('1255', '2147483647', '', '0141.jpg', '1.9900', '2008-07-15 17:26:35', NULL, NULL, '0.00', '1', '4', '0', '0');
insert into products (products_id, products_quantity, products_model, products_image, products_price, products_date_added, products_last_modified, products_date_available, products_weight, products_status, products_tax_class_id, manufacturers_id, products_ordered) values ('1256', '2147483647', '', '0142.jpg', '1.9900', '2008-07-15 17:29:36', NULL, NULL, '0.00', '1', '4', '0', '0');
insert into products (products_id, products_quantity, products_model, products_image, products_price, products_date_added, products_last_modified, products_date_available, products_weight, products_status, products_tax_class_id, manufacturers_id, products_ordered) values ('1257', '2147483647', '', '0143.jpg', '1.9900', '2008-07-16 02:06:24', NULL, NULL, '0.00', '1', '4', '0', '0');
insert into products (products_id, products_quantity, products_model, products_image, products_price, products_date_added, products_last_modified, products_date_available, products_weight, products_status, products_tax_class_id, manufacturers_id, products_ordered) values ('1258', '2147483635', '', '0144.jpg', '1.9900', '2008-07-16 02:09:19', NULL, NULL, '0.00', '1', '4', '0', '12');
insert into products (products_id, products_quantity, products_model, products_image, products_price, products_date_added, products_last_modified, products_date_available, products_weight, products_status, products_tax_class_id, manufacturers_id, products_ordered) values ('1259', '2147483647', '', '0145.jpg', '1.9900', '2008-07-16 02:12:58', NULL, NULL, '0.00', '1', '4', '0', '0');
insert into products (products_id, products_quantity, products_model, products_image, products_price, products_date_added, products_last_modified, products_date_available, products_weight, products_status, products_tax_class_id, manufacturers_id, products_ordered) values ('1260', '2147483647', '', '0146.jpg', '1.9900', '2008-07-16 02:16:52', NULL, NULL, '0.00', '1', '4', '0', '0');
insert into products (products_id, products_quantity, products_model, products_image, products_price, products_date_added, products_last_modified, products_date_available, products_weight, products_status, products_tax_class_id, manufacturers_id, products_ordered) values ('1261', '2147483635', '', '0147.jpg', '1.9900', '2008-07-16 02:22:07', NULL, NULL, '0.00', '1', '4', '0', '12');
insert into products (products_id, products_quantity, products_model, products_image, products_price, products_date_added, products_last_modified, products_date_available, products_weight, products_status, products_tax_class_id, manufacturers_id, products_ordered) values ('1262', '2147483611', '', '0148.jpg', '2.9900', '2008-07-16 02:40:10', NULL, NULL, '0.00', '1', '4', '0', '36');
insert into products (products_id, products_quantity, products_model, products_image, products_price, products_date_added, products_last_modified, products_date_available, products_weight, products_status, products_tax_class_id, manufacturers_id, products_ordered) values ('1263', '2147483647', '', '0149.jpg', '1.9900', '2008-07-16 02:46:11', NULL, NULL, '0.00', '1', '4', '0', '0');
insert into products (products_id, products_quantity, products_model, products_image, products_price, products_date_added, products_last_modified, products_date_available, products_weight, products_status, products_tax_class_id, manufacturers_id, products_ordered) values ('1264', '2147483647', '', '0150.jpg', '1.9900', '2008-07-16 02:50:27', NULL, NULL, '0.00', '1', '4', '0', '0');
insert into products (products_id, products_quantity, products_model, products_image, products_price, products_date_added, products_last_modified, products_date_available, products_weight, products_status, products_tax_class_id, manufacturers_id, products_ordered) values ('1265', '2147483647', '', '0151.jpg', '9.9500', '2008-07-16 02:59:20', NULL, NULL, '0.00', '1', '4', '0', '0');
insert into products (products_id, products_quantity, products_model, products_image, products_price, products_date_added, products_last_modified, products_date_available, products_weight, products_status, products_tax_class_id, manufacturers_id, products_ordered) values ('1266', '2147483623', '', '0152.jpg', '1.9900', '2008-07-16 03:05:08', NULL, NULL, '0.00', '1', '4', '0', '24');
insert into products (products_id, products_quantity, products_model, products_image, products_price, products_date_added, products_last_modified, products_date_available, products_weight, products_status, products_tax_class_id, manufacturers_id, products_ordered) values ('1267', '2147483647', '', '0153.jpg', '9.9500', '2008-07-16 03:12:41', NULL, NULL, '0.00', '1', '4', '0', '0');
insert into products (products_id, products_quantity, products_model, products_image, products_price, products_date_added, products_last_modified, products_date_available, products_weight, products_status, products_tax_class_id, manufacturers_id, products_ordered) values ('1268', '2147483599', '', '0154.jpg', '1.9900', '2008-07-16 03:24:11', NULL, NULL, '0.00', '1', '4', '0', '48');
insert into products (products_id, products_quantity, products_model, products_image, products_price, products_date_added, products_last_modified, products_date_available, products_weight, products_status, products_tax_class_id, manufacturers_id, products_ordered) values ('1269', '2147483647', '', '0155.jpg', '1.9900', '2008-07-16 03:28:40', NULL, NULL, '0.00', '1', '4', '0', '0');
insert into products (products_id, products_quantity, products_model, products_image, products_price, products_date_added, products_last_modified, products_date_available, products_weight, products_status, products_tax_class_id, manufacturers_id, products_ordered) values ('1270', '2147483647', '', '0156.jpg', '6.5000', '2008-07-16 03:33:21', NULL, NULL, '0.00', '1', '4', '0', '0');
insert into products (products_id, products_quantity, products_model, products_image, products_price, products_date_added, products_last_modified, products_date_available, products_weight, products_status, products_tax_class_id, manufacturers_id, products_ordered) values ('1271', '2147483647', '', '0157.jpg', '1.9900', '2008-07-16 03:41:14', NULL, NULL, '0.00', '1', '4', '0', '0');
insert into products (products_id, products_quantity, products_model, products_image, products_price, products_date_added, products_last_modified, products_date_available, products_weight, products_status, products_tax_class_id, manufacturers_id, products_ordered) values ('1272', '2147483647', '', '0158.jpg', '1.9900', '2008-07-16 03:44:29', '2008-07-16 03:50:41', NULL, '0.00', '1', '4', '0', '0');
insert into products (products_id, products_quantity, products_model, products_image, products_price, products_date_added, products_last_modified, products_date_available, products_weight, products_status, products_tax_class_id, manufacturers_id, products_ordered) values ('1273', '2147483647', '', '0159.jpg', '1.9900', '2008-07-16 03:55:09', '2008-07-16 03:55:46', NULL, '0.00', '1', '4', '0', '0');
insert into products (products_id, products_quantity, products_model, products_image, products_price, products_date_added, products_last_modified, products_date_available, products_weight, products_status, products_tax_class_id, manufacturers_id, products_ordered) values ('1274', '2147483647', '', '0160.jpg', '4.9900', '2008-07-16 04:02:18', NULL, NULL, '0.00', '1', '4', '0', '0');
insert into products (products_id, products_quantity, products_model, products_image, products_price, products_date_added, products_last_modified, products_date_available, products_weight, products_status, products_tax_class_id, manufacturers_id, products_ordered) values ('1275', '2147483647', '', '0162.jpg', '2.2500', '2008-07-16 04:22:22', NULL, NULL, '0.00', '1', '4', '0', '0');
insert into products (products_id, products_quantity, products_model, products_image, products_price, products_date_added, products_last_modified, products_date_available, products_weight, products_status, products_tax_class_id, manufacturers_id, products_ordered) values ('1276', '2147483647', '', '0163.jpg', '2.6000', '2008-07-16 04:28:49', NULL, NULL, '0.00', '1', '4', '0', '0');
insert into products (products_id, products_quantity, products_model, products_image, products_price, products_date_added, products_last_modified, products_date_available, products_weight, products_status, products_tax_class_id, manufacturers_id, products_ordered) values ('1277', '333333333', '', '0164.jpg', '9.9500', '2008-07-16 04:57:07', NULL, NULL, '0.00', '1', '4', '0', '0');
insert into products (products_id, products_quantity, products_model, products_image, products_price, products_date_added, products_last_modified, products_date_available, products_weight, products_status, products_tax_class_id, manufacturers_id, products_ordered) values ('1278', '2147483647', '', '0165.jpg', '2.5000', '2008-07-16 05:03:52', '2008-07-16 05:10:03', NULL, '0.00', '1', '4', '0', '0');
insert into products (products_id, products_quantity, products_model, products_image, products_price, products_date_added, products_last_modified, products_date_available, products_weight, products_status, products_tax_class_id, manufacturers_id, products_ordered) values ('1279', '2147483647', '', '0166.jpg', '2.5000', '2008-07-16 05:09:33', NULL, NULL, '0.00', '1', '4', '0', '0');
insert into products (products_id, products_quantity, products_model, products_image, products_price, products_date_added, products_last_modified, products_date_available, products_weight, products_status, products_tax_class_id, manufacturers_id, products_ordered) values ('1280', '2147483647', '', '0167.jpg', '2.9900', '2008-07-16 05:14:07', NULL, NULL, '0.00', '1', '4', '0', '0');
insert into products (products_id, products_quantity, products_model, products_image, products_price, products_date_added, products_last_modified, products_date_available, products_weight, products_status, products_tax_class_id, manufacturers_id, products_ordered) values ('1281', '2147483647', '', '0168.jpg', '0.9900', '2008-07-16 05:19:09', '2008-07-16 05:19:56', NULL, '0.00', '1', '4', '0', '0');
insert into products (products_id, products_quantity, products_model, products_image, products_price, products_date_added, products_last_modified, products_date_available, products_weight, products_status, products_tax_class_id, manufacturers_id, products_ordered) values ('1282', '2147483647', '', '0169.jpg', '1.9900', '2008-07-16 05:25:05', NULL, NULL, '0.00', '1', '4', '0', '0');
insert into products (products_id, products_quantity, products_model, products_image, products_price, products_date_added, products_last_modified, products_date_available, products_weight, products_status, products_tax_class_id, manufacturers_id, products_ordered) values ('1283', '2147483647', '', '0170.jpg', '1.9900', '2008-07-16 05:28:07', NULL, NULL, '0.00', '1', '4', '0', '0');
insert into products (products_id, products_quantity, products_model, products_image, products_price, products_date_added, products_last_modified, products_date_available, products_weight, products_status, products_tax_class_id, manufacturers_id, products_ordered) values ('1284', '2147483647', '', '0171.jpg', '1.9900', '2008-07-16 05:34:05', NULL, NULL, '0.00', '1', '4', '0', '0');
insert into products (products_id, products_quantity, products_model, products_image, products_price, products_date_added, products_last_modified, products_date_available, products_weight, products_status, products_tax_class_id, manufacturers_id, products_ordered) values ('1285', '2147483647', '', '0172.jpg', '1.9900', '2008-07-16 05:37:32', NULL, NULL, '0.00', '1', '4', '0', '0');
insert into products (products_id, products_quantity, products_model, products_image, products_price, products_date_added, products_last_modified, products_date_available, products_weight, products_status, products_tax_class_id, manufacturers_id, products_ordered) values ('1286', '2147483647', '', '0173.jpg', '1.9900', '2008-07-16 05:40:45', NULL, NULL, '0.00', '1', '4', '0', '0');
insert into products (products_id, products_quantity, products_model, products_image, products_price, products_date_added, products_last_modified, products_date_available, products_weight, products_status, products_tax_class_id, manufacturers_id, products_ordered) values ('1287', '2147483647', '', '0174.jpg', '1.9900', '2008-07-16 05:47:43', '2008-07-16 05:49:44', NULL, '0.00', '1', '4', '0', '0');
insert into products (products_id, products_quantity, products_model, products_image, products_price, products_date_added, products_last_modified, products_date_available, products_weight, products_status, products_tax_class_id, manufacturers_id, products_ordered) values ('1288', '2147483647', '', '0175.jpg', '1.9900', '2008-07-16 05:53:21', NULL, NULL, '0.00', '1', '4', '0', '0');
insert into products (products_id, products_quantity, products_model, products_image, products_price, products_date_added, products_last_modified, products_date_available, products_weight, products_status, products_tax_class_id, manufacturers_id, products_ordered) values ('1289', '2147483647', '', '0176.jpg', '6.9900', '2008-07-16 07:44:38', NULL, NULL, '0.00', '1', '4', '0', '0');
insert into products (products_id, products_quantity, products_model, products_image, products_price, products_date_added, products_last_modified, products_date_available, products_weight, products_status, products_tax_class_id, manufacturers_id, products_ordered) values ('1290', '2147483643', '', '0177.jpg', '5.9900', '2008-07-16 08:24:25', NULL, NULL, '0.00', '1', '4', '0', '4');
insert into products (products_id, products_quantity, products_model, products_image, products_price, products_date_added, products_last_modified, products_date_available, products_weight, products_status, products_tax_class_id, manufacturers_id, products_ordered) values ('1291', '2147483643', '', '0178.jpg', '5.9900', '2008-07-16 08:31:06', NULL, NULL, '0.00', '1', '4', '0', '4');
insert into products (products_id, products_quantity, products_model, products_image, products_price, products_date_added, products_last_modified, products_date_available, products_weight, products_status, products_tax_class_id, manufacturers_id, products_ordered) values ('1292', '2147483643', '', '0179.jpg', '5.9900', '2008-07-16 09:13:16', NULL, NULL, '0.00', '1', '4', '0', '4');
insert into products (products_id, products_quantity, products_model, products_image, products_price, products_date_added, products_last_modified, products_date_available, products_weight, products_status, products_tax_class_id, manufacturers_id, products_ordered) values ('1293', '2147483647', '', '0181.jpg', '4.9900', '2008-07-16 09:27:18', NULL, NULL, '0.00', '1', '4', '0', '0');
insert into products (products_id, products_quantity, products_model, products_image, products_price, products_date_added, products_last_modified, products_date_available, products_weight, products_status, products_tax_class_id, manufacturers_id, products_ordered) values ('1294', '1111111105', '', '0182.jpg', '9.9900', '2008-07-16 09:33:20', NULL, NULL, '0.00', '1', '4', '0', '6');
insert into products (products_id, products_quantity, products_model, products_image, products_price, products_date_added, products_last_modified, products_date_available, products_weight, products_status, products_tax_class_id, manufacturers_id, products_ordered) values ('1295', '2147483641', '', '0183.jpg', '4.9900', '2008-07-16 09:37:15', NULL, NULL, '0.00', '1', '4', '0', '6');
insert into products (products_id, products_quantity, products_model, products_image, products_price, products_date_added, products_last_modified, products_date_available, products_weight, products_status, products_tax_class_id, manufacturers_id, products_ordered) values ('1296', '2147483647', '', '0485.jpg', '6.9500', '2008-07-18 10:26:22', NULL, NULL, '0.00', '1', '4', '0', '0');
insert into products (products_id, products_quantity, products_model, products_image, products_price, products_date_added, products_last_modified, products_date_available, products_weight, products_status, products_tax_class_id, manufacturers_id, products_ordered) values ('1297', '2147483647', '', '0486.jpg', '6.9500', '2008-07-18 10:32:01', NULL, NULL, '0.00', '1', '4', '0', '0');
insert into products (products_id, products_quantity, products_model, products_image, products_price, products_date_added, products_last_modified, products_date_available, products_weight, products_status, products_tax_class_id, manufacturers_id, products_ordered) values ('1298', '2147483647', '', '0487.jpg', '6.9900', '2008-07-18 10:37:32', NULL, NULL, '0.00', '1', '4', '0', '0');
insert into products (products_id, products_quantity, products_model, products_image, products_price, products_date_added, products_last_modified, products_date_available, products_weight, products_status, products_tax_class_id, manufacturers_id, products_ordered) values ('1299', '2147483641', '', '0488.jpg', '6.9900', '2008-07-18 10:42:19', NULL, NULL, '0.00', '1', '4', '0', '6');
insert into products (products_id, products_quantity, products_model, products_image, products_price, products_date_added, products_last_modified, products_date_available, products_weight, products_status, products_tax_class_id, manufacturers_id, products_ordered) values ('1226', '2147483647', '', '2222.jpg', '5.8000', '2008-07-14 10:15:36', NULL, NULL, '0.00', '1', '4', '0', '0');
insert into products (products_id, products_quantity, products_model, products_image, products_price, products_date_added, products_last_modified, products_date_available, products_weight, products_status, products_tax_class_id, manufacturers_id, products_ordered) values ('1227', '2147483641', '', '2223.jpg', '9.9900', '2008-07-14 10:21:09', NULL, NULL, '0.00', '1', '4', '0', '6');
insert into products (products_id, products_quantity, products_model, products_image, products_price, products_date_added, products_last_modified, products_date_available, products_weight, products_status, products_tax_class_id, manufacturers_id, products_ordered) values ('1228', '2147483641', '', '2224.jpg', '9.9900', '2008-07-14 10:27:57', NULL, NULL, '0.00', '1', '4', '0', '6');
insert into products (products_id, products_quantity, products_model, products_image, products_price, products_date_added, products_last_modified, products_date_available, products_weight, products_status, products_tax_class_id, manufacturers_id, products_ordered) values ('1229', '2147483641', '', '2225.jpg', '9.9900', '2008-07-14 16:44:35', '2008-07-14 16:44:59', NULL, '0.00', '1', '4', '0', '6');
insert into products (products_id, products_quantity, products_model, products_image, products_price, products_date_added, products_last_modified, products_date_available, products_weight, products_status, products_tax_class_id, manufacturers_id, products_ordered) values ('1201', '2147483639', '', '2194.jpg', '12.9500', '2008-07-14 05:48:01', NULL, NULL, '0.00', '1', '4', '0', '8');
insert into products (products_id, products_quantity, products_model, products_image, products_price, products_date_added, products_last_modified, products_date_available, products_weight, products_status, products_tax_class_id, manufacturers_id, products_ordered) values ('1202', '2147483647', '', '2195.jpg', '14.9500', '2008-07-14 05:59:12', NULL, NULL, '0.00', '1', '4', '0', '0');
insert into products (products_id, products_quantity, products_model, products_image, products_price, products_date_added, products_last_modified, products_date_available, products_weight, products_status, products_tax_class_id, manufacturers_id, products_ordered) values ('1203', '2147483647', '', '2196.jpg', '14.9500', '2008-07-14 06:18:25', NULL, NULL, '0.00', '1', '4', '0', '0');
insert into products (products_id, products_quantity, products_model, products_image, products_price, products_date_added, products_last_modified, products_date_available, products_weight, products_status, products_tax_class_id, manufacturers_id, products_ordered) values ('1204', '2147483647', '', '2197.jpg', '5.9000', '2008-07-14 06:22:58', '2008-07-14 06:27:49', NULL, '0.00', '1', '4', '0', '0');
insert into products (products_id, products_quantity, products_model, products_image, products_price, products_date_added, products_last_modified, products_date_available, products_weight, products_status, products_tax_class_id, manufacturers_id, products_ordered) values ('1205', '2147483647', '', '2198.jpg', '5.9000', '2008-07-14 06:31:35', NULL, NULL, '0.00', '1', '4', '0', '0');
insert into products (products_id, products_quantity, products_model, products_image, products_price, products_date_added, products_last_modified, products_date_available, products_weight, products_status, products_tax_class_id, manufacturers_id, products_ordered) values ('1206', '2147483647', '', '2199.jpg', '5.9000', '2008-07-14 06:35:31', NULL, NULL, '0.00', '1', '4', '0', '0');
insert into products (products_id, products_quantity, products_model, products_image, products_price, products_date_added, products_last_modified, products_date_available, products_weight, products_status, products_tax_class_id, manufacturers_id, products_ordered) values ('1207', '2147483647', '', '2200.jpg', '6.9000', '2008-07-14 06:39:17', NULL, NULL, '0.00', '1', '4', '0', '0');
insert into products (products_id, products_quantity, products_model, products_image, products_price, products_date_added, products_last_modified, products_date_available, products_weight, products_status, products_tax_class_id, manufacturers_id, products_ordered) values ('1208', '2147483647', '', '2201.jpg', '5.9000', '2008-07-14 06:46:06', NULL, NULL, '0.00', '1', '4', '0', '0');
insert into products (products_id, products_quantity, products_model, products_image, products_price, products_date_added, products_last_modified, products_date_available, products_weight, products_status, products_tax_class_id, manufacturers_id, products_ordered) values ('1209', '2147483647', '', '2203.jpg', '6.9000', '2008-07-14 06:50:14', '2008-07-14 06:51:50', NULL, '0.00', '1', '4', '0', '0');
insert into products (products_id, products_quantity, products_model, products_image, products_price, products_date_added, products_last_modified, products_date_available, products_weight, products_status, products_tax_class_id, manufacturers_id, products_ordered) values ('1210', '2147483647', '', '2205.jpg', '12.9000', '2008-07-14 07:02:46', NULL, NULL, '0.00', '1', '4', '0', '0');
insert into products (products_id, products_quantity, products_model, products_image, products_price, products_date_added, products_last_modified, products_date_available, products_weight, products_status, products_tax_class_id, manufacturers_id, products_ordered) values ('1211', '2147483647', '', '2206.jpg', '5.9000', '2008-07-14 07:10:48', NULL, NULL, '0.00', '1', '4', '0', '0');
insert into products (products_id, products_quantity, products_model, products_image, products_price, products_date_added, products_last_modified, products_date_available, products_weight, products_status, products_tax_class_id, manufacturers_id, products_ordered) values ('1212', '2147483647', '', '2207.jpg', '14.9500', '2008-07-14 07:17:39', NULL, NULL, '0.00', '1', '4', '0', '0');
insert into products (products_id, products_quantity, products_model, products_image, products_price, products_date_added, products_last_modified, products_date_available, products_weight, products_status, products_tax_class_id, manufacturers_id, products_ordered) values ('1213', '2147483647', '', '2208.jpg', '14.9500', '2008-07-14 07:26:55', NULL, NULL, '0.00', '1', '4', '0', '0');
insert into products (products_id, products_quantity, products_model, products_image, products_price, products_date_added, products_last_modified, products_date_available, products_weight, products_status, products_tax_class_id, manufacturers_id, products_ordered) values ('1214', '2147483647', '', '2209.jpg', '14.9500', '2008-07-14 07:31:57', NULL, NULL, '0.00', '1', '4', '0', '0');
insert into products (products_id, products_quantity, products_model, products_image, products_price, products_date_added, products_last_modified, products_date_available, products_weight, products_status, products_tax_class_id, manufacturers_id, products_ordered) values ('1215', '2147483647', '', '2210.jpg', '14.9500', '2008-07-14 07:39:10', NULL, NULL, '0.00', '1', '4', '0', '0');
insert into products (products_id, products_quantity, products_model, products_image, products_price, products_date_added, products_last_modified, products_date_available, products_weight, products_status, products_tax_class_id, manufacturers_id, products_ordered) values ('1216', '2147483647', '', '2211.jpg', '14.9500', '2008-07-14 07:44:48', NULL, NULL, '0.00', '1', '4', '0', '0');
insert into products (products_id, products_quantity, products_model, products_image, products_price, products_date_added, products_last_modified, products_date_available, products_weight, products_status, products_tax_class_id, manufacturers_id, products_ordered) values ('1217', '2147483647', '', '2212.jpg', '14.9500', '2008-07-14 07:48:56', NULL, NULL, '0.00', '1', '4', '0', '0');
insert into products (products_id, products_quantity, products_model, products_image, products_price, products_date_added, products_last_modified, products_date_available, products_weight, products_status, products_tax_class_id, manufacturers_id, products_ordered) values ('1218', '2147483647', '', '2213.jpg', '14.9500', '2008-07-14 07:53:20', NULL, NULL, '0.00', '1', '4', '0', '0');
insert into products (products_id, products_quantity, products_model, products_image, products_price, products_date_added, products_last_modified, products_date_available, products_weight, products_status, products_tax_class_id, manufacturers_id, products_ordered) values ('1219', '2147483647', '', '2215.jpg', '12.9000', '2008-07-14 07:56:25', '2008-07-14 07:58:51', NULL, '0.00', '1', '4', '0', '0');
insert into products (products_id, products_quantity, products_model, products_image, products_price, products_date_added, products_last_modified, products_date_available, products_weight, products_status, products_tax_class_id, manufacturers_id, products_ordered) values ('1220', '2147483647', '', '2216.jpg', '14.9500', '2008-07-14 08:04:32', NULL, NULL, '0.00', '1', '4', '0', '0');
insert into products (products_id, products_quantity, products_model, products_image, products_price, products_date_added, products_last_modified, products_date_available, products_weight, products_status, products_tax_class_id, manufacturers_id, products_ordered) values ('1221', '2147483647', '', '2217.jpg', '6.9900', '2008-07-14 09:49:34', NULL, NULL, '0.00', '1', '4', '0', '0');
insert into products (products_id, products_quantity, products_model, products_image, products_price, products_date_added, products_last_modified, products_date_available, products_weight, products_status, products_tax_class_id, manufacturers_id, products_ordered) values ('1222', '2147483647', '', '2218.jpg', '5.9000', '2008-07-14 09:56:57', NULL, NULL, '0.00', '1', '4', '0', '0');
insert into products (products_id, products_quantity, products_model, products_image, products_price, products_date_added, products_last_modified, products_date_available, products_weight, products_status, products_tax_class_id, manufacturers_id, products_ordered) values ('1223', '2147483647', '', '2219.jpg', '5.9000', '2008-07-14 10:00:16', NULL, NULL, '0.00', '1', '4', '0', '0');
insert into products (products_id, products_quantity, products_model, products_image, products_price, products_date_added, products_last_modified, products_date_available, products_weight, products_status, products_tax_class_id, manufacturers_id, products_ordered) values ('1224', '2147483647', '', '2220.jpg', '5.9000', '2008-07-14 10:03:09', NULL, NULL, '0.00', '1', '4', '0', '0');
insert into products (products_id, products_quantity, products_model, products_image, products_price, products_date_added, products_last_modified, products_date_available, products_weight, products_status, products_tax_class_id, manufacturers_id, products_ordered) values ('1225', '2147483647', '', '2221.jpg', '6.9000', '2008-07-14 10:07:24', NULL, NULL, '0.00', '1', '4', '0', '0');
insert into products (products_id, products_quantity, products_model, products_image, products_price, products_date_added, products_last_modified, products_date_available, products_weight, products_status, products_tax_class_id, manufacturers_id, products_ordered) values ('1200', '2147483635', '', '2193.jpg', '1.9900', '2008-06-29 11:04:34', NULL, NULL, '0.00', '1', '4', '0', '12');
insert into products (products_id, products_quantity, products_model, products_image, products_price, products_date_added, products_last_modified, products_date_available, products_weight, products_status, products_tax_class_id, manufacturers_id, products_ordered) values ('1199', '2147483647', '', '2192.jpg', '1.9900', '2008-06-29 11:00:30', NULL, NULL, '0.00', '1', '4', '0', '0');
insert into products (products_id, products_quantity, products_model, products_image, products_price, products_date_added, products_last_modified, products_date_available, products_weight, products_status, products_tax_class_id, manufacturers_id, products_ordered) values ('1196', '2147483629', '', '2188.jpg', '2.9900', '2008-06-29 10:29:12', NULL, NULL, '0.00', '1', '4', '0', '18');
insert into products (products_id, products_quantity, products_model, products_image, products_price, products_date_added, products_last_modified, products_date_available, products_weight, products_status, products_tax_class_id, manufacturers_id, products_ordered) values ('1197', '2147483647', '', '2190.jpg', '1.9900', '2008-06-29 10:51:42', NULL, NULL, '0.00', '1', '4', '0', '0');
insert into products (products_id, products_quantity, products_model, products_image, products_price, products_date_added, products_last_modified, products_date_available, products_weight, products_status, products_tax_class_id, manufacturers_id, products_ordered) values ('1198', '2147483635', '', '2191.jpg', '1.9900', '2008-06-29 10:55:57', NULL, NULL, '0.00', '1', '4', '0', '12');
insert into products (products_id, products_quantity, products_model, products_image, products_price, products_date_added, products_last_modified, products_date_available, products_weight, products_status, products_tax_class_id, manufacturers_id, products_ordered) values ('1179', '2147483647', '', '2170.jpg', '2.9900', '2008-06-29 06:59:42', NULL, NULL, '0.00', '1', '4', '0', '0');
insert into products (products_id, products_quantity, products_model, products_image, products_price, products_date_added, products_last_modified, products_date_available, products_weight, products_status, products_tax_class_id, manufacturers_id, products_ordered) values ('1180', '2147483635', '', '2171.jpg', '4.9900', '2008-06-29 07:10:24', NULL, NULL, '0.00', '1', '4', '0', '12');
insert into products (products_id, products_quantity, products_model, products_image, products_price, products_date_added, products_last_modified, products_date_available, products_weight, products_status, products_tax_class_id, manufacturers_id, products_ordered) values ('1181', '2147483647', '', '2172.jpg', '4.9900', '2008-06-29 07:14:32', NULL, NULL, '0.00', '1', '4', '0', '0');
insert into products (products_id, products_quantity, products_model, products_image, products_price, products_date_added, products_last_modified, products_date_available, products_weight, products_status, products_tax_class_id, manufacturers_id, products_ordered) values ('1182', '2147483647', '', '2173.jpg', '1.9900', '2008-06-29 07:18:44', NULL, NULL, '0.00', '1', '4', '0', '0');
insert into products (products_id, products_quantity, products_model, products_image, products_price, products_date_added, products_last_modified, products_date_available, products_weight, products_status, products_tax_class_id, manufacturers_id, products_ordered) values ('1183', '2147483641', '', '2174.jpg', '2.9900', '2008-06-29 07:23:11', NULL, NULL, '0.00', '1', '4', '0', '6');
insert into products (products_id, products_quantity, products_model, products_image, products_price, products_date_added, products_last_modified, products_date_available, products_weight, products_status, products_tax_class_id, manufacturers_id, products_ordered) values ('1184', '2147483647', '', '2175.jpg', '2.9900', '2008-06-29 07:27:52', NULL, NULL, '0.00', '1', '4', '0', '0');
insert into products (products_id, products_quantity, products_model, products_image, products_price, products_date_added, products_last_modified, products_date_available, products_weight, products_status, products_tax_class_id, manufacturers_id, products_ordered) values ('1185', '2147483647', '', '2176.jpg', '2.9900', '2008-06-29 07:36:15', NULL, NULL, '0.00', '1', '4', '0', '0');
insert into products (products_id, products_quantity, products_model, products_image, products_price, products_date_added, products_last_modified, products_date_available, products_weight, products_status, products_tax_class_id, manufacturers_id, products_ordered) values ('1186', '2147483611', '', '2177.jpg', '2.9900', '2008-06-29 07:41:35', NULL, NULL, '0.00', '1', '4', '0', '36');
insert into products (products_id, products_quantity, products_model, products_image, products_price, products_date_added, products_last_modified, products_date_available, products_weight, products_status, products_tax_class_id, manufacturers_id, products_ordered) values ('1187', '2147483647', '', '2178.jpg', '1.9900', '2008-06-29 07:46:13', NULL, NULL, '0.00', '1', '4', '0', '0');
insert into products (products_id, products_quantity, products_model, products_image, products_price, products_date_added, products_last_modified, products_date_available, products_weight, products_status, products_tax_class_id, manufacturers_id, products_ordered) values ('1188', '2147483647', '', '2179.jpg', '2.9900', '2008-06-29 07:50:50', NULL, NULL, '0.00', '1', '4', '0', '0');
insert into products (products_id, products_quantity, products_model, products_image, products_price, products_date_added, products_last_modified, products_date_available, products_weight, products_status, products_tax_class_id, manufacturers_id, products_ordered) values ('1189', '2147483647', '', '2180.jpg', '1.9900', '2008-06-29 07:55:44', NULL, NULL, '0.00', '1', '4', '0', '0');
insert into products (products_id, products_quantity, products_model, products_image, products_price, products_date_added, products_last_modified, products_date_available, products_weight, products_status, products_tax_class_id, manufacturers_id, products_ordered) values ('1190', '2147483647', '', '2181.jpg', '2.9900', '2008-06-29 07:59:48', NULL, NULL, '0.00', '1', '4', '0', '0');
insert into products (products_id, products_quantity, products_model, products_image, products_price, products_date_added, products_last_modified, products_date_available, products_weight, products_status, products_tax_class_id, manufacturers_id, products_ordered) values ('1191', '2147483647', '', '2182.jpg', '2.9900', '2008-06-29 08:02:58', NULL, NULL, '0.00', '1', '4', '0', '0');
insert into products (products_id, products_quantity, products_model, products_image, products_price, products_date_added, products_last_modified, products_date_available, products_weight, products_status, products_tax_class_id, manufacturers_id, products_ordered) values ('1192', '2147483647', '', '2183.jpg', '2.9900', '2008-06-29 08:06:43', NULL, NULL, '0.00', '1', '4', '0', '0');
insert into products (products_id, products_quantity, products_model, products_image, products_price, products_date_added, products_last_modified, products_date_available, products_weight, products_status, products_tax_class_id, manufacturers_id, products_ordered) values ('1193', '2147483641', '', '2184.jpg', '2.9900', '2008-06-29 09:44:39', NULL, NULL, '0.00', '1', '4', '0', '6');
insert into products (products_id, products_quantity, products_model, products_image, products_price, products_date_added, products_last_modified, products_date_available, products_weight, products_status, products_tax_class_id, manufacturers_id, products_ordered) values ('1194', '2147483641', '', '2185.jpg', '2.9900', '2008-06-29 10:18:31', NULL, NULL, '0.00', '1', '4', '0', '6');
insert into products (products_id, products_quantity, products_model, products_image, products_price, products_date_added, products_last_modified, products_date_available, products_weight, products_status, products_tax_class_id, manufacturers_id, products_ordered) values ('1195', '2147483647', '', '2186.jpg', '2.9900', '2008-06-29 10:24:14', NULL, NULL, '0.00', '1', '4', '0', '0');
insert into products (products_id, products_quantity, products_model, products_image, products_price, products_date_added, products_last_modified, products_date_available, products_weight, products_status, products_tax_class_id, manufacturers_id, products_ordered) values ('1178', '2147483647', '', '2169.jpg', '2.9900', '2008-06-29 06:53:40', NULL, NULL, '0.00', '1', '4', '0', '0');
insert into products (products_id, products_quantity, products_model, products_image, products_price, products_date_added, products_last_modified, products_date_available, products_weight, products_status, products_tax_class_id, manufacturers_id, products_ordered) values ('1161', '2147483647', '', '2149.jpg', '1.9900', '2008-06-29 05:09:15', NULL, NULL, '0.00', '1', '4', '0', '0');
insert into products (products_id, products_quantity, products_model, products_image, products_price, products_date_added, products_last_modified, products_date_available, products_weight, products_status, products_tax_class_id, manufacturers_id, products_ordered) values ('1162', '2147483635', '', '2150.jpg', '1.9900', '2008-06-29 05:16:57', NULL, NULL, '0.00', '1', '4', '0', '12');
insert into products (products_id, products_quantity, products_model, products_image, products_price, products_date_added, products_last_modified, products_date_available, products_weight, products_status, products_tax_class_id, manufacturers_id, products_ordered) values ('1163', '2147483647', '', '2151.jpg', '2.9900', '2008-06-29 05:28:15', NULL, NULL, '0.00', '1', '4', '0', '0');
insert into products (products_id, products_quantity, products_model, products_image, products_price, products_date_added, products_last_modified, products_date_available, products_weight, products_status, products_tax_class_id, manufacturers_id, products_ordered) values ('1164', '2147483611', '', '2152.jpg', '1.9900', '2008-06-29 05:35:05', NULL, NULL, '0.00', '1', '4', '0', '36');
insert into products (products_id, products_quantity, products_model, products_image, products_price, products_date_added, products_last_modified, products_date_available, products_weight, products_status, products_tax_class_id, manufacturers_id, products_ordered) values ('1165', '2147483647', '', '2153.jpg', '1.9900', '2008-06-29 05:41:09', NULL, NULL, '0.00', '1', '4', '0', '0');
insert into products (products_id, products_quantity, products_model, products_image, products_price, products_date_added, products_last_modified, products_date_available, products_weight, products_status, products_tax_class_id, manufacturers_id, products_ordered) values ('1166', '2147483647', '', '2155.jpg', '1.9900', '2008-06-29 05:51:52', NULL, NULL, '0.00', '1', '4', '0', '0');
insert into products (products_id, products_quantity, products_model, products_image, products_price, products_date_added, products_last_modified, products_date_available, products_weight, products_status, products_tax_class_id, manufacturers_id, products_ordered) values ('1167', '2147483623', '', '2156.jpg', '2.9900', '2008-06-29 05:56:04', NULL, NULL, '0.00', '1', '4', '0', '24');
insert into products (products_id, products_quantity, products_model, products_image, products_price, products_date_added, products_last_modified, products_date_available, products_weight, products_status, products_tax_class_id, manufacturers_id, products_ordered) values ('1168', '2147483647', '', '2157.jpg', '1.9900', '2008-06-29 05:59:51', NULL, NULL, '0.00', '1', '4', '0', '0');
insert into products (products_id, products_quantity, products_model, products_image, products_price, products_date_added, products_last_modified, products_date_available, products_weight, products_status, products_tax_class_id, manufacturers_id, products_ordered) values ('1169', '2147483647', '', '2159.jpg', '1.9900', '2008-06-29 06:04:17', NULL, NULL, '0.00', '1', '4', '0', '0');
insert into products (products_id, products_quantity, products_model, products_image, products_price, products_date_added, products_last_modified, products_date_available, products_weight, products_status, products_tax_class_id, manufacturers_id, products_ordered) values ('1170', '2147483647', '', '2160.jpg', '1.9900', '2008-06-29 06:08:27', NULL, NULL, '0.00', '1', '4', '0', '0');
insert into products (products_id, products_quantity, products_model, products_image, products_price, products_date_added, products_last_modified, products_date_available, products_weight, products_status, products_tax_class_id, manufacturers_id, products_ordered) values ('1171', '2147483635', '', '2161.jpg', '2.9900', '2008-06-29 06:14:48', NULL, NULL, '0.00', '1', '4', '0', '12');
insert into products (products_id, products_quantity, products_model, products_image, products_price, products_date_added, products_last_modified, products_date_available, products_weight, products_status, products_tax_class_id, manufacturers_id, products_ordered) values ('1172', '2147483647', '', '2162.jpg', '2.9900', '2008-06-29 06:19:04', NULL, NULL, '0.00', '1', '4', '0', '0');
insert into products (products_id, products_quantity, products_model, products_image, products_price, products_date_added, products_last_modified, products_date_available, products_weight, products_status, products_tax_class_id, manufacturers_id, products_ordered) values ('1173', '2147483635', '', '2163.jpg', '2.9900', '2008-06-29 06:23:58', NULL, NULL, '0.00', '1', '4', '0', '12');
insert into products (products_id, products_quantity, products_model, products_image, products_price, products_date_added, products_last_modified, products_date_available, products_weight, products_status, products_tax_class_id, manufacturers_id, products_ordered) values ('1174', '2147483647', '', '2164.jpg', '1.9900', '2008-06-29 06:28:56', '2008-06-29 06:30:45', NULL, '0.00', '1', '4', '0', '0');
insert into products (products_id, products_quantity, products_model, products_image, products_price, products_date_added, products_last_modified, products_date_available, products_weight, products_status, products_tax_class_id, manufacturers_id, products_ordered) values ('1175', '2147483635', '', '2165.jpg', '2.9900', '2008-06-29 06:33:49', NULL, NULL, '0.00', '1', '4', '0', '12');
insert into products (products_id, products_quantity, products_model, products_image, products_price, products_date_added, products_last_modified, products_date_available, products_weight, products_status, products_tax_class_id, manufacturers_id, products_ordered) values ('1176', '2147483647', '', '2167.jpg', '2.9900', '2008-06-29 06:44:46', NULL, NULL, '0.00', '1', '4', '0', '0');
insert into products (products_id, products_quantity, products_model, products_image, products_price, products_date_added, products_last_modified, products_date_available, products_weight, products_status, products_tax_class_id, manufacturers_id, products_ordered) values ('1177', '2147483647', '', '2168.jpg', '2.9900', '2008-06-29 06:48:56', NULL, NULL, '0.00', '1', '4', '0', '0');
insert into products (products_id, products_quantity, products_model, products_image, products_price, products_date_added, products_last_modified, products_date_available, products_weight, products_status, products_tax_class_id, manufacturers_id, products_ordered) values ('1142', '2147483647', '', '2126.jpg', '1.9900', '2008-06-28 06:44:12', '2008-06-28 06:45:22', NULL, '0.00', '1', '4', '0', '0');
insert into products (products_id, products_quantity, products_model, products_image, products_price, products_date_added, products_last_modified, products_date_available, products_weight, products_status, products_tax_class_id, manufacturers_id, products_ordered) values ('1143', '2147483611', '', '2130.jpg', '2.9900', '2008-06-28 06:55:29', '2008-06-28 07:13:30', NULL, '0.00', '1', '4', '0', '36');
insert into products (products_id, products_quantity, products_model, products_image, products_price, products_date_added, products_last_modified, products_date_available, products_weight, products_status, products_tax_class_id, manufacturers_id, products_ordered) values ('1144', '2147483635', '', '2131.jpg', '1.9900', '2008-06-28 07:06:29', NULL, NULL, '0.00', '1', '4', '0', '12');
insert into products (products_id, products_quantity, products_model, products_image, products_price, products_date_added, products_last_modified, products_date_available, products_weight, products_status, products_tax_class_id, manufacturers_id, products_ordered) values ('1145', '2147483635', '', '2132.jpg', '2.9900', '2008-06-28 07:11:35', NULL, NULL, '0.00', '1', '4', '0', '12');
insert into products (products_id, products_quantity, products_model, products_image, products_price, products_date_added, products_last_modified, products_date_available, products_weight, products_status, products_tax_class_id, manufacturers_id, products_ordered) values ('1146', '2147483647', '', '2133.jpg', '1.9900', '2008-06-28 07:23:39', NULL, NULL, '0.00', '1', '4', '0', '0');
insert into products (products_id, products_quantity, products_model, products_image, products_price, products_date_added, products_last_modified, products_date_available, products_weight, products_status, products_tax_class_id, manufacturers_id, products_ordered) values ('1147', '2147483647', '', '2134.jpg', '1.9900', '2008-06-28 07:30:13', NULL, NULL, '0.00', '1', '4', '0', '0');
insert into products (products_id, products_quantity, products_model, products_image, products_price, products_date_added, products_last_modified, products_date_available, products_weight, products_status, products_tax_class_id, manufacturers_id, products_ordered) values ('1148', '2147483647', '', '2135.jpg', '1.9900', '2008-06-28 07:38:48', NULL, NULL, '0.00', '1', '4', '0', '0');
insert into products (products_id, products_quantity, products_model, products_image, products_price, products_date_added, products_last_modified, products_date_available, products_weight, products_status, products_tax_class_id, manufacturers_id, products_ordered) values ('1149', '2147483647', '', '2136.jpg', '1.9900', '2008-06-28 07:48:18', NULL, NULL, '0.00', '1', '4', '0', '0');
insert into products (products_id, products_quantity, products_model, products_image, products_price, products_date_added, products_last_modified, products_date_available, products_weight, products_status, products_tax_class_id, manufacturers_id, products_ordered) values ('1150', '2147483647', '', '2137.jpg', '1.9900', '2008-06-28 07:54:43', NULL, NULL, '0.00', '1', '4', '0', '0');
insert into products (products_id, products_quantity, products_model, products_image, products_price, products_date_added, products_last_modified, products_date_available, products_weight, products_status, products_tax_class_id, manufacturers_id, products_ordered) values ('1151', '2147483647', '', '2138.jpg', '2.9900', '2008-06-28 08:00:18', '2008-06-28 08:03:12', NULL, '0.00', '1', '4', '0', '0');
insert into products (products_id, products_quantity, products_model, products_image, products_price, products_date_added, products_last_modified, products_date_available, products_weight, products_status, products_tax_class_id, manufacturers_id, products_ordered) values ('1152', '2147483647', '', '2139.jpg', '2.9900', '2008-06-28 08:04:28', NULL, NULL, '0.00', '1', '4', '0', '0');
insert into products (products_id, products_quantity, products_model, products_image, products_price, products_date_added, products_last_modified, products_date_available, products_weight, products_status, products_tax_class_id, manufacturers_id, products_ordered) values ('1153', '2147483647', '', '2140.jpg', '2.9900', '2008-06-28 08:10:25', NULL, NULL, '0.00', '1', '4', '0', '0');
insert into products (products_id, products_quantity, products_model, products_image, products_price, products_date_added, products_last_modified, products_date_available, products_weight, products_status, products_tax_class_id, manufacturers_id, products_ordered) values ('1154', '2147483647', '', '2141.jpg', '1.9900', '2008-06-29 04:33:08', '2008-06-29 04:36:44', NULL, '0.00', '1', '4', '0', '0');
insert into products (products_id, products_quantity, products_model, products_image, products_price, products_date_added, products_last_modified, products_date_available, products_weight, products_status, products_tax_class_id, manufacturers_id, products_ordered) values ('1155', '2147483647', '', '2142.jpg', '1.9900', '2008-06-29 04:37:29', NULL, NULL, '0.00', '1', '4', '0', '0');
insert into products (products_id, products_quantity, products_model, products_image, products_price, products_date_added, products_last_modified, products_date_available, products_weight, products_status, products_tax_class_id, manufacturers_id, products_ordered) values ('1156', '2147483647', '', '2143.jpg', '1.9900', '2008-06-29 04:44:01', NULL, NULL, '0.00', '1', '4', '0', '0');
insert into products (products_id, products_quantity, products_model, products_image, products_price, products_date_added, products_last_modified, products_date_available, products_weight, products_status, products_tax_class_id, manufacturers_id, products_ordered) values ('1157', '2147483647', '', '2145.jpg', '1.9900', '2008-06-29 04:48:43', NULL, NULL, '0.00', '1', '4', '0', '0');
insert into products (products_id, products_quantity, products_model, products_image, products_price, products_date_added, products_last_modified, products_date_available, products_weight, products_status, products_tax_class_id, manufacturers_id, products_ordered) values ('1158', '2147483647', '', '2146.jpg', '1.9900', '2008-06-29 04:53:24', NULL, NULL, '0.00', '1', '4', '0', '0');
insert into products (products_id, products_quantity, products_model, products_image, products_price, products_date_added, products_last_modified, products_date_available, products_weight, products_status, products_tax_class_id, manufacturers_id, products_ordered) values ('1159', '2147483647', '', '2147.jpg', '1.9900', '2008-06-29 04:57:33', NULL, NULL, '0.00', '1', '4', '0', '0');
insert into products (products_id, products_quantity, products_model, products_image, products_price, products_date_added, products_last_modified, products_date_available, products_weight, products_status, products_tax_class_id, manufacturers_id, products_ordered) values ('1160', '2147483635', '', '2148.jpg', '1.9900', '2008-06-29 05:02:20', '2008-06-29 05:03:27', NULL, '0.00', '1', '4', '0', '12');
insert into products (products_id, products_quantity, products_model, products_image, products_price, products_date_added, products_last_modified, products_date_available, products_weight, products_status, products_tax_class_id, manufacturers_id, products_ordered) values ('1090', '2147483647', '', '0088.jpg', '3.5000', '2008-06-25 08:38:11', NULL, NULL, '0.00', '1', '4', '0', '0');
insert into products (products_id, products_quantity, products_model, products_image, products_price, products_date_added, products_last_modified, products_date_available, products_weight, products_status, products_tax_class_id, manufacturers_id, products_ordered) values ('1091', '2147483647', '', '0089.jpg', '5.9900', '2008-06-25 08:44:46', '2008-06-25 11:35:17', NULL, '0.00', '1', '4', '0', '0');
insert into products (products_id, products_quantity, products_model, products_image, products_price, products_date_added, products_last_modified, products_date_available, products_weight, products_status, products_tax_class_id, manufacturers_id, products_ordered) values ('1092', '2147483647', '', '0090.jpg', '1.9900', '2008-06-25 11:14:34', '2008-06-25 11:36:12', NULL, '0.00', '1', '4', '0', '0');
insert into products (products_id, products_quantity, products_model, products_image, products_price, products_date_added, products_last_modified, products_date_available, products_weight, products_status, products_tax_class_id, manufacturers_id, products_ordered) values ('1093', '2147483647', '', '0091.jpg', '3.9900', '2008-06-25 11:18:43', NULL, NULL, '0.00', '1', '4', '0', '0');
insert into products (products_id, products_quantity, products_model, products_image, products_price, products_date_added, products_last_modified, products_date_available, products_weight, products_status, products_tax_class_id, manufacturers_id, products_ordered) values ('1094', '2147483647', '', '0092.jpg', '5.9900', '2008-06-25 11:23:01', '2008-06-25 11:34:07', NULL, '0.00', '1', '4', '0', '0');
insert into products (products_id, products_quantity, products_model, products_image, products_price, products_date_added, products_last_modified, products_date_available, products_weight, products_status, products_tax_class_id, manufacturers_id, products_ordered) values ('1095', '2147483647', '', '0093.jpg', '5.9500', '2008-06-25 11:30:55', NULL, NULL, '0.00', '1', '4', '0', '0');
insert into products (products_id, products_quantity, products_model, products_image, products_price, products_date_added, products_last_modified, products_date_available, products_weight, products_status, products_tax_class_id, manufacturers_id, products_ordered) values ('1096', '2147483647', '', '0094.jpg', '3.9900', '2008-06-25 11:42:31', NULL, NULL, '0.00', '1', '4', '0', '0');
insert into products (products_id, products_quantity, products_model, products_image, products_price, products_date_added, products_last_modified, products_date_available, products_weight, products_status, products_tax_class_id, manufacturers_id, products_ordered) values ('1097', '2147483647', '', '0095.jpg', '3.9500', '2008-06-25 11:47:16', NULL, NULL, '0.00', '1', '4', '0', '0');
insert into products (products_id, products_quantity, products_model, products_image, products_price, products_date_added, products_last_modified, products_date_available, products_weight, products_status, products_tax_class_id, manufacturers_id, products_ordered) values ('1098', '2147483647', '', '0096.jpg', '5.9900', '2008-06-25 12:11:06', NULL, NULL, '0.00', '1', '4', '0', '0');
insert into products (products_id, products_quantity, products_model, products_image, products_price, products_date_added, products_last_modified, products_date_available, products_weight, products_status, products_tax_class_id, manufacturers_id, products_ordered) values ('1099', '2147483647', '', '0097.jpg', '5.9900', '2008-06-25 12:13:53', NULL, NULL, '0.00', '1', '4', '0', '0');
insert into products (products_id, products_quantity, products_model, products_image, products_price, products_date_added, products_last_modified, products_date_available, products_weight, products_status, products_tax_class_id, manufacturers_id, products_ordered) values ('1100', '2147483647', '', '0098.jpg', '5.9500', '2008-06-25 12:18:10', NULL, NULL, '0.00', '1', '4', '0', '0');
insert into products (products_id, products_quantity, products_model, products_image, products_price, products_date_added, products_last_modified, products_date_available, products_weight, products_status, products_tax_class_id, manufacturers_id, products_ordered) values ('1101', '2147483647', '', '0099.jpg', '5.9500', '2008-06-25 12:23:17', NULL, NULL, '0.00', '1', '4', '0', '0');
insert into products (products_id, products_quantity, products_model, products_image, products_price, products_date_added, products_last_modified, products_date_available, products_weight, products_status, products_tax_class_id, manufacturers_id, products_ordered) values ('1102', '2147483647', '', '0100.jpg', '5.9500', '2008-06-25 12:30:04', NULL, NULL, '0.00', '1', '4', '0', '0');
insert into products (products_id, products_quantity, products_model, products_image, products_price, products_date_added, products_last_modified, products_date_available, products_weight, products_status, products_tax_class_id, manufacturers_id, products_ordered) values ('1103', '2147483647', '', '0101.jpg', '5.9500', '2008-06-25 12:38:24', '2008-06-25 12:38:43', NULL, '0.00', '1', '4', '0', '0');
insert into products (products_id, products_quantity, products_model, products_image, products_price, products_date_added, products_last_modified, products_date_available, products_weight, products_status, products_tax_class_id, manufacturers_id, products_ordered) values ('1104', '2147483647', '', '0103.jpg', '4.9900', '2008-06-25 12:42:24', NULL, NULL, '0.00', '1', '4', '0', '0');
insert into products (products_id, products_quantity, products_model, products_image, products_price, products_date_added, products_last_modified, products_date_available, products_weight, products_status, products_tax_class_id, manufacturers_id, products_ordered) values ('1105', '2147483647', '', '0104.jpg', '2.9900', '2008-06-25 12:59:16', NULL, NULL, '0.00', '1', '4', '0', '0');
insert into products (products_id, products_quantity, products_model, products_image, products_price, products_date_added, products_last_modified, products_date_available, products_weight, products_status, products_tax_class_id, manufacturers_id, products_ordered) values ('1106', '2147483647', '', '0106.jpg', '12.5000', '2008-06-25 13:06:05', '2008-07-14 06:01:28', NULL, '0.00', '1', '4', '0', '0');
insert into products (products_id, products_quantity, products_model, products_image, products_price, products_date_added, products_last_modified, products_date_available, products_weight, products_status, products_tax_class_id, manufacturers_id, products_ordered) values ('1107', '2147483647', '', '0108.jpg', '12.5000', '2008-06-25 13:11:29', '2008-07-14 06:01:53', NULL, '0.00', '1', '4', '0', '0');
insert into products (products_id, products_quantity, products_model, products_image, products_price, products_date_added, products_last_modified, products_date_available, products_weight, products_status, products_tax_class_id, manufacturers_id, products_ordered) values ('1108', '2147483647', '', '0109.jpg', '14.9500', '2008-06-25 14:43:10', '2008-07-14 06:00:38', NULL, '0.00', '1', '4', '0', '0');
insert into products (products_id, products_quantity, products_model, products_image, products_price, products_date_added, products_last_modified, products_date_available, products_weight, products_status, products_tax_class_id, manufacturers_id, products_ordered) values ('1109', '2147483639', '', '0110.jpg', '14.9500', '2008-06-25 14:47:42', '2008-07-14 06:00:58', NULL, '0.00', '1', '4', '0', '8');
insert into products (products_id, products_quantity, products_model, products_image, products_price, products_date_added, products_last_modified, products_date_available, products_weight, products_status, products_tax_class_id, manufacturers_id, products_ordered) values ('1110', '2147483647', '', '0111.jpg', '5.9900', '2008-06-25 14:53:11', '2008-06-25 14:57:41', NULL, '0.00', '1', '4', '0', '0');
insert into products (products_id, products_quantity, products_model, products_image, products_price, products_date_added, products_last_modified, products_date_available, products_weight, products_status, products_tax_class_id, manufacturers_id, products_ordered) values ('1111', '2147483647', '', '0112.jpg', '9.9500', '2008-06-25 14:56:23', NULL, NULL, '0.00', '1', '4', '0', '0');
insert into products (products_id, products_quantity, products_model, products_image, products_price, products_date_added, products_last_modified, products_date_available, products_weight, products_status, products_tax_class_id, manufacturers_id, products_ordered) values ('1112', '2147483647', '', '0113.jpg', '9.9500', '2008-06-26 02:08:55', NULL, NULL, '0.00', '1', '4', '0', '0');
insert into products (products_id, products_quantity, products_model, products_image, products_price, products_date_added, products_last_modified, products_date_available, products_weight, products_status, products_tax_class_id, manufacturers_id, products_ordered) values ('1113', '2147483635', '', '0114.jpg', '5.9900', '2008-06-26 02:13:31', NULL, NULL, '0.00', '1', '4', '0', '12');
insert into products (products_id, products_quantity, products_model, products_image, products_price, products_date_added, products_last_modified, products_date_available, products_weight, products_status, products_tax_class_id, manufacturers_id, products_ordered) values ('1114', '2147483623', '', '0115.jpg', '1.9900', '2008-06-26 02:18:22', NULL, NULL, '0.00', '1', '4', '0', '24');
insert into products (products_id, products_quantity, products_model, products_image, products_price, products_date_added, products_last_modified, products_date_available, products_weight, products_status, products_tax_class_id, manufacturers_id, products_ordered) values ('1115', '2147483647', '', '0116.jpg', '9.9500', '2008-06-26 02:35:37', NULL, NULL, '0.00', '1', '4', '0', '0');
insert into products (products_id, products_quantity, products_model, products_image, products_price, products_date_added, products_last_modified, products_date_available, products_weight, products_status, products_tax_class_id, manufacturers_id, products_ordered) values ('1116', '2147483635', '', '0118.jpg', '1.9900', '2008-06-26 02:42:03', NULL, NULL, '0.00', '1', '4', '0', '12');
insert into products (products_id, products_quantity, products_model, products_image, products_price, products_date_added, products_last_modified, products_date_available, products_weight, products_status, products_tax_class_id, manufacturers_id, products_ordered) values ('1117', '2147483611', '', '0119.jpg', '1.9900', '2008-06-26 02:46:08', NULL, NULL, '0.00', '1', '4', '0', '36');
insert into products (products_id, products_quantity, products_model, products_image, products_price, products_date_added, products_last_modified, products_date_available, products_weight, products_status, products_tax_class_id, manufacturers_id, products_ordered) values ('1118', '2147483647', '', '2000.jpg', '2.9900', '2008-06-26 10:25:20', '2008-06-29 06:43:50', NULL, '0.00', '1', '4', '0', '0');
insert into products (products_id, products_quantity, products_model, products_image, products_price, products_date_added, products_last_modified, products_date_available, products_weight, products_status, products_tax_class_id, manufacturers_id, products_ordered) values ('1119', '2147483647', '', '2001.jpg', '1.9900', '2008-06-26 10:30:32', '2008-06-26 10:32:47', NULL, '0.00', '1', '4', '0', '0');
insert into products (products_id, products_quantity, products_model, products_image, products_price, products_date_added, products_last_modified, products_date_available, products_weight, products_status, products_tax_class_id, manufacturers_id, products_ordered) values ('1120', '2147483647', '', '2002.jpg', '1.9900', '2008-06-26 10:36:35', NULL, NULL, '0.00', '1', '4', '0', '0');
insert into products (products_id, products_quantity, products_model, products_image, products_price, products_date_added, products_last_modified, products_date_available, products_weight, products_status, products_tax_class_id, manufacturers_id, products_ordered) values ('1121', '2147483647', '', '2003.jpg', '1.9900', '2008-06-26 10:41:02', NULL, NULL, '0.00', '1', '4', '0', '0');
insert into products (products_id, products_quantity, products_model, products_image, products_price, products_date_added, products_last_modified, products_date_available, products_weight, products_status, products_tax_class_id, manufacturers_id, products_ordered) values ('1122', '2147483647', '', '2004.jpg', '4.9900', '2008-06-26 10:45:27', NULL, NULL, '0.00', '1', '4', '0', '0');
insert into products (products_id, products_quantity, products_model, products_image, products_price, products_date_added, products_last_modified, products_date_available, products_weight, products_status, products_tax_class_id, manufacturers_id, products_ordered) values ('1123', '2147483635', '', '2005.jpg', '1.9900', '2008-06-26 10:55:23', NULL, NULL, '0.00', '1', '4', '0', '12');
insert into products (products_id, products_quantity, products_model, products_image, products_price, products_date_added, products_last_modified, products_date_available, products_weight, products_status, products_tax_class_id, manufacturers_id, products_ordered) values ('1124', '2147483563', '', '2006.jpg', '1.9900', '2008-06-26 11:00:45', NULL, NULL, '0.00', '1', '4', '0', '84');
insert into products (products_id, products_quantity, products_model, products_image, products_price, products_date_added, products_last_modified, products_date_available, products_weight, products_status, products_tax_class_id, manufacturers_id, products_ordered) values ('1125', '2147483647', '', '2007.jpg', '1.9900', '2008-06-26 11:10:07', NULL, NULL, '0.00', '1', '4', '0', '0');
insert into products (products_id, products_quantity, products_model, products_image, products_price, products_date_added, products_last_modified, products_date_available, products_weight, products_status, products_tax_class_id, manufacturers_id, products_ordered) values ('1126', '2147483647', '', '2008.jpg', '1.9900', '2008-06-26 11:17:42', NULL, NULL, '0.00', '1', '4', '0', '0');
insert into products (products_id, products_quantity, products_model, products_image, products_price, products_date_added, products_last_modified, products_date_available, products_weight, products_status, products_tax_class_id, manufacturers_id, products_ordered) values ('1127', '2147483635', '', '2009.jpg', '2.2000', '2008-06-26 11:22:36', NULL, NULL, '0.00', '1', '4', '0', '12');
insert into products (products_id, products_quantity, products_model, products_image, products_price, products_date_added, products_last_modified, products_date_available, products_weight, products_status, products_tax_class_id, manufacturers_id, products_ordered) values ('1128', '2147483647', '', '2010.jpg', '3.9900', '2008-06-26 11:26:53', NULL, NULL, '0.00', '1', '4', '0', '0');
insert into products (products_id, products_quantity, products_model, products_image, products_price, products_date_added, products_last_modified, products_date_available, products_weight, products_status, products_tax_class_id, manufacturers_id, products_ordered) values ('1129', '2147483611', '', '2111.jpg', '2.9900', '2008-06-26 11:32:08', NULL, NULL, '0.00', '1', '4', '0', '36');
insert into products (products_id, products_quantity, products_model, products_image, products_price, products_date_added, products_last_modified, products_date_available, products_weight, products_status, products_tax_class_id, manufacturers_id, products_ordered) values ('1130', '2147483611', '', '2113.jpg', '1.9900', '2008-06-28 05:13:21', NULL, NULL, '0.00', '1', '4', '0', '36');
insert into products (products_id, products_quantity, products_model, products_image, products_price, products_date_added, products_last_modified, products_date_available, products_weight, products_status, products_tax_class_id, manufacturers_id, products_ordered) values ('1131', '2147483647', '', '2114.jpg', '1.9900', '2008-06-28 05:16:56', NULL, NULL, '0.00', '1', '4', '0', '0');
insert into products (products_id, products_quantity, products_model, products_image, products_price, products_date_added, products_last_modified, products_date_available, products_weight, products_status, products_tax_class_id, manufacturers_id, products_ordered) values ('1132', '2147483647', '', '2115.jpg', '1.9900', '2008-06-28 05:22:15', NULL, NULL, '0.00', '1', '4', '0', '0');
insert into products (products_id, products_quantity, products_model, products_image, products_price, products_date_added, products_last_modified, products_date_available, products_weight, products_status, products_tax_class_id, manufacturers_id, products_ordered) values ('1133', '2147483635', '', '2116.jpg', '1.9900', '2008-06-28 05:28:35', NULL, NULL, '0.00', '1', '4', '0', '12');
insert into products (products_id, products_quantity, products_model, products_image, products_price, products_date_added, products_last_modified, products_date_available, products_weight, products_status, products_tax_class_id, manufacturers_id, products_ordered) values ('1134', '2147483647', '', '2118.jpg', '1.9900', '2008-06-28 05:36:35', '2008-06-28 05:37:25', NULL, '0.00', '1', '4', '0', '0');
insert into products (products_id, products_quantity, products_model, products_image, products_price, products_date_added, products_last_modified, products_date_available, products_weight, products_status, products_tax_class_id, manufacturers_id, products_ordered) values ('1135', '2147483647', '', '2119.jpg', '1.9900', '2008-06-28 05:41:57', NULL, NULL, '0.00', '1', '4', '0', '0');
insert into products (products_id, products_quantity, products_model, products_image, products_price, products_date_added, products_last_modified, products_date_available, products_weight, products_status, products_tax_class_id, manufacturers_id, products_ordered) values ('1136', '2147483635', '', '2120.jpg', '1.9900', '2008-06-28 05:53:24', NULL, NULL, '0.00', '1', '4', '0', '12');
insert into products (products_id, products_quantity, products_model, products_image, products_price, products_date_added, products_last_modified, products_date_available, products_weight, products_status, products_tax_class_id, manufacturers_id, products_ordered) values ('1137', '2147483647', '', '2121.jpg', '1.9900', '2008-06-28 06:09:52', NULL, NULL, '0.00', '1', '4', '0', '0');
insert into products (products_id, products_quantity, products_model, products_image, products_price, products_date_added, products_last_modified, products_date_available, products_weight, products_status, products_tax_class_id, manufacturers_id, products_ordered) values ('1138', '2147483647', '', '2122.jpg', '1.9900', '2008-06-28 06:14:39', NULL, NULL, '0.00', '1', '4', '0', '0');
insert into products (products_id, products_quantity, products_model, products_image, products_price, products_date_added, products_last_modified, products_date_available, products_weight, products_status, products_tax_class_id, manufacturers_id, products_ordered) values ('1139', '2147483635', '', '2123.jpg', '1.9900', '2008-06-28 06:21:06', NULL, NULL, '0.00', '1', '4', '0', '12');
insert into products (products_id, products_quantity, products_model, products_image, products_price, products_date_added, products_last_modified, products_date_available, products_weight, products_status, products_tax_class_id, manufacturers_id, products_ordered) values ('1140', '2147483623', '', '2124.jpg', '1.9900', '2008-06-28 06:29:41', NULL, NULL, '0.00', '1', '4', '0', '24');
insert into products (products_id, products_quantity, products_model, products_image, products_price, products_date_added, products_last_modified, products_date_available, products_weight, products_status, products_tax_class_id, manufacturers_id, products_ordered) values ('1141', '2147483647', '', '2125.jpg', '1.9900', '2008-06-28 06:34:40', NULL, NULL, '0.00', '1', '4', '0', '0');
insert into products (products_id, products_quantity, products_model, products_image, products_price, products_date_added, products_last_modified, products_date_available, products_weight, products_status, products_tax_class_id, manufacturers_id, products_ordered) values ('1089', '2147483647', '', '0087.jpg', '3.9900', '2008-06-25 08:32:51', NULL, NULL, '0.00', '1', '4', '0', '0');
insert into products (products_id, products_quantity, products_model, products_image, products_price, products_date_added, products_last_modified, products_date_available, products_weight, products_status, products_tax_class_id, manufacturers_id, products_ordered) values ('1034', '2147483647', '', '0002.jpg', '9.9000', '2008-06-23 14:29:40', '2008-06-23 14:34:02', NULL, '0.00', '1', '4', '0', '0');
insert into products (products_id, products_quantity, products_model, products_image, products_price, products_date_added, products_last_modified, products_date_available, products_weight, products_status, products_tax_class_id, manufacturers_id, products_ordered) values ('1038', '2147483641', '', '0010.jpg', '3.9500', '2008-06-24 04:18:29', '2008-06-24 04:43:48', NULL, '0.00', '1', '4', '0', '6');
insert into products (products_id, products_quantity, products_model, products_image, products_price, products_date_added, products_last_modified, products_date_available, products_weight, products_status, products_tax_class_id, manufacturers_id, products_ordered) values ('1039', '2147483641', '', '0011.jpg', '9.9000', '2008-06-24 04:23:20', NULL, NULL, '0.00', '1', '4', '0', '6');
insert into products (products_id, products_quantity, products_model, products_image, products_price, products_date_added, products_last_modified, products_date_available, products_weight, products_status, products_tax_class_id, manufacturers_id, products_ordered) values ('1040', '2147483647', '', '0012.jpg', '9.9900', '2008-06-24 04:30:51', NULL, NULL, '0.00', '1', '4', '0', '0');
insert into products (products_id, products_quantity, products_model, products_image, products_price, products_date_added, products_last_modified, products_date_available, products_weight, products_status, products_tax_class_id, manufacturers_id, products_ordered) values ('1041', '2147483647', '', '0013.jpg', '5.9500', '2008-06-24 04:35:33', NULL, NULL, '0.00', '1', '4', '0', '0');
insert into products (products_id, products_quantity, products_model, products_image, products_price, products_date_added, products_last_modified, products_date_available, products_weight, products_status, products_tax_class_id, manufacturers_id, products_ordered) values ('1042', '2147483647', '', '0014.jpg', '5.9900', '2008-06-24 04:39:42', NULL, NULL, '0.00', '1', '4', '0', '0');
insert into products (products_id, products_quantity, products_model, products_image, products_price, products_date_added, products_last_modified, products_date_available, products_weight, products_status, products_tax_class_id, manufacturers_id, products_ordered) values ('1043', '2147483641', '', '0016.jpg', '3.9500', '2008-06-24 04:46:02', NULL, NULL, '0.00', '1', '4', '0', '6');
insert into products (products_id, products_quantity, products_model, products_image, products_price, products_date_added, products_last_modified, products_date_available, products_weight, products_status, products_tax_class_id, manufacturers_id, products_ordered) values ('1044', '2147483647', '', '0017.jpg', '14.9500', '2008-06-24 04:50:03', NULL, NULL, '0.00', '1', '4', '0', '0');
insert into products (products_id, products_quantity, products_model, products_image, products_price, products_date_added, products_last_modified, products_date_available, products_weight, products_status, products_tax_class_id, manufacturers_id, products_ordered) values ('1045', '2147483647', '', '0018.jpg', '5.9500', '2008-06-24 04:54:35', NULL, NULL, '0.00', '1', '4', '0', '0');
insert into products (products_id, products_quantity, products_model, products_image, products_price, products_date_added, products_last_modified, products_date_available, products_weight, products_status, products_tax_class_id, manufacturers_id, products_ordered) values ('1046', '2147483647', '', '0019.jpg', '0.9900', '2008-06-24 05:00:49', NULL, NULL, '0.00', '1', '4', '0', '0');
insert into products (products_id, products_quantity, products_model, products_image, products_price, products_date_added, products_last_modified, products_date_available, products_weight, products_status, products_tax_class_id, manufacturers_id, products_ordered) values ('1047', '2147483635', '', '0020.jpg', '0.9900', '2008-06-24 05:04:39', NULL, NULL, '0.00', '1', '4', '0', '12');
insert into products (products_id, products_quantity, products_model, products_image, products_price, products_date_added, products_last_modified, products_date_available, products_weight, products_status, products_tax_class_id, manufacturers_id, products_ordered) values ('1048', '2147483647', '', '0022.jpg', '1.9900', '2008-06-24 05:08:57', NULL, NULL, '0.00', '1', '4', '0', '0');
insert into products (products_id, products_quantity, products_model, products_image, products_price, products_date_added, products_last_modified, products_date_available, products_weight, products_status, products_tax_class_id, manufacturers_id, products_ordered) values ('1049', '2147483629', '', '0023.jpg', '2.9900', '2008-06-24 05:13:01', NULL, NULL, '0.00', '1', '4', '0', '18');
insert into products (products_id, products_quantity, products_model, products_image, products_price, products_date_added, products_last_modified, products_date_available, products_weight, products_status, products_tax_class_id, manufacturers_id, products_ordered) values ('1050', '2147483647', '', '0025.jpg', '1.9900', '2008-06-24 05:18:05', NULL, NULL, '0.00', '1', '4', '0', '0');
insert into products (products_id, products_quantity, products_model, products_image, products_price, products_date_added, products_last_modified, products_date_available, products_weight, products_status, products_tax_class_id, manufacturers_id, products_ordered) values ('1051', '2147483647', '', '0026.jpg', '1.9900', '2008-06-24 05:22:15', NULL, NULL, '0.00', '1', '4', '0', '0');
insert into products (products_id, products_quantity, products_model, products_image, products_price, products_date_added, products_last_modified, products_date_available, products_weight, products_status, products_tax_class_id, manufacturers_id, products_ordered) values ('1052', '2147483647', '', '0027.jpg', '2.9900', '2008-06-24 05:28:57', NULL, NULL, '0.00', '1', '4', '0', '0');
insert into products (products_id, products_quantity, products_model, products_image, products_price, products_date_added, products_last_modified, products_date_available, products_weight, products_status, products_tax_class_id, manufacturers_id, products_ordered) values ('1053', '2147483647', '', '0028.jpg', '1.9900', '2008-06-24 05:34:16', NULL, NULL, '0.00', '1', '4', '0', '0');
insert into products (products_id, products_quantity, products_model, products_image, products_price, products_date_added, products_last_modified, products_date_available, products_weight, products_status, products_tax_class_id, manufacturers_id, products_ordered) values ('1054', '2147483647', '', '0029.jpg', '1.9900', '2008-06-24 05:39:56', NULL, NULL, '0.00', '1', '4', '0', '0');
insert into products (products_id, products_quantity, products_model, products_image, products_price, products_date_added, products_last_modified, products_date_available, products_weight, products_status, products_tax_class_id, manufacturers_id, products_ordered) values ('1055', '2147483647', '', '0030.jpg', '1.9900', '2008-06-24 05:48:20', NULL, NULL, '0.00', '1', '4', '0', '0');
insert into products (products_id, products_quantity, products_model, products_image, products_price, products_date_added, products_last_modified, products_date_available, products_weight, products_status, products_tax_class_id, manufacturers_id, products_ordered) values ('1056', '2147483635', '', '0034.jpg', '1.9900', '2008-06-24 05:55:17', '2008-06-24 05:57:13', NULL, '0.00', '1', '4', '0', '12');
insert into products (products_id, products_quantity, products_model, products_image, products_price, products_date_added, products_last_modified, products_date_available, products_weight, products_status, products_tax_class_id, manufacturers_id, products_ordered) values ('1057', '2147483647', '', '0035.jpg', '3.9900', '2008-06-24 06:02:09', NULL, NULL, '0.00', '1', '4', '0', '0');
insert into products (products_id, products_quantity, products_model, products_image, products_price, products_date_added, products_last_modified, products_date_available, products_weight, products_status, products_tax_class_id, manufacturers_id, products_ordered) values ('1058', '2147483647', '', '0036.jpg', '7.9900', '2008-06-24 06:08:04', NULL, NULL, '0.00', '1', '4', '0', '0');
insert into products (products_id, products_quantity, products_model, products_image, products_price, products_date_added, products_last_modified, products_date_available, products_weight, products_status, products_tax_class_id, manufacturers_id, products_ordered) values ('1059', '2147483647', '', '0037.jpg', '5.9900', '2008-06-24 06:13:12', '2008-06-24 06:13:50', NULL, '0.00', '1', '4', '0', '0');
insert into products (products_id, products_quantity, products_model, products_image, products_price, products_date_added, products_last_modified, products_date_available, products_weight, products_status, products_tax_class_id, manufacturers_id, products_ordered) values ('1060', '2147483647', '', '0038.jpg', '2.9900', '2008-06-24 06:17:38', NULL, NULL, '0.00', '1', '4', '0', '0');
insert into products (products_id, products_quantity, products_model, products_image, products_price, products_date_added, products_last_modified, products_date_available, products_weight, products_status, products_tax_class_id, manufacturers_id, products_ordered) values ('1061', '2147483647', '', '0039.jpg', '5.9900', '2008-06-24 06:23:30', NULL, NULL, '0.00', '1', '4', '0', '0');
insert into products (products_id, products_quantity, products_model, products_image, products_price, products_date_added, products_last_modified, products_date_available, products_weight, products_status, products_tax_class_id, manufacturers_id, products_ordered) values ('1062', '2147483647', '', '00402189.jpg', '8.9500', '2008-06-24 06:29:10', '2008-06-29 10:36:51', NULL, '0.00', '1', '4', '0', '0');
insert into products (products_id, products_quantity, products_model, products_image, products_price, products_date_added, products_last_modified, products_date_available, products_weight, products_status, products_tax_class_id, manufacturers_id, products_ordered) values ('1063', '2147483647', '', '0041.jpg', '12.9500', '2008-06-24 06:34:46', '2008-06-24 14:37:49', NULL, '0.00', '0', '4', '0', '0');
insert into products (products_id, products_quantity, products_model, products_image, products_price, products_date_added, products_last_modified, products_date_available, products_weight, products_status, products_tax_class_id, manufacturers_id, products_ordered) values ('1064', '2147483647', '', '0042.jpg', '5.9500', '2008-06-24 06:39:18', NULL, NULL, '0.00', '1', '4', '0', '0');
insert into products (products_id, products_quantity, products_model, products_image, products_price, products_date_added, products_last_modified, products_date_available, products_weight, products_status, products_tax_class_id, manufacturers_id, products_ordered) values ('1065', '2147483647', '', '0043.jpg', '5.9500', '2008-06-24 06:43:49', NULL, NULL, '0.00', '1', '4', '0', '0');
insert into products (products_id, products_quantity, products_model, products_image, products_price, products_date_added, products_last_modified, products_date_available, products_weight, products_status, products_tax_class_id, manufacturers_id, products_ordered) values ('1066', '2147483647', '', '0044.jpg', '5.9500', '2008-06-24 06:49:31', NULL, NULL, '0.00', '1', '4', '0', '0');
insert into products (products_id, products_quantity, products_model, products_image, products_price, products_date_added, products_last_modified, products_date_available, products_weight, products_status, products_tax_class_id, manufacturers_id, products_ordered) values ('1067', '2147483647', '', '0040.jpg', '19.9500', '2008-06-24 14:30:43', NULL, NULL, '0.00', '1', '4', '0', '0');
insert into products (products_id, products_quantity, products_model, products_image, products_price, products_date_added, products_last_modified, products_date_available, products_weight, products_status, products_tax_class_id, manufacturers_id, products_ordered) values ('1068', '2147483647', '', '0041.jpg', '12.9500', '2008-06-24 14:35:18', NULL, NULL, '0.00', '1', '4', '0', '0');
insert into products (products_id, products_quantity, products_model, products_image, products_price, products_date_added, products_last_modified, products_date_available, products_weight, products_status, products_tax_class_id, manufacturers_id, products_ordered) values ('1069', '2147483647', '', '0062.jpg', '19.5000', '2008-06-24 14:42:22', NULL, NULL, '0.00', '1', '4', '0', '0');
insert into products (products_id, products_quantity, products_model, products_image, products_price, products_date_added, products_last_modified, products_date_available, products_weight, products_status, products_tax_class_id, manufacturers_id, products_ordered) values ('1070', '2147483647', '', '0063.jpg', '9.5000', '2008-06-24 14:46:47', NULL, NULL, '0.00', '1', '4', '0', '0');
insert into products (products_id, products_quantity, products_model, products_image, products_price, products_date_added, products_last_modified, products_date_available, products_weight, products_status, products_tax_class_id, manufacturers_id, products_ordered) values ('1071', '2147483647', '', '0064.jpg', '19.5000', '2008-06-24 14:51:43', NULL, NULL, '0.00', '1', '4', '0', '0');
insert into products (products_id, products_quantity, products_model, products_image, products_price, products_date_added, products_last_modified, products_date_available, products_weight, products_status, products_tax_class_id, manufacturers_id, products_ordered) values ('1072', '2147483641', '', '0065.jpg', '9.9500', '2008-06-24 14:55:56', NULL, NULL, '0.00', '1', '4', '0', '6');
insert into products (products_id, products_quantity, products_model, products_image, products_price, products_date_added, products_last_modified, products_date_available, products_weight, products_status, products_tax_class_id, manufacturers_id, products_ordered) values ('1073', '2147483641', '', '0066.jpg', '11.2000', '2008-06-24 15:00:07', NULL, NULL, '0.00', '1', '4', '0', '6');
insert into products (products_id, products_quantity, products_model, products_image, products_price, products_date_added, products_last_modified, products_date_available, products_weight, products_status, products_tax_class_id, manufacturers_id, products_ordered) values ('1074', '2147483647', '', '0068.jpg', '7.9800', '2008-06-24 16:26:34', NULL, NULL, '0.00', '1', '4', '0', '0');
insert into products (products_id, products_quantity, products_model, products_image, products_price, products_date_added, products_last_modified, products_date_available, products_weight, products_status, products_tax_class_id, manufacturers_id, products_ordered) values ('1075', '2147483645', '', '0071.jpg', '9.9900', '2008-06-24 16:45:38', NULL, NULL, '0.00', '1', '4', '0', '2');
insert into products (products_id, products_quantity, products_model, products_image, products_price, products_date_added, products_last_modified, products_date_available, products_weight, products_status, products_tax_class_id, manufacturers_id, products_ordered) values ('1076', '2147483647', '', '0073.jpg', '2.9900', '2008-06-24 16:51:41', NULL, NULL, '0.00', '1', '4', '0', '0');
insert into products (products_id, products_quantity, products_model, products_image, products_price, products_date_added, products_last_modified, products_date_available, products_weight, products_status, products_tax_class_id, manufacturers_id, products_ordered) values ('1077', '2147483647', '', '0074.jpg', '4.9900', '2008-06-24 16:56:56', NULL, NULL, '0.00', '1', '4', '0', '0');
insert into products (products_id, products_quantity, products_model, products_image, products_price, products_date_added, products_last_modified, products_date_available, products_weight, products_status, products_tax_class_id, manufacturers_id, products_ordered) values ('1078', '2147483647', '', '0075.jpg', '6.9900', '2008-06-24 17:02:36', '2008-07-14 06:22:02', NULL, '0.00', '1', '4', '0', '0');
insert into products (products_id, products_quantity, products_model, products_image, products_price, products_date_added, products_last_modified, products_date_available, products_weight, products_status, products_tax_class_id, manufacturers_id, products_ordered) values ('1079', '2147483647', '', '0076.jpg', '9.9500', '2008-06-24 17:08:36', NULL, NULL, '0.00', '1', '4', '0', '0');
insert into products (products_id, products_quantity, products_model, products_image, products_price, products_date_added, products_last_modified, products_date_available, products_weight, products_status, products_tax_class_id, manufacturers_id, products_ordered) values ('1080', '2147483647', '', '0077.jpg', '5.9900', '2008-06-25 02:26:11', '2008-06-25 11:34:23', NULL, '0.00', '1', '4', '0', '0');
insert into products (products_id, products_quantity, products_model, products_image, products_price, products_date_added, products_last_modified, products_date_available, products_weight, products_status, products_tax_class_id, manufacturers_id, products_ordered) values ('1081', '2147483647', '', '0078.jpg', '5.9900', '2008-06-25 02:30:22', '2008-06-25 02:35:07', NULL, '0.00', '1', '4', '0', '0');
insert into products (products_id, products_quantity, products_model, products_image, products_price, products_date_added, products_last_modified, products_date_available, products_weight, products_status, products_tax_class_id, manufacturers_id, products_ordered) values ('1082', '2147483647', '', '0079.jpg', '5.9900', '2008-06-25 02:34:46', '2008-06-25 11:33:05', NULL, '0.00', '1', '4', '0', '0');
insert into products (products_id, products_quantity, products_model, products_image, products_price, products_date_added, products_last_modified, products_date_available, products_weight, products_status, products_tax_class_id, manufacturers_id, products_ordered) values ('1083', '2147483647', '', '0081.jpg', '5.9900', '2008-06-25 02:45:07', '2008-06-25 02:46:54', NULL, '0.00', '1', '4', '0', '0');
insert into products (products_id, products_quantity, products_model, products_image, products_price, products_date_added, products_last_modified, products_date_available, products_weight, products_status, products_tax_class_id, manufacturers_id, products_ordered) values ('1084', '2147483647', '', '0082.jpg', '1.9900', '2008-06-25 02:49:25', NULL, NULL, '0.00', '1', '4', '0', '0');
insert into products (products_id, products_quantity, products_model, products_image, products_price, products_date_added, products_last_modified, products_date_available, products_weight, products_status, products_tax_class_id, manufacturers_id, products_ordered) values ('1085', '2147483647', '', '0083.jpg', '5.9900', '2008-06-25 02:53:43', '2008-06-25 11:33:22', NULL, '0.00', '1', '4', '0', '0');
insert into products (products_id, products_quantity, products_model, products_image, products_price, products_date_added, products_last_modified, products_date_available, products_weight, products_status, products_tax_class_id, manufacturers_id, products_ordered) values ('1086', '2147483647', '', '0084.jpg', '4.6000', '2008-06-25 08:06:19', '2008-06-25 11:34:38', NULL, '0.00', '1', '4', '0', '0');
insert into products (products_id, products_quantity, products_model, products_image, products_price, products_date_added, products_last_modified, products_date_available, products_weight, products_status, products_tax_class_id, manufacturers_id, products_ordered) values ('1087', '222222222', '', '0085.jpg', '4.6000', '2008-06-25 08:23:48', NULL, NULL, '0.00', '1', '4', '0', '0');
insert into products (products_id, products_quantity, products_model, products_image, products_price, products_date_added, products_last_modified, products_date_available, products_weight, products_status, products_tax_class_id, manufacturers_id, products_ordered) values ('1088', '2147483647', '', '0086.jpg', '3.9900', '2008-06-25 08:28:46', NULL, NULL, '0.00', '1', '4', '0', '0');
drop table if exists products_attributes;
create table products_attributes (
  products_attributes_id int(11) not null auto_increment,
  products_id int(11) default '0' not null ,
  options_id int(11) default '0' not null ,
  options_values_id int(11) default '0' not null ,
  options_values_price decimal(15,4) default '0.0000' not null ,
  price_prefix char(1) not null ,
  PRIMARY KEY (products_attributes_id),
  KEY products_id (products_id, options_id)
);

insert into products_attributes (products_attributes_id, products_id, options_id, options_values_id, options_values_price, price_prefix) values ('3027', '1215', '6', '40', '0.0000', '+');
insert into products_attributes (products_attributes_id, products_id, options_id, options_values_id, options_values_price, price_prefix) values ('3028', '1215', '6', '41', '0.0000', '+');
insert into products_attributes (products_attributes_id, products_id, options_id, options_values_id, options_values_price, price_prefix) values ('3029', '1215', '6', '42', '0.0000', '+');
insert into products_attributes (products_attributes_id, products_id, options_id, options_values_id, options_values_price, price_prefix) values ('3034', '1216', '4', '46', '0.0000', '+');
insert into products_attributes (products_attributes_id, products_id, options_id, options_values_id, options_values_price, price_prefix) values ('2974', '1210', '6', '42', '0.0000', '+');
insert into products_attributes (products_attributes_id, products_id, options_id, options_values_id, options_values_price, price_prefix) values ('3022', '1215', '3', '1', '1.5000', '+');
insert into products_attributes (products_attributes_id, products_id, options_id, options_values_id, options_values_price, price_prefix) values ('2975', '1210', '6', '43', '0.0000', '+');
insert into products_attributes (products_attributes_id, products_id, options_id, options_values_id, options_values_price, price_prefix) values ('2976', '1210', '6', '83', '0.0000', '+');
insert into products_attributes (products_attributes_id, products_id, options_id, options_values_id, options_values_price, price_prefix) values ('3021', '1215', '2', '2', '0.0000', '+');
insert into products_attributes (products_attributes_id, products_id, options_id, options_values_id, options_values_price, price_prefix) values ('3020', '1215', '1', '1', '2.5000', '+');
insert into products_attributes (products_attributes_id, products_id, options_id, options_values_id, options_values_price, price_prefix) values ('3023', '1215', '4', '15', '0.0000', '+');
insert into products_attributes (products_attributes_id, products_id, options_id, options_values_id, options_values_price, price_prefix) values ('3024', '1215', '4', '44', '0.0000', '+');
insert into products_attributes (products_attributes_id, products_id, options_id, options_values_id, options_values_price, price_prefix) values ('2977', '1211', '1', '1', '2.5000', '+');
insert into products_attributes (products_attributes_id, products_id, options_id, options_values_id, options_values_price, price_prefix) values ('2978', '1211', '2', '2', '0.0000', '+');
insert into products_attributes (products_attributes_id, products_id, options_id, options_values_id, options_values_price, price_prefix) values ('3025', '1215', '6', '43', '0.0000', '+');
insert into products_attributes (products_attributes_id, products_id, options_id, options_values_id, options_values_price, price_prefix) values ('2979', '1211', '3', '1', '1.5000', '+');
insert into products_attributes (products_attributes_id, products_id, options_id, options_values_id, options_values_price, price_prefix) values ('2967', '1210', '4', '13', '0.0000', '+');
insert into products_attributes (products_attributes_id, products_id, options_id, options_values_id, options_values_price, price_prefix) values ('3030', '1215', '6', '83', '0.0000', '+');
insert into products_attributes (products_attributes_id, products_id, options_id, options_values_id, options_values_price, price_prefix) values ('2965', '1210', '4', '4', '0.0000', '+');
insert into products_attributes (products_attributes_id, products_id, options_id, options_values_id, options_values_price, price_prefix) values ('2966', '1210', '4', '7', '0.0000', '+');
insert into products_attributes (products_attributes_id, products_id, options_id, options_values_id, options_values_price, price_prefix) values ('3031', '1216', '1', '1', '2.5000', '+');
insert into products_attributes (products_attributes_id, products_id, options_id, options_values_id, options_values_price, price_prefix) values ('2968', '1210', '4', '5', '0.0000', '+');
insert into products_attributes (products_attributes_id, products_id, options_id, options_values_id, options_values_price, price_prefix) values ('2969', '1210', '4', '44', '0.0000', '+');
insert into products_attributes (products_attributes_id, products_id, options_id, options_values_id, options_values_price, price_prefix) values ('3026', '1215', '6', '39', '0.0000', '+');
insert into products_attributes (products_attributes_id, products_id, options_id, options_values_id, options_values_price, price_prefix) values ('2970', '1210', '4', '20', '0.0000', '+');
insert into products_attributes (products_attributes_id, products_id, options_id, options_values_id, options_values_price, price_prefix) values ('2971', '1210', '6', '39', '0.0000', '+');
insert into products_attributes (products_attributes_id, products_id, options_id, options_values_id, options_values_price, price_prefix) values ('2972', '1210', '6', '40', '0.0000', '+');
insert into products_attributes (products_attributes_id, products_id, options_id, options_values_id, options_values_price, price_prefix) values ('2973', '1210', '6', '41', '0.0000', '+');
insert into products_attributes (products_attributes_id, products_id, options_id, options_values_id, options_values_price, price_prefix) values ('3032', '1216', '2', '2', '0.0000', '+');
insert into products_attributes (products_attributes_id, products_id, options_id, options_values_id, options_values_price, price_prefix) values ('3033', '1216', '3', '1', '1.5000', '+');
insert into products_attributes (products_attributes_id, products_id, options_id, options_values_id, options_values_price, price_prefix) values ('2964', '1210', '3', '1', '1.5000', '+');
insert into products_attributes (products_attributes_id, products_id, options_id, options_values_id, options_values_price, price_prefix) values ('2810', '1198', '4', '6', '0.0000', '+');
insert into products_attributes (products_attributes_id, products_id, options_id, options_values_id, options_values_price, price_prefix) values ('2811', '1199', '1', '1', '2.5000', '+');
insert into products_attributes (products_attributes_id, products_id, options_id, options_values_id, options_values_price, price_prefix) values ('2812', '1199', '2', '2', '0.0000', '+');
insert into products_attributes (products_attributes_id, products_id, options_id, options_values_id, options_values_price, price_prefix) values ('2961', '1209', '6', '83', '0.0000', '+');
insert into products_attributes (products_attributes_id, products_id, options_id, options_values_id, options_values_price, price_prefix) values ('2962', '1210', '1', '1', '2.5000', '+');
insert into products_attributes (products_attributes_id, products_id, options_id, options_values_id, options_values_price, price_prefix) values ('2963', '1210', '2', '2', '0.0000', '+');
insert into products_attributes (products_attributes_id, products_id, options_id, options_values_id, options_values_price, price_prefix) values ('2957', '1209', '6', '40', '0.0000', '+');
insert into products_attributes (products_attributes_id, products_id, options_id, options_values_id, options_values_price, price_prefix) values ('2956', '1209', '6', '39', '0.0000', '+');
insert into products_attributes (products_attributes_id, products_id, options_id, options_values_id, options_values_price, price_prefix) values ('2955', '1209', '4', '15', '0.0000', '+');
insert into products_attributes (products_attributes_id, products_id, options_id, options_values_id, options_values_price, price_prefix) values ('2954', '1209', '4', '6', '0.0000', '+');
insert into products_attributes (products_attributes_id, products_id, options_id, options_values_id, options_values_price, price_prefix) values ('2953', '1209', '3', '1', '1.5000', '+');
insert into products_attributes (products_attributes_id, products_id, options_id, options_values_id, options_values_price, price_prefix) values ('2952', '1209', '2', '2', '0.0000', '+');
insert into products_attributes (products_attributes_id, products_id, options_id, options_values_id, options_values_price, price_prefix) values ('2951', '1209', '1', '1', '2.5000', '+');
insert into products_attributes (products_attributes_id, products_id, options_id, options_values_id, options_values_price, price_prefix) values ('2958', '1209', '6', '41', '0.0000', '+');
insert into products_attributes (products_attributes_id, products_id, options_id, options_values_id, options_values_price, price_prefix) values ('2959', '1209', '6', '42', '0.0000', '+');
insert into products_attributes (products_attributes_id, products_id, options_id, options_values_id, options_values_price, price_prefix) values ('2960', '1209', '6', '43', '0.0000', '+');
insert into products_attributes (products_attributes_id, products_id, options_id, options_values_id, options_values_price, price_prefix) values ('2940', '1208', '6', '39', '0.0000', '+');
insert into products_attributes (products_attributes_id, products_id, options_id, options_values_id, options_values_price, price_prefix) values ('2809', '1198', '4', '7', '0.0000', '+');
insert into products_attributes (products_attributes_id, products_id, options_id, options_values_id, options_values_price, price_prefix) values ('2808', '1198', '3', '1', '1.5000', '+');
insert into products_attributes (products_attributes_id, products_id, options_id, options_values_id, options_values_price, price_prefix) values ('2807', '1198', '2', '2', '0.0000', '+');
insert into products_attributes (products_attributes_id, products_id, options_id, options_values_id, options_values_price, price_prefix) values ('2939', '1208', '6', '40', '0.0000', '+');
insert into products_attributes (products_attributes_id, products_id, options_id, options_values_id, options_values_price, price_prefix) values ('2938', '1208', '6', '41', '0.0000', '+');
insert into products_attributes (products_attributes_id, products_id, options_id, options_values_id, options_values_price, price_prefix) values ('2937', '1208', '6', '42', '0.0000', '+');
insert into products_attributes (products_attributes_id, products_id, options_id, options_values_id, options_values_price, price_prefix) values ('2936', '1208', '6', '43', '0.0000', '+');
insert into products_attributes (products_attributes_id, products_id, options_id, options_values_id, options_values_price, price_prefix) values ('2935', '1208', '6', '83', '0.0000', '+');
insert into products_attributes (products_attributes_id, products_id, options_id, options_values_id, options_values_price, price_prefix) values ('2934', '1208', '4', '5', '0.0000', '+');
insert into products_attributes (products_attributes_id, products_id, options_id, options_values_id, options_values_price, price_prefix) values ('2933', '1208', '4', '4', '0.0000', '+');
insert into products_attributes (products_attributes_id, products_id, options_id, options_values_id, options_values_price, price_prefix) values ('2932', '1208', '3', '1', '1.5000', '+');
insert into products_attributes (products_attributes_id, products_id, options_id, options_values_id, options_values_price, price_prefix) values ('2931', '1208', '2', '2', '0.0000', '+');
insert into products_attributes (products_attributes_id, products_id, options_id, options_values_id, options_values_price, price_prefix) values ('2806', '1198', '1', '1', '2.5000', '+');
insert into products_attributes (products_attributes_id, products_id, options_id, options_values_id, options_values_price, price_prefix) values ('2805', '1197', '4', '4', '0.0000', '+');
insert into products_attributes (products_attributes_id, products_id, options_id, options_values_id, options_values_price, price_prefix) values ('2804', '1197', '4', '6', '0.0000', '+');
insert into products_attributes (products_attributes_id, products_id, options_id, options_values_id, options_values_price, price_prefix) values ('3019', '1214', '6', '83', '0.0000', '+');
insert into products_attributes (products_attributes_id, products_id, options_id, options_values_id, options_values_price, price_prefix) values ('3018', '1214', '6', '42', '0.0000', '+');
insert into products_attributes (products_attributes_id, products_id, options_id, options_values_id, options_values_price, price_prefix) values ('3017', '1214', '6', '41', '0.0000', '+');
insert into products_attributes (products_attributes_id, products_id, options_id, options_values_id, options_values_price, price_prefix) values ('3016', '1214', '6', '40', '0.0000', '+');
insert into products_attributes (products_attributes_id, products_id, options_id, options_values_id, options_values_price, price_prefix) values ('3015', '1214', '6', '39', '0.0000', '+');
insert into products_attributes (products_attributes_id, products_id, options_id, options_values_id, options_values_price, price_prefix) values ('3014', '1214', '6', '43', '0.0000', '+');
insert into products_attributes (products_attributes_id, products_id, options_id, options_values_id, options_values_price, price_prefix) values ('2929', '1207', '6', '43', '0.0000', '+');
insert into products_attributes (products_attributes_id, products_id, options_id, options_values_id, options_values_price, price_prefix) values ('2928', '1207', '6', '42', '0.0000', '+');
insert into products_attributes (products_attributes_id, products_id, options_id, options_values_id, options_values_price, price_prefix) values ('2927', '1207', '6', '41', '0.0000', '+');
insert into products_attributes (products_attributes_id, products_id, options_id, options_values_id, options_values_price, price_prefix) values ('2930', '1208', '1', '1', '2.5000', '+');
insert into products_attributes (products_attributes_id, products_id, options_id, options_values_id, options_values_price, price_prefix) values ('2925', '1207', '6', '40', '0.0000', '+');
insert into products_attributes (products_attributes_id, products_id, options_id, options_values_id, options_values_price, price_prefix) values ('2924', '1207', '6', '40', '0.0000', '+');
insert into products_attributes (products_attributes_id, products_id, options_id, options_values_id, options_values_price, price_prefix) values ('2923', '1207', '6', '39', '0.0000', '+');
insert into products_attributes (products_attributes_id, products_id, options_id, options_values_id, options_values_price, price_prefix) values ('2922', '1207', '6', '60', '0.0000', '+');
insert into products_attributes (products_attributes_id, products_id, options_id, options_values_id, options_values_price, price_prefix) values ('2921', '1207', '3', '1', '1.5000', '+');
insert into products_attributes (products_attributes_id, products_id, options_id, options_values_id, options_values_price, price_prefix) values ('2920', '1207', '2', '2', '0.0000', '+');
insert into products_attributes (products_attributes_id, products_id, options_id, options_values_id, options_values_price, price_prefix) values ('2919', '1207', '1', '1', '2.5000', '+');
insert into products_attributes (products_attributes_id, products_id, options_id, options_values_id, options_values_price, price_prefix) values ('2918', '1206', '6', '39', '0.0000', '+');
insert into products_attributes (products_attributes_id, products_id, options_id, options_values_id, options_values_price, price_prefix) values ('2915', '1206', '6', '42', '0.0000', '+');
insert into products_attributes (products_attributes_id, products_id, options_id, options_values_id, options_values_price, price_prefix) values ('2916', '1206', '6', '41', '0.0000', '+');
insert into products_attributes (products_attributes_id, products_id, options_id, options_values_id, options_values_price, price_prefix) values ('2917', '1206', '6', '40', '0.0000', '+');
insert into products_attributes (products_attributes_id, products_id, options_id, options_values_id, options_values_price, price_prefix) values ('2911', '1206', '4', '4', '0.0000', '+');
insert into products_attributes (products_attributes_id, products_id, options_id, options_values_id, options_values_price, price_prefix) values ('2910', '1206', '3', '1', '1.5000', '+');
insert into products_attributes (products_attributes_id, products_id, options_id, options_values_id, options_values_price, price_prefix) values ('2909', '1206', '2', '2', '0.0000', '+');
insert into products_attributes (products_attributes_id, products_id, options_id, options_values_id, options_values_price, price_prefix) values ('2914', '1206', '6', '43', '0.0000', '+');
insert into products_attributes (products_attributes_id, products_id, options_id, options_values_id, options_values_price, price_prefix) values ('2913', '1206', '6', '83', '0.0000', '+');
insert into products_attributes (products_attributes_id, products_id, options_id, options_values_id, options_values_price, price_prefix) values ('2912', '1206', '4', '6', '0.0000', '+');
insert into products_attributes (products_attributes_id, products_id, options_id, options_values_id, options_values_price, price_prefix) values ('2908', '1206', '1', '1', '2.5000', '+');
insert into products_attributes (products_attributes_id, products_id, options_id, options_values_id, options_values_price, price_prefix) values ('2907', '1205', '6', '39', '0.0000', '+');
insert into products_attributes (products_attributes_id, products_id, options_id, options_values_id, options_values_price, price_prefix) values ('2906', '1205', '6', '40', '0.0000', '+');
insert into products_attributes (products_attributes_id, products_id, options_id, options_values_id, options_values_price, price_prefix) values ('2821', '1200', '4', '7', '0.0000', '+');
insert into products_attributes (products_attributes_id, products_id, options_id, options_values_id, options_values_price, price_prefix) values ('2820', '1200', '4', '12', '0.0000', '+');
insert into products_attributes (products_attributes_id, products_id, options_id, options_values_id, options_values_price, price_prefix) values ('2819', '1200', '4', '4', '0.0000', '+');
insert into products_attributes (products_attributes_id, products_id, options_id, options_values_id, options_values_price, price_prefix) values ('2623', '1163', '2', '2', '0.0000', '+');
insert into products_attributes (products_attributes_id, products_id, options_id, options_values_id, options_values_price, price_prefix) values ('2622', '1163', '1', '1', '2.5000', '+');
insert into products_attributes (products_attributes_id, products_id, options_id, options_values_id, options_values_price, price_prefix) values ('2621', '1162', '3', '1', '1.5000', '+');
insert into products_attributes (products_attributes_id, products_id, options_id, options_values_id, options_values_price, price_prefix) values ('2620', '1162', '2', '2', '0.0000', '+');
insert into products_attributes (products_attributes_id, products_id, options_id, options_values_id, options_values_price, price_prefix) values ('2619', '1162', '1', '1', '2.5000', '+');
insert into products_attributes (products_attributes_id, products_id, options_id, options_values_id, options_values_price, price_prefix) values ('2618', '1161', '4', '4', '0.0000', '+');
insert into products_attributes (products_attributes_id, products_id, options_id, options_values_id, options_values_price, price_prefix) values ('2629', '1164', '3', '1', '1.5000', '+');
insert into products_attributes (products_attributes_id, products_id, options_id, options_values_id, options_values_price, price_prefix) values ('2628', '1164', '2', '2', '0.0000', '+');
insert into products_attributes (products_attributes_id, products_id, options_id, options_values_id, options_values_price, price_prefix) values ('2627', '1164', '1', '1', '2.5000', '+');
insert into products_attributes (products_attributes_id, products_id, options_id, options_values_id, options_values_price, price_prefix) values ('2609', '1159', '4', '44', '0.0000', '+');
insert into products_attributes (products_attributes_id, products_id, options_id, options_values_id, options_values_price, price_prefix) values ('2608', '1159', '4', '4', '0.0000', '+');
insert into products_attributes (products_attributes_id, products_id, options_id, options_values_id, options_values_price, price_prefix) values ('2607', '1159', '4', '13', '0.0000', '+');
insert into products_attributes (products_attributes_id, products_id, options_id, options_values_id, options_values_price, price_prefix) values ('3268', '1257', '3', '1', '1.5000', '+');
insert into products_attributes (products_attributes_id, products_id, options_id, options_values_id, options_values_price, price_prefix) values ('3267', '1257', '2', '2', '0.0000', '+');
insert into products_attributes (products_attributes_id, products_id, options_id, options_values_id, options_values_price, price_prefix) values ('3266', '1257', '1', '1', '2.5000', '+');
insert into products_attributes (products_attributes_id, products_id, options_id, options_values_id, options_values_price, price_prefix) values ('3265', '1256', '3', '1', '1.5000', '+');
insert into products_attributes (products_attributes_id, products_id, options_id, options_values_id, options_values_price, price_prefix) values ('3264', '1256', '2', '2', '0.0000', '+');
insert into products_attributes (products_attributes_id, products_id, options_id, options_values_id, options_values_price, price_prefix) values ('3263', '1256', '1', '1', '2.5000', '+');
insert into products_attributes (products_attributes_id, products_id, options_id, options_values_id, options_values_price, price_prefix) values ('3262', '1255', '3', '1', '1.5000', '+');
insert into products_attributes (products_attributes_id, products_id, options_id, options_values_id, options_values_price, price_prefix) values ('3261', '1255', '2', '2', '0.0000', '+');
insert into products_attributes (products_attributes_id, products_id, options_id, options_values_id, options_values_price, price_prefix) values ('3260', '1255', '1', '1', '2.5000', '+');
insert into products_attributes (products_attributes_id, products_id, options_id, options_values_id, options_values_price, price_prefix) values ('3259', '1254', '3', '1', '1.5000', '+');
insert into products_attributes (products_attributes_id, products_id, options_id, options_values_id, options_values_price, price_prefix) values ('3258', '1254', '2', '2', '0.0000', '+');
insert into products_attributes (products_attributes_id, products_id, options_id, options_values_id, options_values_price, price_prefix) values ('3257', '1254', '1', '1', '2.5000', '+');
insert into products_attributes (products_attributes_id, products_id, options_id, options_values_id, options_values_price, price_prefix) values ('3310', '1268', '3', '1', '1.5000', '+');
insert into products_attributes (products_attributes_id, products_id, options_id, options_values_id, options_values_price, price_prefix) values ('3309', '1268', '2', '2', '0.0000', '+');
insert into products_attributes (products_attributes_id, products_id, options_id, options_values_id, options_values_price, price_prefix) values ('3308', '1268', '1', '1', '2.5000', '+');
insert into products_attributes (products_attributes_id, products_id, options_id, options_values_id, options_values_price, price_prefix) values ('3307', '1267', '3', '1', '1.5000', '+');
insert into products_attributes (products_attributes_id, products_id, options_id, options_values_id, options_values_price, price_prefix) values ('3306', '1267', '2', '2', '0.0000', '+');
insert into products_attributes (products_attributes_id, products_id, options_id, options_values_id, options_values_price, price_prefix) values ('3305', '1267', '1', '1', '2.5000', '+');
insert into products_attributes (products_attributes_id, products_id, options_id, options_values_id, options_values_price, price_prefix) values ('3304', '1266', '3', '1', '1.5000', '+');
insert into products_attributes (products_attributes_id, products_id, options_id, options_values_id, options_values_price, price_prefix) values ('3303', '1266', '2', '2', '0.0000', '+');
insert into products_attributes (products_attributes_id, products_id, options_id, options_values_id, options_values_price, price_prefix) values ('3302', '1266', '1', '1', '2.5000', '+');
insert into products_attributes (products_attributes_id, products_id, options_id, options_values_id, options_values_price, price_prefix) values ('3301', '1265', '4', '16', '0.0000', '+');
insert into products_attributes (products_attributes_id, products_id, options_id, options_values_id, options_values_price, price_prefix) values ('3300', '1265', '4', '13', '0.0000', '+');
insert into products_attributes (products_attributes_id, products_id, options_id, options_values_id, options_values_price, price_prefix) values ('3299', '1265', '3', '1', '1.5000', '+');
insert into products_attributes (products_attributes_id, products_id, options_id, options_values_id, options_values_price, price_prefix) values ('2773', '1192', '5', '62', '0.0000', '+');
insert into products_attributes (products_attributes_id, products_id, options_id, options_values_id, options_values_price, price_prefix) values ('2772', '1192', '5', '69', '0.0000', '+');
insert into products_attributes (products_attributes_id, products_id, options_id, options_values_id, options_values_price, price_prefix) values ('2771', '1192', '3', '1', '1.5000', '+');
insert into products_attributes (products_attributes_id, products_id, options_id, options_values_id, options_values_price, price_prefix) values ('2770', '1192', '2', '2', '0.0000', '+');
insert into products_attributes (products_attributes_id, products_id, options_id, options_values_id, options_values_price, price_prefix) values ('2769', '1192', '1', '1', '2.5000', '+');
insert into products_attributes (products_attributes_id, products_id, options_id, options_values_id, options_values_price, price_prefix) values ('2768', '1191', '3', '1', '1.5000', '+');
insert into products_attributes (products_attributes_id, products_id, options_id, options_values_id, options_values_price, price_prefix) values ('2767', '1191', '2', '2', '0.0000', '+');
insert into products_attributes (products_attributes_id, products_id, options_id, options_values_id, options_values_price, price_prefix) values ('2766', '1191', '1', '1', '2.5000', '+');
insert into products_attributes (products_attributes_id, products_id, options_id, options_values_id, options_values_price, price_prefix) values ('2765', '1190', '3', '1', '1.5000', '+');
insert into products_attributes (products_attributes_id, products_id, options_id, options_values_id, options_values_price, price_prefix) values ('2764', '1190', '2', '2', '0.0000', '+');
insert into products_attributes (products_attributes_id, products_id, options_id, options_values_id, options_values_price, price_prefix) values ('2763', '1190', '1', '1', '2.5000', '+');
insert into products_attributes (products_attributes_id, products_id, options_id, options_values_id, options_values_price, price_prefix) values ('2762', '1189', '4', '13', '0.0000', '+');
insert into products_attributes (products_attributes_id, products_id, options_id, options_values_id, options_values_price, price_prefix) values ('2761', '1189', '4', '46', '0.0000', '+');
insert into products_attributes (products_attributes_id, products_id, options_id, options_values_id, options_values_price, price_prefix) values ('2760', '1189', '3', '1', '1.5000', '+');
insert into products_attributes (products_attributes_id, products_id, options_id, options_values_id, options_values_price, price_prefix) values ('2759', '1189', '2', '2', '0.0000', '+');
insert into products_attributes (products_attributes_id, products_id, options_id, options_values_id, options_values_price, price_prefix) values ('2626', '1163', '4', '67', '0.0000', '+');
insert into products_attributes (products_attributes_id, products_id, options_id, options_values_id, options_values_price, price_prefix) values ('2625', '1163', '4', '46', '0.0000', '+');
insert into products_attributes (products_attributes_id, products_id, options_id, options_values_id, options_values_price, price_prefix) values ('2624', '1163', '3', '1', '1.5000', '+');
insert into products_attributes (products_attributes_id, products_id, options_id, options_values_id, options_values_price, price_prefix) values ('3013', '1214', '4', '15', '0.0000', '+');
insert into products_attributes (products_attributes_id, products_id, options_id, options_values_id, options_values_price, price_prefix) values ('3012', '1214', '4', '13', '0.0000', '+');
insert into products_attributes (products_attributes_id, products_id, options_id, options_values_id, options_values_price, price_prefix) values ('3011', '1214', '3', '1', '1.5000', '+');
insert into products_attributes (products_attributes_id, products_id, options_id, options_values_id, options_values_price, price_prefix) values ('3010', '1214', '2', '2', '0.0000', '+');
insert into products_attributes (products_attributes_id, products_id, options_id, options_values_id, options_values_price, price_prefix) values ('3009', '1214', '1', '1', '2.5000', '+');
insert into products_attributes (products_attributes_id, products_id, options_id, options_values_id, options_values_price, price_prefix) values ('3008', '1213', '6', '83', '0.0000', '+');
insert into products_attributes (products_attributes_id, products_id, options_id, options_values_id, options_values_price, price_prefix) values ('2755', '1188', '4', '4', '0.0000', '+');
insert into products_attributes (products_attributes_id, products_id, options_id, options_values_id, options_values_price, price_prefix) values ('2754', '1188', '3', '1', '1.5000', '+');
insert into products_attributes (products_attributes_id, products_id, options_id, options_values_id, options_values_price, price_prefix) values ('2753', '1188', '2', '2', '0.0000', '+');
insert into products_attributes (products_attributes_id, products_id, options_id, options_values_id, options_values_price, price_prefix) values ('2600', '1158', '2', '2', '0.0000', '+');
insert into products_attributes (products_attributes_id, products_id, options_id, options_values_id, options_values_price, price_prefix) values ('2599', '1158', '1', '1', '2.5000', '+');
insert into products_attributes (products_attributes_id, products_id, options_id, options_values_id, options_values_price, price_prefix) values ('2598', '1157', '4', '6', '0.0000', '+');
insert into products_attributes (products_attributes_id, products_id, options_id, options_values_id, options_values_price, price_prefix) values ('3166', '1232', '4', '46', '0.0000', '+');
insert into products_attributes (products_attributes_id, products_id, options_id, options_values_id, options_values_price, price_prefix) values ('3165', '1232', '4', '4', '0.0000', '+');
insert into products_attributes (products_attributes_id, products_id, options_id, options_values_id, options_values_price, price_prefix) values ('3164', '1232', '3', '1', '1.5000', '+');
insert into products_attributes (products_attributes_id, products_id, options_id, options_values_id, options_values_price, price_prefix) values ('3061', '1218', '6', '83', '0.0000', '+');
insert into products_attributes (products_attributes_id, products_id, options_id, options_values_id, options_values_price, price_prefix) values ('3060', '1218', '6', '40', '0.0000', '+');
insert into products_attributes (products_attributes_id, products_id, options_id, options_values_id, options_values_price, price_prefix) values ('3059', '1218', '6', '41', '0.0000', '+');
insert into products_attributes (products_attributes_id, products_id, options_id, options_values_id, options_values_price, price_prefix) values ('2251', '1099', '2', '2', '0.0000', '+');
insert into products_attributes (products_attributes_id, products_id, options_id, options_values_id, options_values_price, price_prefix) values ('2250', '1099', '1', '1', '2.5000', '+');
insert into products_attributes (products_attributes_id, products_id, options_id, options_values_id, options_values_price, price_prefix) values ('2249', '1098', '3', '1', '1.5000', '+');
insert into products_attributes (products_attributes_id, products_id, options_id, options_values_id, options_values_price, price_prefix) values ('2370', '1113', '6', '41', '0.0000', '+');
insert into products_attributes (products_attributes_id, products_id, options_id, options_values_id, options_values_price, price_prefix) values ('2369', '1113', '6', '40', '0.0000', '+');
insert into products_attributes (products_attributes_id, products_id, options_id, options_values_id, options_values_price, price_prefix) values ('2368', '1113', '6', '39', '0.0000', '+');
insert into products_attributes (products_attributes_id, products_id, options_id, options_values_id, options_values_price, price_prefix) values ('3007', '1213', '6', '42', '0.0000', '+');
insert into products_attributes (products_attributes_id, products_id, options_id, options_values_id, options_values_price, price_prefix) values ('3006', '1213', '6', '41', '0.0000', '+');
insert into products_attributes (products_attributes_id, products_id, options_id, options_values_id, options_values_price, price_prefix) values ('3005', '1213', '6', '40', '0.0000', '+');
insert into products_attributes (products_attributes_id, products_id, options_id, options_values_id, options_values_price, price_prefix) values ('3058', '1218', '6', '42', '0.0000', '+');
insert into products_attributes (products_attributes_id, products_id, options_id, options_values_id, options_values_price, price_prefix) values ('3057', '1218', '4', '4', '0.0000', '+');
insert into products_attributes (products_attributes_id, products_id, options_id, options_values_id, options_values_price, price_prefix) values ('3056', '1218', '4', '46', '0.0000', '+');
insert into products_attributes (products_attributes_id, products_id, options_id, options_values_id, options_values_price, price_prefix) values ('3163', '1232', '2', '2', '0.0000', '+');
insert into products_attributes (products_attributes_id, products_id, options_id, options_values_id, options_values_price, price_prefix) values ('3162', '1232', '1', '1', '2.5000', '+');
insert into products_attributes (products_attributes_id, products_id, options_id, options_values_id, options_values_price, price_prefix) values ('3157', '1231', '3', '1', '1.5000', '+');
insert into products_attributes (products_attributes_id, products_id, options_id, options_values_id, options_values_price, price_prefix) values ('2513', '1143', '5', '76', '0.0000', '+');
insert into products_attributes (products_attributes_id, products_id, options_id, options_values_id, options_values_price, price_prefix) values ('2512', '1143', '5', '75', '0.0000', '+');
insert into products_attributes (products_attributes_id, products_id, options_id, options_values_id, options_values_price, price_prefix) values ('2511', '1143', '5', '74', '0.0000', '+');
insert into products_attributes (products_attributes_id, products_id, options_id, options_values_id, options_values_price, price_prefix) values ('2248', '1098', '2', '2', '0.0000', '+');
insert into products_attributes (products_attributes_id, products_id, options_id, options_values_id, options_values_price, price_prefix) values ('2247', '1098', '1', '1', '2.5000', '+');
insert into products_attributes (products_attributes_id, products_id, options_id, options_values_id, options_values_price, price_prefix) values ('2246', '1097', '4', '18', '0.0000', '+');
insert into products_attributes (products_attributes_id, products_id, options_id, options_values_id, options_values_price, price_prefix) values ('2779', '1193', '4', '18', '0.0000', '+');
insert into products_attributes (products_attributes_id, products_id, options_id, options_values_id, options_values_price, price_prefix) values ('2778', '1193', '4', '4', '0.0000', '+');
insert into products_attributes (products_attributes_id, products_id, options_id, options_values_id, options_values_price, price_prefix) values ('2777', '1193', '3', '1', '1.5000', '+');
insert into products_attributes (products_attributes_id, products_id, options_id, options_values_id, options_values_price, price_prefix) values ('2105', '1074', '4', '4', '0.0000', '+');
insert into products_attributes (products_attributes_id, products_id, options_id, options_values_id, options_values_price, price_prefix) values ('2104', '1074', '3', '1', '1.5000', '+');
insert into products_attributes (products_attributes_id, products_id, options_id, options_values_id, options_values_price, price_prefix) values ('2103', '1074', '2', '2', '0.0000', '+');
insert into products_attributes (products_attributes_id, products_id, options_id, options_values_id, options_values_price, price_prefix) values ('2102', '1074', '1', '1', '2.5000', '+');
insert into products_attributes (products_attributes_id, products_id, options_id, options_values_id, options_values_price, price_prefix) values ('2101', '1073', '4', '4', '0.0000', '+');
insert into products_attributes (products_attributes_id, products_id, options_id, options_values_id, options_values_price, price_prefix) values ('3156', '1231', '2', '2', '0.0000', '+');
insert into products_attributes (products_attributes_id, products_id, options_id, options_values_id, options_values_price, price_prefix) values ('3155', '1231', '1', '1', '2.5000', '+');
insert into products_attributes (products_attributes_id, products_id, options_id, options_values_id, options_values_price, price_prefix) values ('3154', '1230', '3', '1', '1.5000', '+');
insert into products_attributes (products_attributes_id, products_id, options_id, options_values_id, options_values_price, price_prefix) values ('3153', '1230', '2', '2', '0.0000', '+');
insert into products_attributes (products_attributes_id, products_id, options_id, options_values_id, options_values_price, price_prefix) values ('3152', '1230', '1', '1', '2.5000', '+');
insert into products_attributes (products_attributes_id, products_id, options_id, options_values_id, options_values_price, price_prefix) values ('3004', '1213', '6', '39', '0.0000', '+');
insert into products_attributes (products_attributes_id, products_id, options_id, options_values_id, options_values_price, price_prefix) values ('3003', '1213', '6', '43', '0.0000', '+');
insert into products_attributes (products_attributes_id, products_id, options_id, options_values_id, options_values_price, price_prefix) values ('3002', '1213', '4', '5', '0.0000', '+');
insert into products_attributes (products_attributes_id, products_id, options_id, options_values_id, options_values_price, price_prefix) values ('3001', '1213', '4', '45', '0.0000', '+');
insert into products_attributes (products_attributes_id, products_id, options_id, options_values_id, options_values_price, price_prefix) values ('3000', '1213', '3', '1', '1.5000', '+');
insert into products_attributes (products_attributes_id, products_id, options_id, options_values_id, options_values_price, price_prefix) values ('2166', '1084', '2', '2', '0.0000', '+');
insert into products_attributes (products_attributes_id, products_id, options_id, options_values_id, options_values_price, price_prefix) values ('2165', '1084', '1', '1', '2.5000', '+');
insert into products_attributes (products_attributes_id, products_id, options_id, options_values_id, options_values_price, price_prefix) values ('2164', '1083', '4', '44', '0.0000', '+');
insert into products_attributes (products_attributes_id, products_id, options_id, options_values_id, options_values_price, price_prefix) values ('2163', '1083', '4', '13', '0.0000', '+');
insert into products_attributes (products_attributes_id, products_id, options_id, options_values_id, options_values_price, price_prefix) values ('2162', '1083', '4', '18', '0.0000', '+');
insert into products_attributes (products_attributes_id, products_id, options_id, options_values_id, options_values_price, price_prefix) values ('2734', '1184', '5', '62', '0.0000', '+');
insert into products_attributes (products_attributes_id, products_id, options_id, options_values_id, options_values_price, price_prefix) values ('2733', '1184', '3', '1', '1.5000', '+');
insert into products_attributes (products_attributes_id, products_id, options_id, options_values_id, options_values_price, price_prefix) values ('2732', '1184', '2', '2', '0.0000', '+');
insert into products_attributes (products_attributes_id, products_id, options_id, options_values_id, options_values_price, price_prefix) values ('2731', '1184', '1', '1', '2.5000', '+');
insert into products_attributes (products_attributes_id, products_id, options_id, options_values_id, options_values_price, price_prefix) values ('2730', '1183', '5', '54', '0.0000', '+');
insert into products_attributes (products_attributes_id, products_id, options_id, options_values_id, options_values_price, price_prefix) values ('2100', '1073', '4', '6', '0.0000', '+');
insert into products_attributes (products_attributes_id, products_id, options_id, options_values_id, options_values_price, price_prefix) values ('2099', '1073', '3', '1', '1.5000', '+');
insert into products_attributes (products_attributes_id, products_id, options_id, options_values_id, options_values_price, price_prefix) values ('2098', '1073', '2', '2', '0.0000', '+');
insert into products_attributes (products_attributes_id, products_id, options_id, options_values_id, options_values_price, price_prefix) values ('2097', '1073', '1', '1', '2.5000', '+');
insert into products_attributes (products_attributes_id, products_id, options_id, options_values_id, options_values_price, price_prefix) values ('2096', '1072', '4', '6', '0.0000', '+');
insert into products_attributes (products_attributes_id, products_id, options_id, options_values_id, options_values_price, price_prefix) values ('2201', '1090', '4', '46', '0.0000', '+');
insert into products_attributes (products_attributes_id, products_id, options_id, options_values_id, options_values_price, price_prefix) values ('2200', '1090', '3', '1', '1.5000', '+');
insert into products_attributes (products_attributes_id, products_id, options_id, options_values_id, options_values_price, price_prefix) values ('2199', '1090', '2', '2', '0.0000', '+');
insert into products_attributes (products_attributes_id, products_id, options_id, options_values_id, options_values_price, price_prefix) values ('2198', '1090', '1', '1', '2.5000', '+');
insert into products_attributes (products_attributes_id, products_id, options_id, options_values_id, options_values_price, price_prefix) values ('2197', '1089', '4', '13', '0.0000', '+');
insert into products_attributes (products_attributes_id, products_id, options_id, options_values_id, options_values_price, price_prefix) values ('2044', '1063', '2', '2', '0.0000', '+');
insert into products_attributes (products_attributes_id, products_id, options_id, options_values_id, options_values_price, price_prefix) values ('2043', '1063', '1', '1', '2.5000', '+');
insert into products_attributes (products_attributes_id, products_id, options_id, options_values_id, options_values_price, price_prefix) values ('2042', '1062', '5', '54', '0.0000', '+');
insert into products_attributes (products_attributes_id, products_id, options_id, options_values_id, options_values_price, price_prefix) values ('2041', '1062', '5', '53', '0.0000', '+');
insert into products_attributes (products_attributes_id, products_id, options_id, options_values_id, options_values_price, price_prefix) values ('2040', '1062', '4', '44', '0.0000', '+');
insert into products_attributes (products_attributes_id, products_id, options_id, options_values_id, options_values_price, price_prefix) values ('2510', '1143', '5', '68', '0.0000', '+');
insert into products_attributes (products_attributes_id, products_id, options_id, options_values_id, options_values_price, price_prefix) values ('2509', '1143', '5', '62', '0.0000', '+');
insert into products_attributes (products_attributes_id, products_id, options_id, options_values_id, options_values_price, price_prefix) values ('2508', '1143', '3', '1', '1.5000', '+');
insert into products_attributes (products_attributes_id, products_id, options_id, options_values_id, options_values_price, price_prefix) values ('2507', '1143', '2', '2', '0.0000', '+');
insert into products_attributes (products_attributes_id, products_id, options_id, options_values_id, options_values_price, price_prefix) values ('2506', '1143', '1', '1', '2.5000', '+');
insert into products_attributes (products_attributes_id, products_id, options_id, options_values_id, options_values_price, price_prefix) values ('2999', '1213', '2', '2', '0.0000', '+');
insert into products_attributes (products_attributes_id, products_id, options_id, options_values_id, options_values_price, price_prefix) values ('2998', '1213', '1', '1', '2.5000', '+');
insert into products_attributes (products_attributes_id, products_id, options_id, options_values_id, options_values_price, price_prefix) values ('2997', '1212', '6', '83', '0.0000', '+');
insert into products_attributes (products_attributes_id, products_id, options_id, options_values_id, options_values_price, price_prefix) values ('2996', '1212', '6', '43', '0.0000', '+');
insert into products_attributes (products_attributes_id, products_id, options_id, options_values_id, options_values_price, price_prefix) values ('2995', '1212', '6', '42', '0.0000', '+');
insert into products_attributes (products_attributes_id, products_id, options_id, options_values_id, options_values_price, price_prefix) values ('2158', '1082', '4', '13', '0.0000', '+');
insert into products_attributes (products_attributes_id, products_id, options_id, options_values_id, options_values_price, price_prefix) values ('2157', '1082', '4', '44', '0.0000', '+');
insert into products_attributes (products_attributes_id, products_id, options_id, options_values_id, options_values_price, price_prefix) values ('2159', '1083', '1', '1', '2.5000', '+');
insert into products_attributes (products_attributes_id, products_id, options_id, options_values_id, options_values_price, price_prefix) values ('2160', '1083', '2', '2', '0.0000', '+');
insert into products_attributes (products_attributes_id, products_id, options_id, options_values_id, options_values_price, price_prefix) values ('2161', '1083', '3', '1', '1.5000', '+');
insert into products_attributes (products_attributes_id, products_id, options_id, options_values_id, options_values_price, price_prefix) values ('2729', '1183', '5', '53', '0.0000', '+');
insert into products_attributes (products_attributes_id, products_id, options_id, options_values_id, options_values_price, price_prefix) values ('2728', '1183', '5', '62', '0.0000', '+');
insert into products_attributes (products_attributes_id, products_id, options_id, options_values_id, options_values_price, price_prefix) values ('2727', '1183', '3', '1', '1.5000', '+');
insert into products_attributes (products_attributes_id, products_id, options_id, options_values_id, options_values_price, price_prefix) values ('2245', '1097', '4', '12', '0.0000', '+');
insert into products_attributes (products_attributes_id, products_id, options_id, options_values_id, options_values_price, price_prefix) values ('2244', '1097', '4', '4', '0.0000', '+');
insert into products_attributes (products_attributes_id, products_id, options_id, options_values_id, options_values_price, price_prefix) values ('2243', '1097', '3', '1', '1.5000', '+');
insert into products_attributes (products_attributes_id, products_id, options_id, options_values_id, options_values_price, price_prefix) values ('2614', '1161', '2', '2', '0.0000', '+');
insert into products_attributes (products_attributes_id, products_id, options_id, options_values_id, options_values_price, price_prefix) values ('2613', '1161', '1', '1', '2.5000', '+');
insert into products_attributes (products_attributes_id, products_id, options_id, options_values_id, options_values_price, price_prefix) values ('2612', '1160', '3', '1', '1.5000', '+');
insert into products_attributes (products_attributes_id, products_id, options_id, options_values_id, options_values_price, price_prefix) values ('2611', '1160', '2', '2', '0.0000', '+');
insert into products_attributes (products_attributes_id, products_id, options_id, options_values_id, options_values_price, price_prefix) values ('2610', '1160', '1', '1', '2.5000', '+');
insert into products_attributes (products_attributes_id, products_id, options_id, options_values_id, options_values_price, price_prefix) values ('2367', '1113', '6', '60', '0.0000', '+');
insert into products_attributes (products_attributes_id, products_id, options_id, options_values_id, options_values_price, price_prefix) values ('2366', '1113', '6', '43', '0.0000', '+');
insert into products_attributes (products_attributes_id, products_id, options_id, options_values_id, options_values_price, price_prefix) values ('2365', '1113', '4', '4', '0.0000', '+');
insert into products_attributes (products_attributes_id, products_id, options_id, options_values_id, options_values_price, price_prefix) values ('2505', '1142', '4', '4', '0.0000', '+');
insert into products_attributes (products_attributes_id, products_id, options_id, options_values_id, options_values_price, price_prefix) values ('2504', '1142', '4', '64', '0.0000', '+');
insert into products_attributes (products_attributes_id, products_id, options_id, options_values_id, options_values_price, price_prefix) values ('2503', '1142', '4', '5', '0.0000', '+');
insert into products_attributes (products_attributes_id, products_id, options_id, options_values_id, options_values_price, price_prefix) values ('3055', '1218', '3', '1', '1.5000', '+');
insert into products_attributes (products_attributes_id, products_id, options_id, options_values_id, options_values_price, price_prefix) values ('3054', '1218', '2', '2', '0.0000', '+');
insert into products_attributes (products_attributes_id, products_id, options_id, options_values_id, options_values_price, price_prefix) values ('3053', '1218', '1', '1', '2.5000', '+');
insert into products_attributes (products_attributes_id, products_id, options_id, options_values_id, options_values_price, price_prefix) values ('2227', '1094', '4', '13', '0.0000', '+');
insert into products_attributes (products_attributes_id, products_id, options_id, options_values_id, options_values_price, price_prefix) values ('2226', '1094', '4', '15', '0.0000', '+');
insert into products_attributes (products_attributes_id, products_id, options_id, options_values_id, options_values_price, price_prefix) values ('2225', '1094', '3', '1', '1.5000', '+');
insert into products_attributes (products_attributes_id, products_id, options_id, options_values_id, options_values_price, price_prefix) values ('3052', '1217', '6', '83', '0.0000', '+');
insert into products_attributes (products_attributes_id, products_id, options_id, options_values_id, options_values_price, price_prefix) values ('3051', '1217', '6', '42', '0.0000', '+');
insert into products_attributes (products_attributes_id, products_id, options_id, options_values_id, options_values_price, price_prefix) values ('3050', '1217', '6', '41', '0.0000', '+');
insert into products_attributes (products_attributes_id, products_id, options_id, options_values_id, options_values_price, price_prefix) values ('3151', '1229', '3', '1', '1.5000', '+');
insert into products_attributes (products_attributes_id, products_id, options_id, options_values_id, options_values_price, price_prefix) values ('3150', '1229', '2', '2', '0.0000', '+');
insert into products_attributes (products_attributes_id, products_id, options_id, options_values_id, options_values_price, price_prefix) values ('3149', '1229', '1', '1', '2.5000', '+');
insert into products_attributes (products_attributes_id, products_id, options_id, options_values_id, options_values_price, price_prefix) values ('3049', '1217', '6', '40', '0.0000', '+');
insert into products_attributes (products_attributes_id, products_id, options_id, options_values_id, options_values_price, price_prefix) values ('3048', '1217', '6', '39', '0.0000', '+');
insert into products_attributes (products_attributes_id, products_id, options_id, options_values_id, options_values_price, price_prefix) values ('3047', '1217', '6', '43', '0.0000', '+');
insert into products_attributes (products_attributes_id, products_id, options_id, options_values_id, options_values_price, price_prefix) values ('2994', '1212', '6', '41', '0.0000', '+');
insert into products_attributes (products_attributes_id, products_id, options_id, options_values_id, options_values_price, price_prefix) values ('2993', '1212', '6', '40', '0.0000', '+');
insert into products_attributes (products_attributes_id, products_id, options_id, options_values_id, options_values_price, price_prefix) values ('2992', '1212', '6', '39', '0.0000', '+');
insert into products_attributes (products_attributes_id, products_id, options_id, options_values_id, options_values_price, price_prefix) values ('3046', '1217', '4', '13', '0.0000', '+');
insert into products_attributes (products_attributes_id, products_id, options_id, options_values_id, options_values_price, price_prefix) values ('3045', '1217', '4', '46', '0.0000', '+');
insert into products_attributes (products_attributes_id, products_id, options_id, options_values_id, options_values_price, price_prefix) values ('3044', '1217', '3', '1', '1.5000', '+');
insert into products_attributes (products_attributes_id, products_id, options_id, options_values_id, options_values_price, price_prefix) values ('2502', '1142', '3', '1', '1.5000', '+');
insert into products_attributes (products_attributes_id, products_id, options_id, options_values_id, options_values_price, price_prefix) values ('2501', '1142', '2', '2', '0.0000', '+');
insert into products_attributes (products_attributes_id, products_id, options_id, options_values_id, options_values_price, price_prefix) values ('2500', '1142', '1', '1', '2.5000', '+');
insert into products_attributes (products_attributes_id, products_id, options_id, options_values_id, options_values_price, price_prefix) values ('2242', '1097', '2', '2', '0.0000', '+');
insert into products_attributes (products_attributes_id, products_id, options_id, options_values_id, options_values_price, price_prefix) values ('2241', '1097', '1', '1', '2.5000', '+');
insert into products_attributes (products_attributes_id, products_id, options_id, options_values_id, options_values_price, price_prefix) values ('2240', '1096', '4', '44', '0.0000', '+');
insert into products_attributes (products_attributes_id, products_id, options_id, options_values_id, options_values_price, price_prefix) values ('3040', '1216', '6', '42', '0.0000', '+');
insert into products_attributes (products_attributes_id, products_id, options_id, options_values_id, options_values_price, price_prefix) values ('3039', '1216', '6', '41', '0.0000', '+');
insert into products_attributes (products_attributes_id, products_id, options_id, options_values_id, options_values_price, price_prefix) values ('3038', '1216', '6', '40', '0.0000', '+');
insert into products_attributes (products_attributes_id, products_id, options_id, options_values_id, options_values_price, price_prefix) values ('2776', '1193', '2', '2', '0.0000', '+');
insert into products_attributes (products_attributes_id, products_id, options_id, options_values_id, options_values_price, price_prefix) values ('2775', '1193', '1', '1', '2.5000', '+');
insert into products_attributes (products_attributes_id, products_id, options_id, options_values_id, options_values_price, price_prefix) values ('2774', '1192', '5', '53', '0.0000', '+');
insert into products_attributes (products_attributes_id, products_id, options_id, options_values_id, options_values_price, price_prefix) values ('3043', '1217', '2', '2', '0.0000', '+');
insert into products_attributes (products_attributes_id, products_id, options_id, options_values_id, options_values_price, price_prefix) values ('3042', '1217', '1', '1', '2.5000', '+');
insert into products_attributes (products_attributes_id, products_id, options_id, options_values_id, options_values_price, price_prefix) values ('3041', '1216', '6', '83', '0.0000', '+');
insert into products_attributes (products_attributes_id, products_id, options_id, options_values_id, options_values_price, price_prefix) values ('2499', '1141', '3', '1', '1.5000', '+');
insert into products_attributes (products_attributes_id, products_id, options_id, options_values_id, options_values_price, price_prefix) values ('2498', '1141', '2', '2', '0.0000', '+');
insert into products_attributes (products_attributes_id, products_id, options_id, options_values_id, options_values_price, price_prefix) values ('2497', '1141', '1', '1', '2.5000', '+');
insert into products_attributes (products_attributes_id, products_id, options_id, options_values_id, options_values_price, price_prefix) values ('2752', '1188', '1', '1', '2.5000', '+');
insert into products_attributes (products_attributes_id, products_id, options_id, options_values_id, options_values_price, price_prefix) values ('2751', '1187', '4', '4', '0.0000', '+');
insert into products_attributes (products_attributes_id, products_id, options_id, options_values_id, options_values_price, price_prefix) values ('2750', '1187', '4', '13', '0.0000', '+');
insert into products_attributes (products_attributes_id, products_id, options_id, options_values_id, options_values_price, price_prefix) values ('2991', '1212', '4', '17', '0.0000', '+');
insert into products_attributes (products_attributes_id, products_id, options_id, options_values_id, options_values_price, price_prefix) values ('2990', '1212', '4', '46', '0.0000', '+');
insert into products_attributes (products_attributes_id, products_id, options_id, options_values_id, options_values_price, price_prefix) values ('2989', '1212', '3', '1', '1.5000', '+');
insert into products_attributes (products_attributes_id, products_id, options_id, options_values_id, options_values_price, price_prefix) values ('3037', '1216', '6', '39', '0.0000', '+');
insert into products_attributes (products_attributes_id, products_id, options_id, options_values_id, options_values_price, price_prefix) values ('3036', '1216', '6', '43', '0.0000', '+');
insert into products_attributes (products_attributes_id, products_id, options_id, options_values_id, options_values_price, price_prefix) values ('3035', '1216', '4', '4', '0.0000', '+');
insert into products_attributes (products_attributes_id, products_id, options_id, options_values_id, options_values_price, price_prefix) values ('2239', '1096', '4', '15', '0.0000', '+');
insert into products_attributes (products_attributes_id, products_id, options_id, options_values_id, options_values_price, price_prefix) values ('2238', '1096', '4', '6', '0.0000', '+');
insert into products_attributes (products_attributes_id, products_id, options_id, options_values_id, options_values_price, price_prefix) values ('2237', '1096', '3', '1', '1.5000', '+');
insert into products_attributes (products_attributes_id, products_id, options_id, options_values_id, options_values_price, price_prefix) values ('2988', '1212', '2', '2', '0.0000', '+');
insert into products_attributes (products_attributes_id, products_id, options_id, options_values_id, options_values_price, price_prefix) values ('2987', '1212', '1', '1', '2.5000', '+');
insert into products_attributes (products_attributes_id, products_id, options_id, options_values_id, options_values_price, price_prefix) values ('2986', '1211', '6', '83', '0.0000', '+');
insert into products_attributes (products_attributes_id, products_id, options_id, options_values_id, options_values_price, price_prefix) values ('2496', '1140', '5', '73', '0.0000', '+');
insert into products_attributes (products_attributes_id, products_id, options_id, options_values_id, options_values_price, price_prefix) values ('2495', '1140', '5', '63', '0.0000', '+');
insert into products_attributes (products_attributes_id, products_id, options_id, options_values_id, options_values_price, price_prefix) values ('2494', '1140', '4', '46', '0.0000', '+');
insert into products_attributes (products_attributes_id, products_id, options_id, options_values_id, options_values_price, price_prefix) values ('2749', '1187', '4', '5', '0.0000', '+');
insert into products_attributes (products_attributes_id, products_id, options_id, options_values_id, options_values_price, price_prefix) values ('2748', '1187', '3', '1', '1.5000', '+');
insert into products_attributes (products_attributes_id, products_id, options_id, options_values_id, options_values_price, price_prefix) values ('2747', '1187', '2', '2', '0.0000', '+');
insert into products_attributes (products_attributes_id, products_id, options_id, options_values_id, options_values_price, price_prefix) values ('2236', '1096', '2', '2', '0.0000', '+');
insert into products_attributes (products_attributes_id, products_id, options_id, options_values_id, options_values_price, price_prefix) values ('2235', '1096', '1', '1', '2.5000', '+');
insert into products_attributes (products_attributes_id, products_id, options_id, options_values_id, options_values_price, price_prefix) values ('2234', '1095', '4', '15', '0.0000', '+');
insert into products_attributes (products_attributes_id, products_id, options_id, options_values_id, options_values_price, price_prefix) values ('2985', '1211', '6', '43', '0.0000', '+');
insert into products_attributes (products_attributes_id, products_id, options_id, options_values_id, options_values_price, price_prefix) values ('2984', '1211', '6', '42', '0.0000', '+');
insert into products_attributes (products_attributes_id, products_id, options_id, options_values_id, options_values_price, price_prefix) values ('2983', '1211', '6', '41', '0.0000', '+');
insert into products_attributes (products_attributes_id, products_id, options_id, options_values_id, options_values_price, price_prefix) values ('2491', '1140', '2', '2', '0.0000', '+');
insert into products_attributes (products_attributes_id, products_id, options_id, options_values_id, options_values_price, price_prefix) values ('2492', '1140', '3', '1', '1.5000', '+');
insert into products_attributes (products_attributes_id, products_id, options_id, options_values_id, options_values_price, price_prefix) values ('2493', '1140', '4', '18', '0.0000', '+');
insert into products_attributes (products_attributes_id, products_id, options_id, options_values_id, options_values_price, price_prefix) values ('2364', '1113', '4', '46', '0.0000', '+');
insert into products_attributes (products_attributes_id, products_id, options_id, options_values_id, options_values_price, price_prefix) values ('2361', '1113', '1', '1', '2.5000', '+');
insert into products_attributes (products_attributes_id, products_id, options_id, options_values_id, options_values_price, price_prefix) values ('2362', '1113', '2', '2', '0.0000', '+');
insert into products_attributes (products_attributes_id, products_id, options_id, options_values_id, options_values_price, price_prefix) values ('2758', '1189', '1', '1', '2.5000', '+');
insert into products_attributes (products_attributes_id, products_id, options_id, options_values_id, options_values_price, price_prefix) values ('2757', '1188', '4', '46', '0.0000', '+');
insert into products_attributes (products_attributes_id, products_id, options_id, options_values_id, options_values_price, price_prefix) values ('2756', '1188', '4', '5', '0.0000', '+');
insert into products_attributes (products_attributes_id, products_id, options_id, options_values_id, options_values_price, price_prefix) values ('2597', '1157', '4', '46', '0.0000', '+');
insert into products_attributes (products_attributes_id, products_id, options_id, options_values_id, options_values_price, price_prefix) values ('2596', '1157', '4', '18', '0.0000', '+');
insert into products_attributes (products_attributes_id, products_id, options_id, options_values_id, options_values_price, price_prefix) values ('2595', '1157', '3', '1', '1.5000', '+');
insert into products_attributes (products_attributes_id, products_id, options_id, options_values_id, options_values_price, price_prefix) values ('2594', '1157', '2', '2', '0.0000', '+');
insert into products_attributes (products_attributes_id, products_id, options_id, options_values_id, options_values_price, price_prefix) values ('2593', '1157', '1', '1', '2.5000', '+');
insert into products_attributes (products_attributes_id, products_id, options_id, options_values_id, options_values_price, price_prefix) values ('2592', '1156', '4', '5', '0.0000', '+');
insert into products_attributes (products_attributes_id, products_id, options_id, options_values_id, options_values_price, price_prefix) values ('2588', '1156', '3', '1', '1.5000', '+');
insert into products_attributes (products_attributes_id, products_id, options_id, options_values_id, options_values_price, price_prefix) values ('2587', '1156', '2', '2', '0.0000', '+');
insert into products_attributes (products_attributes_id, products_id, options_id, options_values_id, options_values_price, price_prefix) values ('2586', '1156', '1', '1', '2.5000', '+');
insert into products_attributes (products_attributes_id, products_id, options_id, options_values_id, options_values_price, price_prefix) values ('2585', '1155', '4', '46', '0.0000', '+');
insert into products_attributes (products_attributes_id, products_id, options_id, options_values_id, options_values_price, price_prefix) values ('2584', '1155', '4', '6', '0.0000', '+');
insert into products_attributes (products_attributes_id, products_id, options_id, options_values_id, options_values_price, price_prefix) values ('2583', '1155', '4', '5', '0.0000', '+');
insert into products_attributes (products_attributes_id, products_id, options_id, options_values_id, options_values_price, price_prefix) values ('2582', '1155', '3', '1', '1.5000', '+');
insert into products_attributes (products_attributes_id, products_id, options_id, options_values_id, options_values_price, price_prefix) values ('2581', '1155', '2', '2', '0.0000', '+');
insert into products_attributes (products_attributes_id, products_id, options_id, options_values_id, options_values_price, price_prefix) values ('2580', '1155', '1', '1', '2.5000', '+');
insert into products_attributes (products_attributes_id, products_id, options_id, options_values_id, options_values_price, price_prefix) values ('2144', '1080', '4', '17', '0.0000', '+');
insert into products_attributes (products_attributes_id, products_id, options_id, options_values_id, options_values_price, price_prefix) values ('2143', '1080', '3', '1', '1.5000', '+');
insert into products_attributes (products_attributes_id, products_id, options_id, options_values_id, options_values_price, price_prefix) values ('2142', '1080', '2', '2', '0.0000', '+');
insert into products_attributes (products_attributes_id, products_id, options_id, options_values_id, options_values_price, price_prefix) values ('2141', '1080', '1', '1', '2.5000', '+');
insert into products_attributes (products_attributes_id, products_id, options_id, options_values_id, options_values_price, price_prefix) values ('2140', '1079', '4', '20', '0.0000', '+');
insert into products_attributes (products_attributes_id, products_id, options_id, options_values_id, options_values_price, price_prefix) values ('2139', '1079', '4', '4', '0.0000', '+');
insert into products_attributes (products_attributes_id, products_id, options_id, options_values_id, options_values_price, price_prefix) values ('2138', '1079', '3', '1', '1.5000', '+');
insert into products_attributes (products_attributes_id, products_id, options_id, options_values_id, options_values_price, price_prefix) values ('2137', '1079', '2', '2', '0.0000', '+');
insert into products_attributes (products_attributes_id, products_id, options_id, options_values_id, options_values_price, price_prefix) values ('2136', '1079', '1', '1', '2.5000', '+');
insert into products_attributes (products_attributes_id, products_id, options_id, options_values_id, options_values_price, price_prefix) values ('2135', '1078', '4', '13', '0.0000', '+');
insert into products_attributes (products_attributes_id, products_id, options_id, options_values_id, options_values_price, price_prefix) values ('2134', '1078', '4', '5', '0.0000', '+');
insert into products_attributes (products_attributes_id, products_id, options_id, options_values_id, options_values_price, price_prefix) values ('2133', '1078', '6', '43', '0.0000', '+');
insert into products_attributes (products_attributes_id, products_id, options_id, options_values_id, options_values_price, price_prefix) values ('2132', '1078', '6', '42', '0.0000', '+');
insert into products_attributes (products_attributes_id, products_id, options_id, options_values_id, options_values_price, price_prefix) values ('2131', '1078', '6', '41', '0.0000', '+');
insert into products_attributes (products_attributes_id, products_id, options_id, options_values_id, options_values_price, price_prefix) values ('2130', '1078', '6', '40', '0.0000', '+');
insert into products_attributes (products_attributes_id, products_id, options_id, options_values_id, options_values_price, price_prefix) values ('2129', '1078', '6', '39', '0.0000', '+');
insert into products_attributes (products_attributes_id, products_id, options_id, options_values_id, options_values_price, price_prefix) values ('2128', '1078', '3', '1', '1.5000', '+');
insert into products_attributes (products_attributes_id, products_id, options_id, options_values_id, options_values_price, price_prefix) values ('2127', '1078', '2', '2', '0.0000', '+');
insert into products_attributes (products_attributes_id, products_id, options_id, options_values_id, options_values_price, price_prefix) values ('2126', '1078', '1', '1', '2.5000', '+');
insert into products_attributes (products_attributes_id, products_id, options_id, options_values_id, options_values_price, price_prefix) values ('2125', '1077', '4', '15', '0.0000', '+');
insert into products_attributes (products_attributes_id, products_id, options_id, options_values_id, options_values_price, price_prefix) values ('2124', '1077', '4', '14', '0.0000', '+');
insert into products_attributes (products_attributes_id, products_id, options_id, options_values_id, options_values_price, price_prefix) values ('2123', '1077', '4', '46', '0.0000', '+');
insert into products_attributes (products_attributes_id, products_id, options_id, options_values_id, options_values_price, price_prefix) values ('2122', '1077', '4', '4', '0.0000', '+');
insert into products_attributes (products_attributes_id, products_id, options_id, options_values_id, options_values_price, price_prefix) values ('3256', '1253', '3', '1', '1.5000', '+');
insert into products_attributes (products_attributes_id, products_id, options_id, options_values_id, options_values_price, price_prefix) values ('3255', '1253', '2', '2', '0.0000', '+');
insert into products_attributes (products_attributes_id, products_id, options_id, options_values_id, options_values_price, price_prefix) values ('3254', '1253', '1', '1', '2.5000', '+');
insert into products_attributes (products_attributes_id, products_id, options_id, options_values_id, options_values_price, price_prefix) values ('2349', '1110', '3', '1', '1.5000', '+');
insert into products_attributes (products_attributes_id, products_id, options_id, options_values_id, options_values_price, price_prefix) values ('2348', '1110', '2', '2', '0.0000', '+');
insert into products_attributes (products_attributes_id, products_id, options_id, options_values_id, options_values_price, price_prefix) values ('2836', '1109', '6', '40', '0.0000', '+');
insert into products_attributes (products_attributes_id, products_id, options_id, options_values_id, options_values_price, price_prefix) values ('2484', '1139', '2', '2', '0.0000', '+');
insert into products_attributes (products_attributes_id, products_id, options_id, options_values_id, options_values_price, price_prefix) values ('2483', '1139', '1', '1', '2.5000', '+');
insert into products_attributes (products_attributes_id, products_id, options_id, options_values_id, options_values_price, price_prefix) values ('2482', '1138', '5', '70', '0.0000', '+');
insert into products_attributes (products_attributes_id, products_id, options_id, options_values_id, options_values_price, price_prefix) values ('2077', '1068', '5', '55', '0.0000', '+');
insert into products_attributes (products_attributes_id, products_id, options_id, options_values_id, options_values_price, price_prefix) values ('2076', '1068', '3', '1', '1.5000', '+');
insert into products_attributes (products_attributes_id, products_id, options_id, options_values_id, options_values_price, price_prefix) values ('2075', '1068', '2', '2', '0.0000', '+');
insert into products_attributes (products_attributes_id, products_id, options_id, options_values_id, options_values_price, price_prefix) values ('2074', '1068', '1', '1', '2.5000', '+');
insert into products_attributes (products_attributes_id, products_id, options_id, options_values_id, options_values_price, price_prefix) values ('2073', '1067', '4', '5', '0.0000', '+');
insert into products_attributes (products_attributes_id, products_id, options_id, options_values_id, options_values_price, price_prefix) values ('2121', '1077', '3', '1', '1.5000', '+');
insert into products_attributes (products_attributes_id, products_id, options_id, options_values_id, options_values_price, price_prefix) values ('2120', '1077', '2', '2', '0.0000', '+');
insert into products_attributes (products_attributes_id, products_id, options_id, options_values_id, options_values_price, price_prefix) values ('2119', '1077', '1', '1', '2.5000', '+');
insert into products_attributes (products_attributes_id, products_id, options_id, options_values_id, options_values_price, price_prefix) values ('2118', '1076', '4', '46', '0.0000', '+');
insert into products_attributes (products_attributes_id, products_id, options_id, options_values_id, options_values_price, price_prefix) values ('2117', '1076', '4', '5', '0.0000', '+');
insert into products_attributes (products_attributes_id, products_id, options_id, options_values_id, options_values_price, price_prefix) values ('2269', '1102', '3', '1', '1.5000', '+');
insert into products_attributes (products_attributes_id, products_id, options_id, options_values_id, options_values_price, price_prefix) values ('2268', '1102', '2', '2', '0.0000', '+');
insert into products_attributes (products_attributes_id, products_id, options_id, options_values_id, options_values_price, price_prefix) values ('2267', '1102', '1', '1', '2.5000', '+');
insert into products_attributes (products_attributes_id, products_id, options_id, options_values_id, options_values_price, price_prefix) values ('1997', '1053', '1', '1', '2.5000', '+');
insert into products_attributes (products_attributes_id, products_id, options_id, options_values_id, options_values_price, price_prefix) values ('1996', '1052', '3', '1', '1.5000', '+');
insert into products_attributes (products_attributes_id, products_id, options_id, options_values_id, options_values_price, price_prefix) values ('1995', '1052', '2', '2', '0.0000', '+');
insert into products_attributes (products_attributes_id, products_id, options_id, options_values_id, options_values_price, price_prefix) values ('2448', '1132', '1', '1', '2.5000', '+');
insert into products_attributes (products_attributes_id, products_id, options_id, options_values_id, options_values_price, price_prefix) values ('2447', '1131', '3', '1', '1.5000', '+');
insert into products_attributes (products_attributes_id, products_id, options_id, options_values_id, options_values_price, price_prefix) values ('2446', '1131', '2', '2', '0.0000', '+');
insert into products_attributes (products_attributes_id, products_id, options_id, options_values_id, options_values_price, price_prefix) values ('2039', '1062', '4', '46', '0.0000', '+');
insert into products_attributes (products_attributes_id, products_id, options_id, options_values_id, options_values_price, price_prefix) values ('2038', '1062', '3', '1', '1.5000', '+');
insert into products_attributes (products_attributes_id, products_id, options_id, options_values_id, options_values_price, price_prefix) values ('2037', '1062', '2', '2', '0.0000', '+');
insert into products_attributes (products_attributes_id, products_id, options_id, options_values_id, options_values_price, price_prefix) values ('1994', '1052', '1', '1', '2.5000', '+');
insert into products_attributes (products_attributes_id, products_id, options_id, options_values_id, options_values_price, price_prefix) values ('1993', '1051', '4', '13', '0.0000', '+');
insert into products_attributes (products_attributes_id, products_id, options_id, options_values_id, options_values_price, price_prefix) values ('1992', '1051', '4', '4', '0.0000', '+');
insert into products_attributes (products_attributes_id, products_id, options_id, options_values_id, options_values_price, price_prefix) values ('2445', '1131', '1', '1', '2.5000', '+');
insert into products_attributes (products_attributes_id, products_id, options_id, options_values_id, options_values_price, price_prefix) values ('2444', '1130', '3', '1', '1.5000', '+');
insert into products_attributes (products_attributes_id, products_id, options_id, options_values_id, options_values_price, price_prefix) values ('2443', '1130', '2', '2', '0.0000', '+');
insert into products_attributes (products_attributes_id, products_id, options_id, options_values_id, options_values_price, price_prefix) values ('2036', '1062', '1', '1', '2.5000', '+');
insert into products_attributes (products_attributes_id, products_id, options_id, options_values_id, options_values_price, price_prefix) values ('2035', '1061', '5', '49', '0.0000', '+');
insert into products_attributes (products_attributes_id, products_id, options_id, options_values_id, options_values_price, price_prefix) values ('2034', '1061', '5', '50', '0.0000', '+');
insert into products_attributes (products_attributes_id, products_id, options_id, options_values_id, options_values_price, price_prefix) values ('2266', '1101', '4', '5', '0.0000', '+');
insert into products_attributes (products_attributes_id, products_id, options_id, options_values_id, options_values_price, price_prefix) values ('2265', '1101', '4', '13', '0.0000', '+');
insert into products_attributes (products_attributes_id, products_id, options_id, options_values_id, options_values_price, price_prefix) values ('2264', '1101', '4', '4', '0.0000', '+');
insert into products_attributes (products_attributes_id, products_id, options_id, options_values_id, options_values_price, price_prefix) values ('2442', '1130', '1', '1', '2.5000', '+');
insert into products_attributes (products_attributes_id, products_id, options_id, options_values_id, options_values_price, price_prefix) values ('2441', '1129', '4', '4', '0.0000', '+');
insert into products_attributes (products_attributes_id, products_id, options_id, options_values_id, options_values_price, price_prefix) values ('2440', '1129', '4', '6', '0.0000', '+');
insert into products_attributes (products_attributes_id, products_id, options_id, options_values_id, options_values_price, price_prefix) values ('2033', '1061', '4', '44', '0.0000', '+');
insert into products_attributes (products_attributes_id, products_id, options_id, options_values_id, options_values_price, price_prefix) values ('2032', '1061', '4', '46', '0.0000', '+');
insert into products_attributes (products_attributes_id, products_id, options_id, options_values_id, options_values_price, price_prefix) values ('2031', '1061', '3', '1', '1.5000', '+');
insert into products_attributes (products_attributes_id, products_id, options_id, options_values_id, options_values_price, price_prefix) values ('2263', '1101', '4', '18', '0.0000', '+');
insert into products_attributes (products_attributes_id, products_id, options_id, options_values_id, options_values_price, price_prefix) values ('2262', '1101', '3', '1', '1.5000', '+');
insert into products_attributes (products_attributes_id, products_id, options_id, options_values_id, options_values_price, price_prefix) values ('2261', '1101', '2', '2', '0.0000', '+');
insert into products_attributes (products_attributes_id, products_id, options_id, options_values_id, options_values_price, price_prefix) values ('2175', '1086', '3', '1', '1.5000', '+');
insert into products_attributes (products_attributes_id, products_id, options_id, options_values_id, options_values_price, price_prefix) values ('2174', '1086', '2', '2', '0.0000', '+');
insert into products_attributes (products_attributes_id, products_id, options_id, options_values_id, options_values_price, price_prefix) values ('2173', '1086', '1', '1', '2.5000', '+');
insert into products_attributes (products_attributes_id, products_id, options_id, options_values_id, options_values_price, price_prefix) values ('2218', '1093', '2', '2', '0.0000', '+');
insert into products_attributes (products_attributes_id, products_id, options_id, options_values_id, options_values_price, price_prefix) values ('2217', '1093', '1', '1', '2.5000', '+');
insert into products_attributes (products_attributes_id, products_id, options_id, options_values_id, options_values_price, price_prefix) values ('2216', '1092', '4', '5', '0.0000', '+');
insert into products_attributes (products_attributes_id, products_id, options_id, options_values_id, options_values_price, price_prefix) values ('2172', '1085', '4', '44', '0.0000', '+');
insert into products_attributes (products_attributes_id, products_id, options_id, options_values_id, options_values_price, price_prefix) values ('2171', '1085', '4', '46', '0.0000', '+');
insert into products_attributes (products_attributes_id, products_id, options_id, options_values_id, options_values_price, price_prefix) values ('2170', '1085', '3', '1', '1.5000', '+');
insert into products_attributes (products_attributes_id, products_id, options_id, options_values_id, options_values_price, price_prefix) values ('2215', '1092', '4', '4', '0.0000', '+');
insert into products_attributes (products_attributes_id, products_id, options_id, options_values_id, options_values_price, price_prefix) values ('2214', '1092', '4', '44', '0.0000', '+');
insert into products_attributes (products_attributes_id, products_id, options_id, options_values_id, options_values_price, price_prefix) values ('2213', '1092', '4', '13', '0.0000', '+');
insert into products_attributes (products_attributes_id, products_id, options_id, options_values_id, options_values_price, price_prefix) values ('2169', '1085', '2', '2', '0.0000', '+');
insert into products_attributes (products_attributes_id, products_id, options_id, options_values_id, options_values_price, price_prefix) values ('2168', '1085', '1', '1', '2.5000', '+');
insert into products_attributes (products_attributes_id, products_id, options_id, options_values_id, options_values_price, price_prefix) values ('2167', '1084', '3', '1', '1.5000', '+');
insert into products_attributes (products_attributes_id, products_id, options_id, options_values_id, options_values_price, price_prefix) values ('2212', '1092', '4', '15', '0.0000', '+');
insert into products_attributes (products_attributes_id, products_id, options_id, options_values_id, options_values_price, price_prefix) values ('2211', '1092', '3', '1', '1.5000', '+');
insert into products_attributes (products_attributes_id, products_id, options_id, options_values_id, options_values_price, price_prefix) values ('2210', '1092', '2', '2', '0.0000', '+');
insert into products_attributes (products_attributes_id, products_id, options_id, options_values_id, options_values_price, price_prefix) values ('2409', '1122', '4', '61', '0.0000', '+');
insert into products_attributes (products_attributes_id, products_id, options_id, options_values_id, options_values_price, price_prefix) values ('2408', '1122', '3', '1', '1.5000', '+');
insert into products_attributes (products_attributes_id, products_id, options_id, options_values_id, options_values_price, price_prefix) values ('2407', '1122', '2', '2', '0.0000', '+');
insert into products_attributes (products_attributes_id, products_id, options_id, options_values_id, options_values_price, price_prefix) values ('2406', '1122', '1', '1', '2.5000', '+');
insert into products_attributes (products_attributes_id, products_id, options_id, options_values_id, options_values_price, price_prefix) values ('2405', '1121', '3', '1', '1.5000', '+');
insert into products_attributes (products_attributes_id, products_id, options_id, options_values_id, options_values_price, price_prefix) values ('2404', '1121', '2', '2', '0.0000', '+');
insert into products_attributes (products_attributes_id, products_id, options_id, options_values_id, options_values_price, price_prefix) values ('2815', '1199', '4', '18', '0.0000', '+');
insert into products_attributes (products_attributes_id, products_id, options_id, options_values_id, options_values_price, price_prefix) values ('2814', '1199', '4', '13', '0.0000', '+');
insert into products_attributes (products_attributes_id, products_id, options_id, options_values_id, options_values_price, price_prefix) values ('2813', '1199', '3', '1', '1.5000', '+');
insert into products_attributes (products_attributes_id, products_id, options_id, options_values_id, options_values_price, price_prefix) values ('1991', '1051', '3', '1', '1.5000', '+');
insert into products_attributes (products_attributes_id, products_id, options_id, options_values_id, options_values_price, price_prefix) values ('1990', '1051', '2', '2', '0.0000', '+');
insert into products_attributes (products_attributes_id, products_id, options_id, options_values_id, options_values_price, price_prefix) values ('1989', '1051', '1', '1', '2.5000', '+');
insert into products_attributes (products_attributes_id, products_id, options_id, options_values_id, options_values_price, price_prefix) values ('2567', '1152', '4', '6', '0.0000', '+');
insert into products_attributes (products_attributes_id, products_id, options_id, options_values_id, options_values_price, price_prefix) values ('2566', '1152', '3', '1', '1.5000', '+');
insert into products_attributes (products_attributes_id, products_id, options_id, options_values_id, options_values_price, price_prefix) values ('2565', '1152', '2', '2', '0.0000', '+');
insert into products_attributes (products_attributes_id, products_id, options_id, options_values_id, options_values_price, price_prefix) values ('2230', '1095', '2', '2', '0.0000', '+');
insert into products_attributes (products_attributes_id, products_id, options_id, options_values_id, options_values_price, price_prefix) values ('2229', '1095', '1', '1', '2.5000', '+');
insert into products_attributes (products_attributes_id, products_id, options_id, options_values_id, options_values_price, price_prefix) values ('2228', '1094', '4', '46', '0.0000', '+');
insert into products_attributes (products_attributes_id, products_id, options_id, options_values_id, options_values_price, price_prefix) values ('3100', '1222', '6', '42', '0.0000', '+');
insert into products_attributes (products_attributes_id, products_id, options_id, options_values_id, options_values_price, price_prefix) values ('3099', '1222', '6', '43', '0.0000', '+');
insert into products_attributes (products_attributes_id, products_id, options_id, options_values_id, options_values_price, price_prefix) values ('3098', '1222', '6', '83', '0.0000', '+');
insert into products_attributes (products_attributes_id, products_id, options_id, options_values_id, options_values_price, price_prefix) values ('3313', '1269', '3', '1', '1.5000', '+');
insert into products_attributes (products_attributes_id, products_id, options_id, options_values_id, options_values_price, price_prefix) values ('3312', '1269', '2', '2', '0.0000', '+');
insert into products_attributes (products_attributes_id, products_id, options_id, options_values_id, options_values_price, price_prefix) values ('3311', '1269', '1', '1', '2.5000', '+');
insert into products_attributes (products_attributes_id, products_id, options_id, options_values_id, options_values_price, price_prefix) values ('2385', '1116', '2', '2', '0.0000', '+');
insert into products_attributes (products_attributes_id, products_id, options_id, options_values_id, options_values_price, price_prefix) values ('2384', '1116', '1', '1', '2.5000', '+');
insert into products_attributes (products_attributes_id, products_id, options_id, options_values_id, options_values_price, price_prefix) values ('2383', '1115', '4', '46', '0.0000', '+');
insert into products_attributes (products_attributes_id, products_id, options_id, options_values_id, options_values_price, price_prefix) values ('3253', '1252', '3', '1', '1.5000', '+');
insert into products_attributes (products_attributes_id, products_id, options_id, options_values_id, options_values_price, price_prefix) values ('3252', '1252', '2', '2', '0.0000', '+');
insert into products_attributes (products_attributes_id, products_id, options_id, options_values_id, options_values_price, price_prefix) values ('3251', '1252', '1', '1', '2.5000', '+');
insert into products_attributes (products_attributes_id, products_id, options_id, options_values_id, options_values_price, price_prefix) values ('3250', '1251', '3', '1', '1.5000', '+');
insert into products_attributes (products_attributes_id, products_id, options_id, options_values_id, options_values_price, price_prefix) values ('3249', '1251', '2', '2', '0.0000', '+');
insert into products_attributes (products_attributes_id, products_id, options_id, options_values_id, options_values_price, price_prefix) values ('3248', '1251', '1', '1', '2.5000', '+');
insert into products_attributes (products_attributes_id, products_id, options_id, options_values_id, options_values_price, price_prefix) values ('2905', '1205', '6', '41', '0.0000', '+');
insert into products_attributes (products_attributes_id, products_id, options_id, options_values_id, options_values_price, price_prefix) values ('2904', '1205', '6', '42', '0.0000', '+');
insert into products_attributes (products_attributes_id, products_id, options_id, options_values_id, options_values_price, price_prefix) values ('2903', '1205', '6', '43', '0.0000', '+');
insert into products_attributes (products_attributes_id, products_id, options_id, options_values_id, options_values_price, price_prefix) values ('3430', '1299', '3', '1', '1.5000', '+');
insert into products_attributes (products_attributes_id, products_id, options_id, options_values_id, options_values_price, price_prefix) values ('3429', '1299', '2', '2', '0.0000', '+');
insert into products_attributes (products_attributes_id, products_id, options_id, options_values_id, options_values_price, price_prefix) values ('3428', '1299', '1', '1', '2.5000', '+');
insert into products_attributes (products_attributes_id, products_id, options_id, options_values_id, options_values_price, price_prefix) values ('3247', '1250', '4', '6', '0.0000', '+');
insert into products_attributes (products_attributes_id, products_id, options_id, options_values_id, options_values_price, price_prefix) values ('3246', '1250', '4', '4', '0.0000', '+');
insert into products_attributes (products_attributes_id, products_id, options_id, options_values_id, options_values_price, price_prefix) values ('3245', '1250', '4', '13', '0.0000', '+');
insert into products_attributes (products_attributes_id, products_id, options_id, options_values_id, options_values_price, price_prefix) values ('3427', '1298', '4', '18', '0.0000', '+');
insert into products_attributes (products_attributes_id, products_id, options_id, options_values_id, options_values_price, price_prefix) values ('3426', '1298', '4', '4', '0.0000', '+');
insert into products_attributes (products_attributes_id, products_id, options_id, options_values_id, options_values_price, price_prefix) values ('3425', '1298', '4', '15', '0.0000', '+');
insert into products_attributes (products_attributes_id, products_id, options_id, options_values_id, options_values_price, price_prefix) values ('2030', '1061', '2', '2', '0.0000', '+');
insert into products_attributes (products_attributes_id, products_id, options_id, options_values_id, options_values_price, price_prefix) values ('2029', '1061', '1', '1', '2.5000', '+');
insert into products_attributes (products_attributes_id, products_id, options_id, options_values_id, options_values_price, price_prefix) values ('2028', '1060', '5', '52', '0.0000', '+');
insert into products_attributes (products_attributes_id, products_id, options_id, options_values_id, options_values_price, price_prefix) values ('2382', '1115', '4', '4', '0.0000', '+');
insert into products_attributes (products_attributes_id, products_id, options_id, options_values_id, options_values_price, price_prefix) values ('2381', '1115', '3', '1', '1.5000', '+');
insert into products_attributes (products_attributes_id, products_id, options_id, options_values_id, options_values_price, price_prefix) values ('2380', '1115', '2', '2', '0.0000', '+');
insert into products_attributes (products_attributes_id, products_id, options_id, options_values_id, options_values_price, price_prefix) values ('2564', '1152', '1', '1', '2.5000', '+');
insert into products_attributes (products_attributes_id, products_id, options_id, options_values_id, options_values_price, price_prefix) values ('2563', '1151', '3', '1', '1.5000', '+');
insert into products_attributes (products_attributes_id, products_id, options_id, options_values_id, options_values_price, price_prefix) values ('2562', '1151', '2', '2', '0.0000', '+');
insert into products_attributes (products_attributes_id, products_id, options_id, options_values_id, options_values_price, price_prefix) values ('2322', '1108', '6', '43', '0.0000', '+');
insert into products_attributes (products_attributes_id, products_id, options_id, options_values_id, options_values_price, price_prefix) values ('2319', '1108', '1', '1', '2.5000', '+');
insert into products_attributes (products_attributes_id, products_id, options_id, options_values_id, options_values_price, price_prefix) values ('2320', '1108', '2', '2', '0.0000', '+');
insert into products_attributes (products_attributes_id, products_id, options_id, options_values_id, options_values_price, price_prefix) values ('3244', '1250', '3', '1', '1.5000', '+');
insert into products_attributes (products_attributes_id, products_id, options_id, options_values_id, options_values_price, price_prefix) values ('3243', '1250', '2', '2', '0.0000', '+');
insert into products_attributes (products_attributes_id, products_id, options_id, options_values_id, options_values_price, price_prefix) values ('3242', '1250', '1', '1', '2.5000', '+');
insert into products_attributes (products_attributes_id, products_id, options_id, options_values_id, options_values_price, price_prefix) values ('2695', '1177', '3', '1', '1.5000', '+');
insert into products_attributes (products_attributes_id, products_id, options_id, options_values_id, options_values_price, price_prefix) values ('2694', '1177', '2', '2', '0.0000', '+');
insert into products_attributes (products_attributes_id, products_id, options_id, options_values_id, options_values_price, price_prefix) values ('2693', '1177', '1', '1', '2.5000', '+');
insert into products_attributes (products_attributes_id, products_id, options_id, options_values_id, options_values_price, price_prefix) values ('2481', '1138', '5', '71', '0.0000', '+');
insert into products_attributes (products_attributes_id, products_id, options_id, options_values_id, options_values_price, price_prefix) values ('2480', '1138', '3', '1', '1.5000', '+');
insert into products_attributes (products_attributes_id, products_id, options_id, options_values_id, options_values_price, price_prefix) values ('2479', '1138', '2', '2', '0.0000', '+');
insert into products_attributes (products_attributes_id, products_id, options_id, options_values_id, options_values_price, price_prefix) values ('2561', '1151', '1', '1', '2.5000', '+');
insert into products_attributes (products_attributes_id, products_id, options_id, options_values_id, options_values_price, price_prefix) values ('2560', '1150', '5', '82', '0.0000', '+');
insert into products_attributes (products_attributes_id, products_id, options_id, options_values_id, options_values_price, price_prefix) values ('2559', '1150', '5', '68', '0.0000', '+');
insert into products_attributes (products_attributes_id, products_id, options_id, options_values_id, options_values_price, price_prefix) values ('2321', '1108', '3', '1', '1.5000', '+');
insert into products_attributes (products_attributes_id, products_id, options_id, options_values_id, options_values_price, price_prefix) values ('2858', '1107', '6', '40', '0.0000', '+');
insert into products_attributes (products_attributes_id, products_id, options_id, options_values_id, options_values_price, price_prefix) values ('2857', '1107', '6', '39', '0.0000', '+');
insert into products_attributes (products_attributes_id, products_id, options_id, options_values_id, options_values_price, price_prefix) values ('2746', '1187', '1', '1', '2.5000', '+');
insert into products_attributes (products_attributes_id, products_id, options_id, options_values_id, options_values_price, price_prefix) values ('2745', '1186', '3', '1', '1.5000', '+');
insert into products_attributes (products_attributes_id, products_id, options_id, options_values_id, options_values_price, price_prefix) values ('2744', '1186', '2', '2', '0.0000', '+');
insert into products_attributes (products_attributes_id, products_id, options_id, options_values_id, options_values_price, price_prefix) values ('2743', '1186', '1', '1', '2.5000', '+');
insert into products_attributes (products_attributes_id, products_id, options_id, options_values_id, options_values_price, price_prefix) values ('2742', '1185', '5', '53', '0.0000', '+');
insert into products_attributes (products_attributes_id, products_id, options_id, options_values_id, options_values_price, price_prefix) values ('2741', '1185', '5', '54', '0.0000', '+');
insert into products_attributes (products_attributes_id, products_id, options_id, options_values_id, options_values_price, price_prefix) values ('2478', '1138', '1', '1', '2.5000', '+');
insert into products_attributes (products_attributes_id, products_id, options_id, options_values_id, options_values_price, price_prefix) values ('2477', '1137', '5', '69', '0.0000', '+');
insert into products_attributes (products_attributes_id, products_id, options_id, options_values_id, options_values_price, price_prefix) values ('2476', '1137', '5', '68', '0.0000', '+');
insert into products_attributes (products_attributes_id, products_id, options_id, options_values_id, options_values_price, price_prefix) values ('2558', '1150', '5', '78', '0.0000', '+');
insert into products_attributes (products_attributes_id, products_id, options_id, options_values_id, options_values_price, price_prefix) values ('2557', '1150', '3', '1', '1.5000', '+');
insert into products_attributes (products_attributes_id, products_id, options_id, options_values_id, options_values_price, price_prefix) values ('2556', '1150', '2', '2', '0.0000', '+');
insert into products_attributes (products_attributes_id, products_id, options_id, options_values_id, options_values_price, price_prefix) values ('2027', '1060', '5', '51', '0.0000', '+');
insert into products_attributes (products_attributes_id, products_id, options_id, options_values_id, options_values_price, price_prefix) values ('2026', '1060', '3', '1', '1.5000', '+');
insert into products_attributes (products_attributes_id, products_id, options_id, options_values_id, options_values_price, price_prefix) values ('2025', '1060', '2', '2', '0.0000', '+');
insert into products_attributes (products_attributes_id, products_id, options_id, options_values_id, options_values_price, price_prefix) values ('2856', '1107', '6', '43', '0.0000', '+');
insert into products_attributes (products_attributes_id, products_id, options_id, options_values_id, options_values_price, price_prefix) values ('2855', '1107', '4', '44', '0.0000', '+');
insert into products_attributes (products_attributes_id, products_id, options_id, options_values_id, options_values_price, price_prefix) values ('2854', '1107', '4', '5', '0.0000', '+');
insert into products_attributes (products_attributes_id, products_id, options_id, options_values_id, options_values_price, price_prefix) values ('3241', '1249', '4', '4', '0.0000', '+');
insert into products_attributes (products_attributes_id, products_id, options_id, options_values_id, options_values_price, price_prefix) values ('3240', '1249', '4', '6', '0.0000', '+');
insert into products_attributes (products_attributes_id, products_id, options_id, options_values_id, options_values_price, price_prefix) values ('3239', '1249', '3', '1', '1.5000', '+');
insert into products_attributes (products_attributes_id, products_id, options_id, options_values_id, options_values_price, price_prefix) values ('2475', '1137', '3', '1', '1.5000', '+');
insert into products_attributes (products_attributes_id, products_id, options_id, options_values_id, options_values_price, price_prefix) values ('2474', '1137', '2', '2', '0.0000', '+');
insert into products_attributes (products_attributes_id, products_id, options_id, options_values_id, options_values_price, price_prefix) values ('2473', '1137', '1', '1', '2.5000', '+');
insert into products_attributes (products_attributes_id, products_id, options_id, options_values_id, options_values_price, price_prefix) values ('2555', '1150', '1', '1', '2.5000', '+');
insert into products_attributes (products_attributes_id, products_id, options_id, options_values_id, options_values_price, price_prefix) values ('2554', '1149', '4', '6', '0.0000', '+');
insert into products_attributes (products_attributes_id, products_id, options_id, options_values_id, options_values_price, price_prefix) values ('2553', '1149', '5', '53', '0.0000', '+');
insert into products_attributes (products_attributes_id, products_id, options_id, options_values_id, options_values_price, price_prefix) values ('2024', '1060', '1', '1', '2.5000', '+');
insert into products_attributes (products_attributes_id, products_id, options_id, options_values_id, options_values_price, price_prefix) values ('2023', '1059', '3', '1', '1.5000', '+');
insert into products_attributes (products_attributes_id, products_id, options_id, options_values_id, options_values_price, price_prefix) values ('2022', '1059', '2', '2', '0.0000', '+');
insert into products_attributes (products_attributes_id, products_id, options_id, options_values_id, options_values_price, price_prefix) values ('3238', '1249', '2', '2', '0.0000', '+');
insert into products_attributes (products_attributes_id, products_id, options_id, options_values_id, options_values_price, price_prefix) values ('3237', '1249', '1', '1', '2.5000', '+');
insert into products_attributes (products_attributes_id, products_id, options_id, options_values_id, options_values_price, price_prefix) values ('3236', '1248', '4', '18', '0.0000', '+');
insert into products_attributes (products_attributes_id, products_id, options_id, options_values_id, options_values_price, price_prefix) values ('3328', '1274', '3', '1', '1.5000', '+');
insert into products_attributes (products_attributes_id, products_id, options_id, options_values_id, options_values_price, price_prefix) values ('3327', '1274', '2', '2', '0.0000', '+');
insert into products_attributes (products_attributes_id, products_id, options_id, options_values_id, options_values_price, price_prefix) values ('3326', '1274', '1', '1', '2.5000', '+');
insert into products_attributes (products_attributes_id, products_id, options_id, options_values_id, options_values_price, price_prefix) values ('3097', '1222', '3', '1', '1.5000', '+');
insert into products_attributes (products_attributes_id, products_id, options_id, options_values_id, options_values_price, price_prefix) values ('3096', '1222', '2', '2', '0.0000', '+');
insert into products_attributes (products_attributes_id, products_id, options_id, options_values_id, options_values_price, price_prefix) values ('3095', '1222', '1', '1', '2.5000', '+');
insert into products_attributes (products_attributes_id, products_id, options_id, options_values_id, options_values_price, price_prefix) values ('2800', '1197', '1', '1', '2.5000', '+');
insert into products_attributes (products_attributes_id, products_id, options_id, options_values_id, options_values_price, price_prefix) values ('2799', '1196', '4', '7', '0.0000', '+');
insert into products_attributes (products_attributes_id, products_id, options_id, options_values_id, options_values_price, price_prefix) values ('2798', '1152', '4', '6', '0.0000', '+');
insert into products_attributes (products_attributes_id, products_id, options_id, options_values_id, options_values_price, price_prefix) values ('2656', '1170', '4', '20', '0.0000', '+');
insert into products_attributes (products_attributes_id, products_id, options_id, options_values_id, options_values_price, price_prefix) values ('2655', '1170', '4', '6', '0.0000', '+');
insert into products_attributes (products_attributes_id, products_id, options_id, options_values_id, options_values_price, price_prefix) values ('2654', '1170', '4', '18', '0.0000', '+');
insert into products_attributes (products_attributes_id, products_id, options_id, options_values_id, options_values_price, price_prefix) values ('2439', '1129', '4', '5', '0.0000', '+');
insert into products_attributes (products_attributes_id, products_id, options_id, options_values_id, options_values_price, price_prefix) values ('2438', '1129', '3', '1', '1.5000', '+');
insert into products_attributes (products_attributes_id, products_id, options_id, options_values_id, options_values_price, price_prefix) values ('2437', '1129', '2', '2', '0.0000', '+');
insert into products_attributes (products_attributes_id, products_id, options_id, options_values_id, options_values_price, price_prefix) values ('3094', '1221', '6', '83', '0.0000', '+');
insert into products_attributes (products_attributes_id, products_id, options_id, options_values_id, options_values_price, price_prefix) values ('3093', '1221', '6', '43', '0.0000', '+');
insert into products_attributes (products_attributes_id, products_id, options_id, options_values_id, options_values_price, price_prefix) values ('3092', '1221', '6', '42', '0.0000', '+');
insert into products_attributes (products_attributes_id, products_id, options_id, options_values_id, options_values_price, price_prefix) values ('2653', '1170', '3', '1', '1.5000', '+');
insert into products_attributes (products_attributes_id, products_id, options_id, options_values_id, options_values_price, price_prefix) values ('2652', '1170', '2', '2', '0.0000', '+');
insert into products_attributes (products_attributes_id, products_id, options_id, options_values_id, options_values_price, price_prefix) values ('2651', '1170', '1', '1', '2.5000', '+');
insert into products_attributes (products_attributes_id, products_id, options_id, options_values_id, options_values_price, price_prefix) values ('2436', '1129', '1', '1', '2.5000', '+');
insert into products_attributes (products_attributes_id, products_id, options_id, options_values_id, options_values_price, price_prefix) values ('2435', '1128', '5', '65', '0.0000', '+');
insert into products_attributes (products_attributes_id, products_id, options_id, options_values_id, options_values_price, price_prefix) values ('2434', '1128', '5', '54', '0.0000', '+');
insert into products_attributes (products_attributes_id, products_id, options_id, options_values_id, options_values_price, price_prefix) values ('3091', '1221', '6', '41', '0.0000', '+');
insert into products_attributes (products_attributes_id, products_id, options_id, options_values_id, options_values_price, price_prefix) values ('3090', '1221', '6', '40', '0.0000', '+');
insert into products_attributes (products_attributes_id, products_id, options_id, options_values_id, options_values_price, price_prefix) values ('3089', '1221', '6', '39', '0.0000', '+');
insert into products_attributes (products_attributes_id, products_id, options_id, options_values_id, options_values_price, price_prefix) values ('2797', '1196', '4', '4', '0.0000', '+');
insert into products_attributes (products_attributes_id, products_id, options_id, options_values_id, options_values_price, price_prefix) values ('2796', '1196', '4', '6', '0.0000', '+');
insert into products_attributes (products_attributes_id, products_id, options_id, options_values_id, options_values_price, price_prefix) values ('2795', '1196', '3', '1', '1.5000', '+');
insert into products_attributes (products_attributes_id, products_id, options_id, options_values_id, options_values_price, price_prefix) values ('2650', '1169', '3', '1', '1.5000', '+');
insert into products_attributes (products_attributes_id, products_id, options_id, options_values_id, options_values_price, price_prefix) values ('2649', '1169', '2', '2', '0.0000', '+');
insert into products_attributes (products_attributes_id, products_id, options_id, options_values_id, options_values_price, price_prefix) values ('2648', '1169', '1', '1', '2.5000', '+');
insert into products_attributes (products_attributes_id, products_id, options_id, options_values_id, options_values_price, price_prefix) values ('2433', '1128', '4', '13', '0.0000', '+');
insert into products_attributes (products_attributes_id, products_id, options_id, options_values_id, options_values_price, price_prefix) values ('2432', '1128', '4', '6', '0.0000', '+');
insert into products_attributes (products_attributes_id, products_id, options_id, options_values_id, options_values_price, price_prefix) values ('2431', '1128', '3', '1', '1.5000', '+');
insert into products_attributes (products_attributes_id, products_id, options_id, options_values_id, options_values_price, price_prefix) values ('3325', '1273', '3', '1', '1.5000', '+');
insert into products_attributes (products_attributes_id, products_id, options_id, options_values_id, options_values_price, price_prefix) values ('3324', '1273', '2', '2', '0.0000', '+');
insert into products_attributes (products_attributes_id, products_id, options_id, options_values_id, options_values_price, price_prefix) values ('3323', '1273', '1', '1', '2.5000', '+');
insert into products_attributes (products_attributes_id, products_id, options_id, options_values_id, options_values_price, price_prefix) values ('3088', '1221', '3', '1', '1.5000', '+');
insert into products_attributes (products_attributes_id, products_id, options_id, options_values_id, options_values_price, price_prefix) values ('3087', '1221', '2', '2', '0.0000', '+');
insert into products_attributes (products_attributes_id, products_id, options_id, options_values_id, options_values_price, price_prefix) values ('3086', '1221', '1', '1', '2.5000', '+');
insert into products_attributes (products_attributes_id, products_id, options_id, options_values_id, options_values_price, price_prefix) values ('2647', '1168', '3', '1', '1.5000', '+');
insert into products_attributes (products_attributes_id, products_id, options_id, options_values_id, options_values_price, price_prefix) values ('2646', '1168', '2', '2', '0.0000', '+');
insert into products_attributes (products_attributes_id, products_id, options_id, options_values_id, options_values_price, price_prefix) values ('2645', '1168', '1', '1', '2.5000', '+');
insert into products_attributes (products_attributes_id, products_id, options_id, options_values_id, options_values_price, price_prefix) values ('2644', '1167', '3', '1', '1.5000', '+');
insert into products_attributes (products_attributes_id, products_id, options_id, options_values_id, options_values_price, price_prefix) values ('2643', '1167', '2', '2', '0.0000', '+');
insert into products_attributes (products_attributes_id, products_id, options_id, options_values_id, options_values_price, price_prefix) values ('2642', '1167', '1', '1', '2.5000', '+');
insert into products_attributes (products_attributes_id, products_id, options_id, options_values_id, options_values_price, price_prefix) values ('2641', '1166', '3', '1', '1.5000', '+');
insert into products_attributes (products_attributes_id, products_id, options_id, options_values_id, options_values_price, price_prefix) values ('2640', '1166', '2', '2', '0.0000', '+');
insert into products_attributes (products_attributes_id, products_id, options_id, options_values_id, options_values_price, price_prefix) values ('2639', '1166', '1', '1', '2.5000', '+');
insert into products_attributes (products_attributes_id, products_id, options_id, options_values_id, options_values_price, price_prefix) values ('2430', '1128', '2', '2', '0.0000', '+');
insert into products_attributes (products_attributes_id, products_id, options_id, options_values_id, options_values_price, price_prefix) values ('2429', '1128', '1', '1', '2.5000', '+');
insert into products_attributes (products_attributes_id, products_id, options_id, options_values_id, options_values_price, price_prefix) values ('2428', '1127', '3', '1', '1.5000', '+');
insert into products_attributes (products_attributes_id, products_id, options_id, options_values_id, options_values_price, price_prefix) values ('3076', '1220', '2', '2', '0.0000', '+');
insert into products_attributes (products_attributes_id, products_id, options_id, options_values_id, options_values_price, price_prefix) values ('3075', '1220', '1', '1', '2.5000', '+');
insert into products_attributes (products_attributes_id, products_id, options_id, options_values_id, options_values_price, price_prefix) values ('3074', '1219', '6', '83', '0.0000', '+');
insert into products_attributes (products_attributes_id, products_id, options_id, options_values_id, options_values_price, price_prefix) values ('3073', '1219', '6', '42', '0.0000', '+');
insert into products_attributes (products_attributes_id, products_id, options_id, options_values_id, options_values_price, price_prefix) values ('3072', '1219', '6', '41', '0.0000', '+');
insert into products_attributes (products_attributes_id, products_id, options_id, options_values_id, options_values_price, price_prefix) values ('3071', '1219', '6', '40', '0.0000', '+');
insert into products_attributes (products_attributes_id, products_id, options_id, options_values_id, options_values_price, price_prefix) values ('2782', '1194', '2', '2', '0.0000', '+');
insert into products_attributes (products_attributes_id, products_id, options_id, options_values_id, options_values_price, price_prefix) values ('2781', '1194', '1', '1', '2.5000', '+');
insert into products_attributes (products_attributes_id, products_id, options_id, options_values_id, options_values_price, price_prefix) values ('2780', '1193', '4', '6', '0.0000', '+');
insert into products_attributes (products_attributes_id, products_id, options_id, options_values_id, options_values_price, price_prefix) values ('3271', '1258', '3', '1', '1.5000', '+');
insert into products_attributes (products_attributes_id, products_id, options_id, options_values_id, options_values_price, price_prefix) values ('3270', '1258', '2', '2', '0.0000', '+');
insert into products_attributes (products_attributes_id, products_id, options_id, options_values_id, options_values_price, price_prefix) values ('3269', '1258', '1', '1', '2.5000', '+');
insert into products_attributes (products_attributes_id, products_id, options_id, options_values_id, options_values_price, price_prefix) values ('2902', '1205', '6', '83', '0.0000', '+');
insert into products_attributes (products_attributes_id, products_id, options_id, options_values_id, options_values_price, price_prefix) values ('2901', '1205', '4', '6', '0.0000', '+');
insert into products_attributes (products_attributes_id, products_id, options_id, options_values_id, options_values_price, price_prefix) values ('2900', '1205', '4', '15', '0.0000', '+');
insert into products_attributes (products_attributes_id, products_id, options_id, options_values_id, options_values_price, price_prefix) values ('3424', '1298', '3', '1', '1.5000', '+');
insert into products_attributes (products_attributes_id, products_id, options_id, options_values_id, options_values_price, price_prefix) values ('3423', '1298', '2', '2', '0.0000', '+');
insert into products_attributes (products_attributes_id, products_id, options_id, options_values_id, options_values_price, price_prefix) values ('3422', '1298', '1', '1', '2.5000', '+');
insert into products_attributes (products_attributes_id, products_id, options_id, options_values_id, options_values_price, price_prefix) values ('3235', '1248', '4', '6', '0.0000', '+');
insert into products_attributes (products_attributes_id, products_id, options_id, options_values_id, options_values_price, price_prefix) values ('3234', '1248', '3', '1', '1.5000', '+');
insert into products_attributes (products_attributes_id, products_id, options_id, options_values_id, options_values_price, price_prefix) values ('3233', '1248', '2', '2', '0.0000', '+');
insert into products_attributes (products_attributes_id, products_id, options_id, options_values_id, options_values_price, price_prefix) values ('2692', '1176', '5', '54', '0.0000', '+');
insert into products_attributes (products_attributes_id, products_id, options_id, options_values_id, options_values_price, price_prefix) values ('2691', '1176', '5', '47', '0.0000', '+');
insert into products_attributes (products_attributes_id, products_id, options_id, options_values_id, options_values_price, price_prefix) values ('2690', '1176', '5', '53', '0.0000', '+');
insert into products_attributes (products_attributes_id, products_id, options_id, options_values_id, options_values_price, price_prefix) values ('3232', '1248', '1', '1', '2.5000', '+');
insert into products_attributes (products_attributes_id, products_id, options_id, options_values_id, options_values_price, price_prefix) values ('3231', '1247', '4', '6', '0.0000', '+');
insert into products_attributes (products_attributes_id, products_id, options_id, options_values_id, options_values_price, price_prefix) values ('3230', '1247', '4', '18', '0.0000', '+');
insert into products_attributes (products_attributes_id, products_id, options_id, options_values_id, options_values_price, price_prefix) values ('3421', '1297', '4', '15', '0.0000', '+');
insert into products_attributes (products_attributes_id, products_id, options_id, options_values_id, options_values_price, price_prefix) values ('3420', '1297', '4', '13', '0.0000', '+');
insert into products_attributes (products_attributes_id, products_id, options_id, options_values_id, options_values_price, price_prefix) values ('3419', '1297', '4', '4', '0.0000', '+');
insert into products_attributes (products_attributes_id, products_id, options_id, options_values_id, options_values_price, price_prefix) values ('2899', '1205', '3', '1', '1.5000', '+');
insert into products_attributes (products_attributes_id, products_id, options_id, options_values_id, options_values_price, price_prefix) values ('2898', '1205', '2', '2', '0.0000', '+');
insert into products_attributes (products_attributes_id, products_id, options_id, options_values_id, options_values_price, price_prefix) values ('2897', '1205', '1', '1', '2.5000', '+');
insert into products_attributes (products_attributes_id, products_id, options_id, options_values_id, options_values_price, price_prefix) values ('3418', '1297', '3', '1', '1.5000', '+');
insert into products_attributes (products_attributes_id, products_id, options_id, options_values_id, options_values_price, price_prefix) values ('3417', '1297', '2', '2', '0.0000', '+');
insert into products_attributes (products_attributes_id, products_id, options_id, options_values_id, options_values_price, price_prefix) values ('3416', '1297', '1', '1', '2.5000', '+');
insert into products_attributes (products_attributes_id, products_id, options_id, options_values_id, options_values_price, price_prefix) values ('3229', '1247', '3', '1', '1.5000', '+');
insert into products_attributes (products_attributes_id, products_id, options_id, options_values_id, options_values_price, price_prefix) values ('3228', '1247', '2', '2', '0.0000', '+');
insert into products_attributes (products_attributes_id, products_id, options_id, options_values_id, options_values_price, price_prefix) values ('3227', '1247', '1', '1', '2.5000', '+');
insert into products_attributes (products_attributes_id, products_id, options_id, options_values_id, options_values_price, price_prefix) values ('2896', '1204', '6', '83', '0.0000', '+');
insert into products_attributes (products_attributes_id, products_id, options_id, options_values_id, options_values_price, price_prefix) values ('2895', '1204', '6', '43', '0.0000', '+');
insert into products_attributes (products_attributes_id, products_id, options_id, options_values_id, options_values_price, price_prefix) values ('2894', '1204', '6', '42', '0.0000', '+');
insert into products_attributes (products_attributes_id, products_id, options_id, options_values_id, options_values_price, price_prefix) values ('3415', '1296', '4', '15', '0.0000', '+');
insert into products_attributes (products_attributes_id, products_id, options_id, options_values_id, options_values_price, price_prefix) values ('3414', '1296', '4', '4', '0.0000', '+');
insert into products_attributes (products_attributes_id, products_id, options_id, options_values_id, options_values_price, price_prefix) values ('3413', '1296', '4', '18', '0.0000', '+');
insert into products_attributes (products_attributes_id, products_id, options_id, options_values_id, options_values_price, price_prefix) values ('3226', '1246', '4', '6', '0.0000', '+');
insert into products_attributes (products_attributes_id, products_id, options_id, options_values_id, options_values_price, price_prefix) values ('3225', '1246', '4', '13', '0.0000', '+');
insert into products_attributes (products_attributes_id, products_id, options_id, options_values_id, options_values_price, price_prefix) values ('3224', '1246', '3', '1', '1.5000', '+');
insert into products_attributes (products_attributes_id, products_id, options_id, options_values_id, options_values_price, price_prefix) values ('2893', '1204', '6', '41', '0.0000', '+');
insert into products_attributes (products_attributes_id, products_id, options_id, options_values_id, options_values_price, price_prefix) values ('2892', '1204', '6', '40', '0.0000', '+');
insert into products_attributes (products_attributes_id, products_id, options_id, options_values_id, options_values_price, price_prefix) values ('2891', '1204', '6', '39', '0.0000', '+');
insert into products_attributes (products_attributes_id, products_id, options_id, options_values_id, options_values_price, price_prefix) values ('3412', '1296', '3', '1', '1.5000', '+');
insert into products_attributes (products_attributes_id, products_id, options_id, options_values_id, options_values_price, price_prefix) values ('3411', '1296', '2', '2', '0.0000', '+');
insert into products_attributes (products_attributes_id, products_id, options_id, options_values_id, options_values_price, price_prefix) values ('3410', '1296', '1', '1', '2.5000', '+');
insert into products_attributes (products_attributes_id, products_id, options_id, options_values_id, options_values_price, price_prefix) values ('3223', '1246', '2', '2', '0.0000', '+');
insert into products_attributes (products_attributes_id, products_id, options_id, options_values_id, options_values_price, price_prefix) values ('3222', '1246', '1', '1', '2.5000', '+');
insert into products_attributes (products_attributes_id, products_id, options_id, options_values_id, options_values_price, price_prefix) values ('3221', '1245', '4', '4', '0.0000', '+');
insert into products_attributes (products_attributes_id, products_id, options_id, options_values_id, options_values_price, price_prefix) values ('2890', '1204', '4', '4', '0.0000', '+');
insert into products_attributes (products_attributes_id, products_id, options_id, options_values_id, options_values_price, price_prefix) values ('2889', '1204', '4', '6', '0.0000', '+');
insert into products_attributes (products_attributes_id, products_id, options_id, options_values_id, options_values_price, price_prefix) values ('2888', '1204', '3', '1', '1.5000', '+');
insert into products_attributes (products_attributes_id, products_id, options_id, options_values_id, options_values_price, price_prefix) values ('2472', '1136', '4', '4', '0.0000', '+');
insert into products_attributes (products_attributes_id, products_id, options_id, options_values_id, options_values_price, price_prefix) values ('2471', '1136', '4', '6', '0.0000', '+');
insert into products_attributes (products_attributes_id, products_id, options_id, options_values_id, options_values_price, price_prefix) values ('2470', '1136', '3', '1', '1.5000', '+');
insert into products_attributes (products_attributes_id, products_id, options_id, options_values_id, options_values_price, price_prefix) values ('2689', '1176', '3', '1', '1.5000', '+');
insert into products_attributes (products_attributes_id, products_id, options_id, options_values_id, options_values_price, price_prefix) values ('2688', '1176', '2', '2', '0.0000', '+');
insert into products_attributes (products_attributes_id, products_id, options_id, options_values_id, options_values_price, price_prefix) values ('2687', '1176', '1', '1', '2.5000', '+');
insert into products_attributes (products_attributes_id, products_id, options_id, options_values_id, options_values_price, price_prefix) values ('2686', '1175', '4', '67', '0.0000', '+');
insert into products_attributes (products_attributes_id, products_id, options_id, options_values_id, options_values_price, price_prefix) values ('2685', '1175', '4', '46', '0.0000', '+');
insert into products_attributes (products_attributes_id, products_id, options_id, options_values_id, options_values_price, price_prefix) values ('2684', '1175', '4', '4', '0.0000', '+');
insert into products_attributes (products_attributes_id, products_id, options_id, options_values_id, options_values_price, price_prefix) values ('2469', '1136', '2', '2', '0.0000', '+');
insert into products_attributes (products_attributes_id, products_id, options_id, options_values_id, options_values_price, price_prefix) values ('2468', '1136', '1', '1', '2.5000', '+');
insert into products_attributes (products_attributes_id, products_id, options_id, options_values_id, options_values_price, price_prefix) values ('2467', '1135', '4', '57', '0.0000', '+');
insert into products_attributes (products_attributes_id, products_id, options_id, options_values_id, options_values_price, price_prefix) values ('2683', '1175', '3', '1', '1.5000', '+');
insert into products_attributes (products_attributes_id, products_id, options_id, options_values_id, options_values_price, price_prefix) values ('2682', '1175', '2', '2', '0.0000', '+');
insert into products_attributes (products_attributes_id, products_id, options_id, options_values_id, options_values_price, price_prefix) values ('2681', '1175', '1', '1', '2.5000', '+');
insert into products_attributes (products_attributes_id, products_id, options_id, options_values_id, options_values_price, price_prefix) values ('2466', '1135', '4', '13', '0.0000', '+');
insert into products_attributes (products_attributes_id, products_id, options_id, options_values_id, options_values_price, price_prefix) values ('2465', '1135', '3', '1', '1.5000', '+');
insert into products_attributes (products_attributes_id, products_id, options_id, options_values_id, options_values_price, price_prefix) values ('2464', '1135', '2', '2', '0.0000', '+');
insert into products_attributes (products_attributes_id, products_id, options_id, options_values_id, options_values_price, price_prefix) values ('2021', '1059', '1', '1', '2.5000', '+');
insert into products_attributes (products_attributes_id, products_id, options_id, options_values_id, options_values_price, price_prefix) values ('2020', '1058', '4', '44', '0.0000', '+');
insert into products_attributes (products_attributes_id, products_id, options_id, options_values_id, options_values_price, price_prefix) values ('2019', '1058', '4', '46', '0.0000', '+');
insert into products_attributes (products_attributes_id, products_id, options_id, options_values_id, options_values_price, price_prefix) values ('2379', '1115', '1', '1', '2.5000', '+');
insert into products_attributes (products_attributes_id, products_id, options_id, options_values_id, options_values_price, price_prefix) values ('2378', '1114', '4', '61', '0.0000', '+');
insert into products_attributes (products_attributes_id, products_id, options_id, options_values_id, options_values_price, price_prefix) values ('2377', '1114', '4', '4', '0.0000', '+');
insert into products_attributes (products_attributes_id, products_id, options_id, options_values_id, options_values_price, price_prefix) values ('2552', '1149', '5', '65', '0.0000', '+');
insert into products_attributes (products_attributes_id, products_id, options_id, options_values_id, options_values_price, price_prefix) values ('2551', '1149', '5', '78', '0.0000', '+');
insert into products_attributes (products_attributes_id, products_id, options_id, options_values_id, options_values_price, price_prefix) values ('2550', '1149', '4', '44', '0.0000', '+');
insert into products_attributes (products_attributes_id, products_id, options_id, options_values_id, options_values_price, price_prefix) values ('2853', '1107', '3', '1', '1.5000', '+');
insert into products_attributes (products_attributes_id, products_id, options_id, options_values_id, options_values_price, price_prefix) values ('2860', '1107', '6', '42', '0.0000', '+');
insert into products_attributes (products_attributes_id, products_id, options_id, options_values_id, options_values_price, price_prefix) values ('2861', '1107', '6', '83', '0.0000', '+');
insert into products_attributes (products_attributes_id, products_id, options_id, options_values_id, options_values_price, price_prefix) values ('3409', '1295', '4', '5', '0.0000', '+');
insert into products_attributes (products_attributes_id, products_id, options_id, options_values_id, options_values_price, price_prefix) values ('3408', '1295', '4', '4', '0.0000', '+');
insert into products_attributes (products_attributes_id, products_id, options_id, options_values_id, options_values_price, price_prefix) values ('3407', '1295', '3', '1', '1.5000', '+');
insert into products_attributes (products_attributes_id, products_id, options_id, options_values_id, options_values_price, price_prefix) values ('3220', '1245', '4', '6', '0.0000', '+');
insert into products_attributes (products_attributes_id, products_id, options_id, options_values_id, options_values_price, price_prefix) values ('3219', '1245', '3', '1', '1.5000', '+');
insert into products_attributes (products_attributes_id, products_id, options_id, options_values_id, options_values_price, price_prefix) values ('3218', '1245', '2', '2', '0.0000', '+');
insert into products_attributes (products_attributes_id, products_id, options_id, options_values_id, options_values_price, price_prefix) values ('2680', '1174', '4', '44', '0.0000', '+');
insert into products_attributes (products_attributes_id, products_id, options_id, options_values_id, options_values_price, price_prefix) values ('2679', '1174', '4', '15', '0.0000', '+');
insert into products_attributes (products_attributes_id, products_id, options_id, options_values_id, options_values_price, price_prefix) values ('2678', '1174', '4', '5', '0.0000', '+');
insert into products_attributes (products_attributes_id, products_id, options_id, options_values_id, options_values_price, price_prefix) values ('2018', '1058', '3', '1', '1.5000', '+');
insert into products_attributes (products_attributes_id, products_id, options_id, options_values_id, options_values_price, price_prefix) values ('2017', '1058', '2', '2', '0.0000', '+');
insert into products_attributes (products_attributes_id, products_id, options_id, options_values_id, options_values_price, price_prefix) values ('2016', '1058', '1', '1', '2.5000', '+');
insert into products_attributes (products_attributes_id, products_id, options_id, options_values_id, options_values_price, price_prefix) values ('2376', '1114', '4', '14', '0.0000', '+');
insert into products_attributes (products_attributes_id, products_id, options_id, options_values_id, options_values_price, price_prefix) values ('2375', '1114', '4', '13', '0.0000', '+');
insert into products_attributes (products_attributes_id, products_id, options_id, options_values_id, options_values_price, price_prefix) values ('2374', '1114', '3', '1', '1.5000', '+');
insert into products_attributes (products_attributes_id, products_id, options_id, options_values_id, options_values_price, price_prefix) values ('2549', '1149', '4', '61', '0.0000', '+');
insert into products_attributes (products_attributes_id, products_id, options_id, options_values_id, options_values_price, price_prefix) values ('2548', '1149', '3', '1', '1.5000', '+');
insert into products_attributes (products_attributes_id, products_id, options_id, options_values_id, options_values_price, price_prefix) values ('2547', '1149', '2', '2', '0.0000', '+');
insert into products_attributes (products_attributes_id, products_id, options_id, options_values_id, options_values_price, price_prefix) values ('2859', '1107', '6', '41', '0.0000', '+');
insert into products_attributes (products_attributes_id, products_id, options_id, options_values_id, options_values_price, price_prefix) values ('2852', '1107', '2', '2', '0.0000', '+');
insert into products_attributes (products_attributes_id, products_id, options_id, options_values_id, options_values_price, price_prefix) values ('2851', '1107', '1', '1', '2.5000', '+');
insert into products_attributes (products_attributes_id, products_id, options_id, options_values_id, options_values_price, price_prefix) values ('3406', '1295', '2', '2', '0.0000', '+');
insert into products_attributes (products_attributes_id, products_id, options_id, options_values_id, options_values_price, price_prefix) values ('3405', '1295', '1', '1', '2.5000', '+');
insert into products_attributes (products_attributes_id, products_id, options_id, options_values_id, options_values_price, price_prefix) values ('3404', '1294', '4', '46', '0.0000', '+');
insert into products_attributes (products_attributes_id, products_id, options_id, options_values_id, options_values_price, price_prefix) values ('3217', '1245', '1', '1', '2.5000', '+');
insert into products_attributes (products_attributes_id, products_id, options_id, options_values_id, options_values_price, price_prefix) values ('3216', '1244', '4', '67', '0.0000', '+');
insert into products_attributes (products_attributes_id, products_id, options_id, options_values_id, options_values_price, price_prefix) values ('3215', '1244', '4', '84', '0.0000', '+');
insert into products_attributes (products_attributes_id, products_id, options_id, options_values_id, options_values_price, price_prefix) values ('2015', '1057', '5', '50', '0.0000', '+');
insert into products_attributes (products_attributes_id, products_id, options_id, options_values_id, options_values_price, price_prefix) values ('2014', '1057', '5', '49', '0.0000', '+');
insert into products_attributes (products_attributes_id, products_id, options_id, options_values_id, options_values_price, price_prefix) values ('2013', '1057', '4', '44', '0.0000', '+');
insert into products_attributes (products_attributes_id, products_id, options_id, options_values_id, options_values_price, price_prefix) values ('2546', '1149', '1', '1', '2.5000', '+');
insert into products_attributes (products_attributes_id, products_id, options_id, options_values_id, options_values_price, price_prefix) values ('2545', '1148', '5', '53', '0.0000', '+');
insert into products_attributes (products_attributes_id, products_id, options_id, options_values_id, options_values_price, price_prefix) values ('2544', '1148', '5', '62', '0.0000', '+');
insert into products_attributes (products_attributes_id, products_id, options_id, options_values_id, options_values_price, price_prefix) values ('3214', '1244', '3', '1', '1.5000', '+');
insert into products_attributes (products_attributes_id, products_id, options_id, options_values_id, options_values_price, price_prefix) values ('3213', '1244', '2', '2', '0.0000', '+');
insert into products_attributes (products_attributes_id, products_id, options_id, options_values_id, options_values_price, price_prefix) values ('3212', '1244', '1', '1', '2.5000', '+');
insert into products_attributes (products_attributes_id, products_id, options_id, options_values_id, options_values_price, price_prefix) values ('2677', '1174', '3', '1', '1.5000', '+');
insert into products_attributes (products_attributes_id, products_id, options_id, options_values_id, options_values_price, price_prefix) values ('2676', '1174', '2', '2', '0.0000', '+');
insert into products_attributes (products_attributes_id, products_id, options_id, options_values_id, options_values_price, price_prefix) values ('2675', '1174', '1', '1', '2.5000', '+');
insert into products_attributes (products_attributes_id, products_id, options_id, options_values_id, options_values_price, price_prefix) values ('1988', '1050', '3', '1', '1.5000', '+');
insert into products_attributes (products_attributes_id, products_id, options_id, options_values_id, options_values_price, price_prefix) values ('1987', '1050', '2', '2', '0.0000', '+');
insert into products_attributes (products_attributes_id, products_id, options_id, options_values_id, options_values_price, price_prefix) values ('1986', '1050', '1', '1', '2.5000', '+');
insert into products_attributes (products_attributes_id, products_id, options_id, options_values_id, options_values_price, price_prefix) values ('1985', '1049', '5', '47', '0.0000', '+');
insert into products_attributes (products_attributes_id, products_id, options_id, options_values_id, options_values_price, price_prefix) values ('1984', '1049', '5', '48', '0.0000', '+');
insert into products_attributes (products_attributes_id, products_id, options_id, options_values_id, options_values_price, price_prefix) values ('1983', '1049', '3', '1', '1.5000', '+');
insert into products_attributes (products_attributes_id, products_id, options_id, options_values_id, options_values_price, price_prefix) values ('2095', '1072', '4', '4', '0.0000', '+');
insert into products_attributes (products_attributes_id, products_id, options_id, options_values_id, options_values_price, price_prefix) values ('2094', '1072', '3', '1', '1.5000', '+');
insert into products_attributes (products_attributes_id, products_id, options_id, options_values_id, options_values_price, price_prefix) values ('2093', '1072', '2', '2', '0.0000', '+');
insert into products_attributes (products_attributes_id, products_id, options_id, options_values_id, options_values_price, price_prefix) values ('2092', '1072', '1', '1', '2.5000', '+');
insert into products_attributes (products_attributes_id, products_id, options_id, options_values_id, options_values_price, price_prefix) values ('2091', '1071', '3', '1', '1.5000', '+');
insert into products_attributes (products_attributes_id, products_id, options_id, options_values_id, options_values_price, price_prefix) values ('2090', '1071', '2', '2', '0.0000', '+');
insert into products_attributes (products_attributes_id, products_id, options_id, options_values_id, options_values_price, price_prefix) values ('2156', '1082', '4', '46', '0.0000', '+');
insert into products_attributes (products_attributes_id, products_id, options_id, options_values_id, options_values_price, price_prefix) values ('2155', '1082', '3', '1', '1.5000', '+');
insert into products_attributes (products_attributes_id, products_id, options_id, options_values_id, options_values_price, price_prefix) values ('2154', '1082', '2', '2', '0.0000', '+');
insert into products_attributes (products_attributes_id, products_id, options_id, options_values_id, options_values_price, price_prefix) values ('2153', '1082', '1', '1', '2.5000', '+');
insert into products_attributes (products_attributes_id, products_id, options_id, options_values_id, options_values_price, price_prefix) values ('2152', '1081', '4', '13', '0.0000', '+');
insert into products_attributes (products_attributes_id, products_id, options_id, options_values_id, options_values_price, price_prefix) values ('2151', '1081', '4', '5', '0.0000', '+');
insert into products_attributes (products_attributes_id, products_id, options_id, options_values_id, options_values_price, price_prefix) values ('2196', '1089', '4', '6', '0.0000', '+');
insert into products_attributes (products_attributes_id, products_id, options_id, options_values_id, options_values_price, price_prefix) values ('2195', '1089', '4', '15', '0.0000', '+');
insert into products_attributes (products_attributes_id, products_id, options_id, options_values_id, options_values_price, price_prefix) values ('2194', '1089', '3', '1', '1.5000', '+');
insert into products_attributes (products_attributes_id, products_id, options_id, options_values_id, options_values_price, price_prefix) values ('2193', '1089', '2', '2', '0.0000', '+');
insert into products_attributes (products_attributes_id, products_id, options_id, options_values_id, options_values_price, price_prefix) values ('2192', '1089', '1', '1', '2.5000', '+');
insert into products_attributes (products_attributes_id, products_id, options_id, options_values_id, options_values_price, price_prefix) values ('2191', '1088', '4', '5', '0.0000', '+');
insert into products_attributes (products_attributes_id, products_id, options_id, options_values_id, options_values_price, price_prefix) values ('1982', '1049', '2', '2', '0.0000', '+');
insert into products_attributes (products_attributes_id, products_id, options_id, options_values_id, options_values_price, price_prefix) values ('1981', '1049', '1', '1', '2.5000', '+');
insert into products_attributes (products_attributes_id, products_id, options_id, options_values_id, options_values_price, price_prefix) values ('1980', '1048', '4', '46', '0.0000', '+');
insert into products_attributes (products_attributes_id, products_id, options_id, options_values_id, options_values_price, price_prefix) values ('1979', '1048', '4', '44', '0.0000', '+');
insert into products_attributes (products_attributes_id, products_id, options_id, options_values_id, options_values_price, price_prefix) values ('1978', '1048', '3', '1', '1.5000', '+');
insert into products_attributes (products_attributes_id, products_id, options_id, options_values_id, options_values_price, price_prefix) values ('1977', '1048', '2', '2', '0.0000', '+');
insert into products_attributes (products_attributes_id, products_id, options_id, options_values_id, options_values_price, price_prefix) values ('2397', '1119', '3', '1', '1.5000', '+');
insert into products_attributes (products_attributes_id, products_id, options_id, options_values_id, options_values_price, price_prefix) values ('2396', '1119', '2', '2', '0.0000', '+');
insert into products_attributes (products_attributes_id, products_id, options_id, options_values_id, options_values_price, price_prefix) values ('2395', '1119', '1', '1', '2.5000', '+');
insert into products_attributes (products_attributes_id, products_id, options_id, options_values_id, options_values_price, price_prefix) values ('2394', '1118', '5', '62', '0.0000', '+');
insert into products_attributes (products_attributes_id, products_id, options_id, options_values_id, options_values_price, price_prefix) values ('2393', '1118', '5', '63', '0.0000', '+');
insert into products_attributes (products_attributes_id, products_id, options_id, options_values_id, options_values_price, price_prefix) values ('2392', '1118', '3', '1', '1.5000', '+');
insert into products_attributes (products_attributes_id, products_id, options_id, options_values_id, options_values_price, price_prefix) values ('2111', '1075', '4', '6', '0.0000', '+');
insert into products_attributes (products_attributes_id, products_id, options_id, options_values_id, options_values_price, price_prefix) values ('2110', '1075', '3', '1', '1.5000', '+');
insert into products_attributes (products_attributes_id, products_id, options_id, options_values_id, options_values_price, price_prefix) values ('2109', '1075', '2', '2', '0.0000', '+');
insert into products_attributes (products_attributes_id, products_id, options_id, options_values_id, options_values_price, price_prefix) values ('2108', '1075', '1', '1', '2.5000', '+');
insert into products_attributes (products_attributes_id, products_id, options_id, options_values_id, options_values_price, price_prefix) values ('2107', '1074', '4', '6', '0.0000', '+');
insert into products_attributes (products_attributes_id, products_id, options_id, options_values_id, options_values_price, price_prefix) values ('2106', '1074', '4', '13', '0.0000', '+');
insert into products_attributes (products_attributes_id, products_id, options_id, options_values_id, options_values_price, price_prefix) values ('2089', '1071', '1', '1', '2.5000', '+');
insert into products_attributes (products_attributes_id, products_id, options_id, options_values_id, options_values_price, price_prefix) values ('2088', '1070', '4', '18', '0.0000', '+');
insert into products_attributes (products_attributes_id, products_id, options_id, options_values_id, options_values_price, price_prefix) values ('2087', '1070', '4', '16', '0.0000', '+');
insert into products_attributes (products_attributes_id, products_id, options_id, options_values_id, options_values_price, price_prefix) values ('2086', '1070', '3', '1', '1.5000', '+');
insert into products_attributes (products_attributes_id, products_id, options_id, options_values_id, options_values_price, price_prefix) values ('2085', '1070', '2', '2', '0.0000', '+');
insert into products_attributes (products_attributes_id, products_id, options_id, options_values_id, options_values_price, price_prefix) values ('2084', '1070', '1', '1', '2.5000', '+');
insert into products_attributes (products_attributes_id, products_id, options_id, options_values_id, options_values_price, price_prefix) values ('2260', '1101', '1', '1', '2.5000', '+');
insert into products_attributes (products_attributes_id, products_id, options_id, options_values_id, options_values_price, price_prefix) values ('2259', '1100', '4', '19', '0.0000', '+');
insert into products_attributes (products_attributes_id, products_id, options_id, options_values_id, options_values_price, price_prefix) values ('2258', '1100', '4', '15', '0.0000', '+');
insert into products_attributes (products_attributes_id, products_id, options_id, options_values_id, options_values_price, price_prefix) values ('2818', '1200', '3', '1', '1.5000', '+');
insert into products_attributes (products_attributes_id, products_id, options_id, options_values_id, options_values_price, price_prefix) values ('2817', '1200', '2', '2', '0.0000', '+');
insert into products_attributes (products_attributes_id, products_id, options_id, options_values_id, options_values_price, price_prefix) values ('2816', '1200', '1', '1', '2.5000', '+');
insert into products_attributes (products_attributes_id, products_id, options_id, options_values_id, options_values_price, price_prefix) values ('3139', '1227', '2', '2', '0.0000', '+');
insert into products_attributes (products_attributes_id, products_id, options_id, options_values_id, options_values_price, price_prefix) values ('3138', '1227', '1', '1', '2.5000', '+');
insert into products_attributes (products_attributes_id, products_id, options_id, options_values_id, options_values_price, price_prefix) values ('3137', '1226', '4', '6', '0.0000', '+');
insert into products_attributes (products_attributes_id, products_id, options_id, options_values_id, options_values_price, price_prefix) values ('2543', '1148', '4', '81', '0.0000', '+');
insert into products_attributes (products_attributes_id, products_id, options_id, options_values_id, options_values_price, price_prefix) values ('2542', '1148', '4', '6', '0.0000', '+');
insert into products_attributes (products_attributes_id, products_id, options_id, options_values_id, options_values_price, price_prefix) values ('2541', '1148', '4', '4', '0.0000', '+');
insert into products_attributes (products_attributes_id, products_id, options_id, options_values_id, options_values_price, price_prefix) values ('2391', '1118', '2', '2', '0.0000', '+');
insert into products_attributes (products_attributes_id, products_id, options_id, options_values_id, options_values_price, price_prefix) values ('2390', '1118', '1', '1', '2.5000', '+');
insert into products_attributes (products_attributes_id, products_id, options_id, options_values_id, options_values_price, price_prefix) values ('2389', '1117', '3', '1', '1.5000', '+');
insert into products_attributes (products_attributes_id, products_id, options_id, options_values_id, options_values_price, price_prefix) values ('2845', '1106', '6', '43', '0.0000', '+');
insert into products_attributes (products_attributes_id, products_id, options_id, options_values_id, options_values_price, price_prefix) values ('2874', '1203', '2', '2', '0.0000', '+');
insert into products_attributes (products_attributes_id, products_id, options_id, options_values_id, options_values_price, price_prefix) values ('2873', '1203', '1', '1', '2.5000', '+');
insert into products_attributes (products_attributes_id, products_id, options_id, options_values_id, options_values_price, price_prefix) values ('2012', '1057', '4', '46', '0.0000', '+');
insert into products_attributes (products_attributes_id, products_id, options_id, options_values_id, options_values_price, price_prefix) values ('2011', '1057', '3', '1', '1.5000', '+');
insert into products_attributes (products_attributes_id, products_id, options_id, options_values_id, options_values_price, price_prefix) values ('2010', '1057', '2', '2', '0.0000', '+');
insert into products_attributes (products_attributes_id, products_id, options_id, options_values_id, options_values_price, price_prefix) values ('2540', '1148', '3', '1', '1.5000', '+');
insert into products_attributes (products_attributes_id, products_id, options_id, options_values_id, options_values_price, price_prefix) values ('2539', '1148', '2', '2', '0.0000', '+');
insert into products_attributes (products_attributes_id, products_id, options_id, options_values_id, options_values_price, price_prefix) values ('2538', '1148', '1', '1', '2.5000', '+');
insert into products_attributes (products_attributes_id, products_id, options_id, options_values_id, options_values_price, price_prefix) values ('2009', '1057', '1', '1', '2.5000', '+');
insert into products_attributes (products_attributes_id, products_id, options_id, options_values_id, options_values_price, price_prefix) values ('2008', '1056', '3', '1', '1.5000', '+');
insert into products_attributes (products_attributes_id, products_id, options_id, options_values_id, options_values_price, price_prefix) values ('2007', '1056', '2', '2', '0.0000', '+');
insert into products_attributes (products_attributes_id, products_id, options_id, options_values_id, options_values_price, price_prefix) values ('3211', '1243', '3', '1', '1.5000', '+');
insert into products_attributes (products_attributes_id, products_id, options_id, options_values_id, options_values_price, price_prefix) values ('3210', '1243', '2', '2', '0.0000', '+');
insert into products_attributes (products_attributes_id, products_id, options_id, options_values_id, options_values_price, price_prefix) values ('3209', '1243', '1', '1', '2.5000', '+');
insert into products_attributes (products_attributes_id, products_id, options_id, options_values_id, options_values_price, price_prefix) values ('2842', '1106', '3', '1', '1.5000', '+');
insert into products_attributes (products_attributes_id, products_id, options_id, options_values_id, options_values_price, price_prefix) values ('2841', '1106', '2', '2', '0.0000', '+');
insert into products_attributes (products_attributes_id, products_id, options_id, options_values_id, options_values_price, price_prefix) values ('2840', '1106', '1', '1', '2.5000', '+');
insert into products_attributes (products_attributes_id, products_id, options_id, options_values_id, options_values_price, price_prefix) values ('2606', '1159', '3', '1', '1.5000', '+');
insert into products_attributes (products_attributes_id, products_id, options_id, options_values_id, options_values_price, price_prefix) values ('2605', '1159', '2', '2', '0.0000', '+');
insert into products_attributes (products_attributes_id, products_id, options_id, options_values_id, options_values_price, price_prefix) values ('2604', '1159', '1', '1', '2.5000', '+');
insert into products_attributes (products_attributes_id, products_id, options_id, options_values_id, options_values_price, price_prefix) values ('3208', '1242', '3', '1', '1.5000', '+');
insert into products_attributes (products_attributes_id, products_id, options_id, options_values_id, options_values_price, price_prefix) values ('3207', '1242', '2', '2', '0.0000', '+');
insert into products_attributes (products_attributes_id, products_id, options_id, options_values_id, options_values_price, price_prefix) values ('3206', '1242', '1', '1', '2.5000', '+');
insert into products_attributes (products_attributes_id, products_id, options_id, options_values_id, options_values_price, price_prefix) values ('2846', '1106', '6', '39', '0.0000', '+');
insert into products_attributes (products_attributes_id, products_id, options_id, options_values_id, options_values_price, price_prefix) values ('2847', '1106', '6', '40', '0.0000', '+');
insert into products_attributes (products_attributes_id, products_id, options_id, options_values_id, options_values_price, price_prefix) values ('2848', '1106', '6', '41', '0.0000', '+');
insert into products_attributes (products_attributes_id, products_id, options_id, options_values_id, options_values_price, price_prefix) values ('2388', '1117', '2', '2', '0.0000', '+');
insert into products_attributes (products_attributes_id, products_id, options_id, options_values_id, options_values_price, price_prefix) values ('2387', '1117', '1', '1', '2.5000', '+');
insert into products_attributes (products_attributes_id, products_id, options_id, options_values_id, options_values_price, price_prefix) values ('2386', '1116', '3', '1', '1.5000', '+');
insert into products_attributes (products_attributes_id, products_id, options_id, options_values_id, options_values_price, price_prefix) values ('2537', '1147', '5', '80', '0.0000', '+');
insert into products_attributes (products_attributes_id, products_id, options_id, options_values_id, options_values_price, price_prefix) values ('2536', '1147', '5', '53', '0.0000', '+');
insert into products_attributes (products_attributes_id, products_id, options_id, options_values_id, options_values_price, price_prefix) values ('2535', '1147', '5', '62', '0.0000', '+');
insert into products_attributes (products_attributes_id, products_id, options_id, options_values_id, options_values_price, price_prefix) values ('2363', '1113', '3', '1', '1.5000', '+');
insert into products_attributes (products_attributes_id, products_id, options_id, options_values_id, options_values_price, price_prefix) values ('2357', '1112', '4', '45', '0.0000', '+');
insert into products_attributes (products_attributes_id, products_id, options_id, options_values_id, options_values_price, price_prefix) values ('2356', '1112', '4', '46', '0.0000', '+');
insert into products_attributes (products_attributes_id, products_id, options_id, options_values_id, options_values_price, price_prefix) values ('2006', '1056', '1', '1', '2.5000', '+');
insert into products_attributes (products_attributes_id, products_id, options_id, options_values_id, options_values_price, price_prefix) values ('2005', '1055', '3', '1', '1.5000', '+');
insert into products_attributes (products_attributes_id, products_id, options_id, options_values_id, options_values_price, price_prefix) values ('2004', '1055', '2', '2', '0.0000', '+');
insert into products_attributes (products_attributes_id, products_id, options_id, options_values_id, options_values_price, price_prefix) values ('2740', '1185', '5', '47', '0.0000', '+');
insert into products_attributes (products_attributes_id, products_id, options_id, options_values_id, options_values_price, price_prefix) values ('2739', '1185', '3', '1', '1.5000', '+');
insert into products_attributes (products_attributes_id, products_id, options_id, options_values_id, options_values_price, price_prefix) values ('2738', '1185', '2', '2', '0.0000', '+');
insert into products_attributes (products_attributes_id, products_id, options_id, options_values_id, options_values_price, price_prefix) values ('2116', '1076', '4', '19', '0.0000', '+');
insert into products_attributes (products_attributes_id, products_id, options_id, options_values_id, options_values_price, price_prefix) values ('2115', '1076', '3', '1', '1.5000', '+');
insert into products_attributes (products_attributes_id, products_id, options_id, options_values_id, options_values_price, price_prefix) values ('2114', '1076', '2', '2', '0.0000', '+');
insert into products_attributes (products_attributes_id, products_id, options_id, options_values_id, options_values_price, price_prefix) values ('2113', '1076', '1', '1', '2.5000', '+');
insert into products_attributes (products_attributes_id, products_id, options_id, options_values_id, options_values_price, price_prefix) values ('2112', '1075', '4', '13', '0.0000', '+');
insert into products_attributes (products_attributes_id, products_id, options_id, options_values_id, options_values_price, price_prefix) values ('2053', '1064', '4', '6', '0.0000', '+');
insert into products_attributes (products_attributes_id, products_id, options_id, options_values_id, options_values_price, price_prefix) values ('2052', '1064', '4', '18', '0.0000', '+');
insert into products_attributes (products_attributes_id, products_id, options_id, options_values_id, options_values_price, price_prefix) values ('2051', '1064', '4', '13', '0.0000', '+');
insert into products_attributes (products_attributes_id, products_id, options_id, options_values_id, options_values_price, price_prefix) values ('2591', '1156', '4', '44', '0.0000', '+');
insert into products_attributes (products_attributes_id, products_id, options_id, options_values_id, options_values_price, price_prefix) values ('2590', '1156', '4', '13', '0.0000', '+');
insert into products_attributes (products_attributes_id, products_id, options_id, options_values_id, options_values_price, price_prefix) values ('2589', '1156', '4', '6', '0.0000', '+');
insert into products_attributes (products_attributes_id, products_id, options_id, options_values_id, options_values_price, price_prefix) values ('2352', '1111', '3', '1', '1.5000', '+');
insert into products_attributes (products_attributes_id, products_id, options_id, options_values_id, options_values_price, price_prefix) values ('2351', '1111', '2', '2', '0.0000', '+');
insert into products_attributes (products_attributes_id, products_id, options_id, options_values_id, options_values_price, price_prefix) values ('2350', '1111', '1', '1', '2.5000', '+');
insert into products_attributes (products_attributes_id, products_id, options_id, options_values_id, options_values_price, price_prefix) values ('2050', '1064', '3', '1', '1.5000', '+');
insert into products_attributes (products_attributes_id, products_id, options_id, options_values_id, options_values_price, price_prefix) values ('2049', '1064', '2', '2', '0.0000', '+');
insert into products_attributes (products_attributes_id, products_id, options_id, options_values_id, options_values_price, price_prefix) values ('2048', '1064', '1', '1', '2.5000', '+');
insert into products_attributes (products_attributes_id, products_id, options_id, options_values_id, options_values_price, price_prefix) values ('1973', '1047', '1', '1', '2.5000', '+');
insert into products_attributes (products_attributes_id, products_id, options_id, options_values_id, options_values_price, price_prefix) values ('1972', '1046', '3', '1', '1.5000', '+');
insert into products_attributes (products_attributes_id, products_id, options_id, options_values_id, options_values_price, price_prefix) values ('1971', '1046', '2', '2', '0.0000', '+');
insert into products_attributes (products_attributes_id, products_id, options_id, options_values_id, options_values_price, price_prefix) values ('1970', '1046', '1', '1', '2.5000', '+');
insert into products_attributes (products_attributes_id, products_id, options_id, options_values_id, options_values_price, price_prefix) values ('1969', '1045', '4', '46', '0.0000', '+');
insert into products_attributes (products_attributes_id, products_id, options_id, options_values_id, options_values_price, price_prefix) values ('1968', '1045', '4', '45', '0.0000', '+');
insert into products_attributes (products_attributes_id, products_id, options_id, options_values_id, options_values_price, price_prefix) values ('1967', '1045', '4', '13', '0.0000', '+');
insert into products_attributes (products_attributes_id, products_id, options_id, options_values_id, options_values_price, price_prefix) values ('1966', '1045', '3', '1', '1.5000', '+');
insert into products_attributes (products_attributes_id, products_id, options_id, options_values_id, options_values_price, price_prefix) values ('1965', '1045', '2', '2', '0.0000', '+');
insert into products_attributes (products_attributes_id, products_id, options_id, options_values_id, options_values_price, price_prefix) values ('1964', '1045', '1', '1', '2.5000', '+');
insert into products_attributes (products_attributes_id, products_id, options_id, options_values_id, options_values_price, price_prefix) values ('1963', '1044', '3', '1', '1.5000', '+');
insert into products_attributes (products_attributes_id, products_id, options_id, options_values_id, options_values_price, price_prefix) values ('1962', '1044', '2', '2', '0.0000', '+');
insert into products_attributes (products_attributes_id, products_id, options_id, options_values_id, options_values_price, price_prefix) values ('1961', '1044', '1', '1', '2.5000', '+');
insert into products_attributes (products_attributes_id, products_id, options_id, options_values_id, options_values_price, price_prefix) values ('1960', '1043', '4', '13', '0.0000', '+');
insert into products_attributes (products_attributes_id, products_id, options_id, options_values_id, options_values_price, price_prefix) values ('1959', '1043', '4', '18', '0.0000', '+');
insert into products_attributes (products_attributes_id, products_id, options_id, options_values_id, options_values_price, price_prefix) values ('1958', '1043', '4', '4', '0.0000', '+');
insert into products_attributes (products_attributes_id, products_id, options_id, options_values_id, options_values_price, price_prefix) values ('1957', '1043', '3', '1', '1.5000', '+');
insert into products_attributes (products_attributes_id, products_id, options_id, options_values_id, options_values_price, price_prefix) values ('1956', '1043', '2', '2', '0.0000', '+');
insert into products_attributes (products_attributes_id, products_id, options_id, options_values_id, options_values_price, price_prefix) values ('2083', '1069', '4', '46', '0.0000', '+');
insert into products_attributes (products_attributes_id, products_id, options_id, options_values_id, options_values_price, price_prefix) values ('2082', '1069', '4', '6', '0.0000', '+');
insert into products_attributes (products_attributes_id, products_id, options_id, options_values_id, options_values_price, price_prefix) values ('2081', '1069', '3', '1', '1.5000', '+');
insert into products_attributes (products_attributes_id, products_id, options_id, options_values_id, options_values_price, price_prefix) values ('2080', '1069', '2', '2', '0.0000', '+');
insert into products_attributes (products_attributes_id, products_id, options_id, options_values_id, options_values_price, price_prefix) values ('2079', '1069', '1', '1', '2.5000', '+');
insert into products_attributes (products_attributes_id, products_id, options_id, options_values_id, options_values_price, price_prefix) values ('2078', '1068', '5', '56', '0.0000', '+');
insert into products_attributes (products_attributes_id, products_id, options_id, options_values_id, options_values_price, price_prefix) values ('2150', '1081', '4', '4', '0.0000', '+');
insert into products_attributes (products_attributes_id, products_id, options_id, options_values_id, options_values_price, price_prefix) values ('2149', '1081', '3', '1', '1.5000', '+');
insert into products_attributes (products_attributes_id, products_id, options_id, options_values_id, options_values_price, price_prefix) values ('2148', '1081', '2', '2', '0.0000', '+');
insert into products_attributes (products_attributes_id, products_id, options_id, options_values_id, options_values_price, price_prefix) values ('2147', '1081', '1', '1', '2.5000', '+');
insert into products_attributes (products_attributes_id, products_id, options_id, options_values_id, options_values_price, price_prefix) values ('2146', '1080', '4', '13', '0.0000', '+');
insert into products_attributes (products_attributes_id, products_id, options_id, options_values_id, options_values_price, price_prefix) values ('2145', '1080', '4', '18', '0.0000', '+');
insert into products_attributes (products_attributes_id, products_id, options_id, options_values_id, options_values_price, price_prefix) values ('2190', '1088', '4', '4', '0.0000', '+');
insert into products_attributes (products_attributes_id, products_id, options_id, options_values_id, options_values_price, price_prefix) values ('2189', '1088', '4', '13', '0.0000', '+');
insert into products_attributes (products_attributes_id, products_id, options_id, options_values_id, options_values_price, price_prefix) values ('2188', '1088', '3', '1', '1.5000', '+');
insert into products_attributes (products_attributes_id, products_id, options_id, options_values_id, options_values_price, price_prefix) values ('2187', '1088', '2', '2', '0.0000', '+');
insert into products_attributes (products_attributes_id, products_id, options_id, options_values_id, options_values_price, price_prefix) values ('2186', '1088', '1', '1', '2.5000', '+');
insert into products_attributes (products_attributes_id, products_id, options_id, options_values_id, options_values_price, price_prefix) values ('2185', '1087', '4', '5', '0.0000', '+');
insert into products_attributes (products_attributes_id, products_id, options_id, options_values_id, options_values_price, price_prefix) values ('1955', '1043', '1', '1', '2.5000', '+');
insert into products_attributes (products_attributes_id, products_id, options_id, options_values_id, options_values_price, price_prefix) values ('1954', '1042', '4', '6', '0.0000', '+');
insert into products_attributes (products_attributes_id, products_id, options_id, options_values_id, options_values_price, price_prefix) values ('1953', '1042', '4', '45', '0.0000', '+');
insert into products_attributes (products_attributes_id, products_id, options_id, options_values_id, options_values_price, price_prefix) values ('1950', '1042', '1', '1', '2.5000', '+');
insert into products_attributes (products_attributes_id, products_id, options_id, options_values_id, options_values_price, price_prefix) values ('1951', '1042', '2', '2', '0.0000', '+');
insert into products_attributes (products_attributes_id, products_id, options_id, options_values_id, options_values_price, price_prefix) values ('1952', '1042', '3', '1', '1.5000', '+');
insert into products_attributes (products_attributes_id, products_id, options_id, options_values_id, options_values_price, price_prefix) values ('1945', '1041', '4', '18', '0.0000', '+');
insert into products_attributes (products_attributes_id, products_id, options_id, options_values_id, options_values_price, price_prefix) values ('1944', '1041', '4', '4', '0.0000', '+');
insert into products_attributes (products_attributes_id, products_id, options_id, options_values_id, options_values_price, price_prefix) values ('2184', '1087', '4', '4', '0.0000', '+');
insert into products_attributes (products_attributes_id, products_id, options_id, options_values_id, options_values_price, price_prefix) values ('2183', '1087', '4', '46', '0.0000', '+');
insert into products_attributes (products_attributes_id, products_id, options_id, options_values_id, options_values_price, price_prefix) values ('2182', '1087', '3', '1', '1.5000', '+');
insert into products_attributes (products_attributes_id, products_id, options_id, options_values_id, options_values_price, price_prefix) values ('2181', '1087', '2', '2', '0.0000', '+');
insert into products_attributes (products_attributes_id, products_id, options_id, options_values_id, options_values_price, price_prefix) values ('2180', '1087', '1', '1', '2.5000', '+');
insert into products_attributes (products_attributes_id, products_id, options_id, options_values_id, options_values_price, price_prefix) values ('2179', '1086', '4', '5', '0.0000', '+');
insert into products_attributes (products_attributes_id, products_id, options_id, options_values_id, options_values_price, price_prefix) values ('2178', '1086', '4', '44', '0.0000', '+');
insert into products_attributes (products_attributes_id, products_id, options_id, options_values_id, options_values_price, price_prefix) values ('2674', '1173', '4', '67', '0.0000', '+');
insert into products_attributes (products_attributes_id, products_id, options_id, options_values_id, options_values_price, price_prefix) values ('2177', '1086', '4', '17', '0.0000', '+');
insert into products_attributes (products_attributes_id, products_id, options_id, options_values_id, options_values_price, price_prefix) values ('2176', '1086', '4', '18', '0.0000', '+');
insert into products_attributes (products_attributes_id, products_id, options_id, options_values_id, options_values_price, price_prefix) values ('2673', '1173', '4', '5', '0.0000', '+');
insert into products_attributes (products_attributes_id, products_id, options_id, options_values_id, options_values_price, price_prefix) values ('2672', '1173', '4', '4', '0.0000', '+');
insert into products_attributes (products_attributes_id, products_id, options_id, options_values_id, options_values_price, price_prefix) values ('2534', '1147', '3', '1', '1.5000', '+');
insert into products_attributes (products_attributes_id, products_id, options_id, options_values_id, options_values_price, price_prefix) values ('2533', '1147', '2', '2', '0.0000', '+');
insert into products_attributes (products_attributes_id, products_id, options_id, options_values_id, options_values_price, price_prefix) values ('2532', '1147', '1', '1', '2.5000', '+');
insert into products_attributes (products_attributes_id, products_id, options_id, options_values_id, options_values_price, price_prefix) values ('2373', '1114', '2', '2', '0.0000', '+');
insert into products_attributes (products_attributes_id, products_id, options_id, options_values_id, options_values_price, price_prefix) values ('2372', '1114', '1', '1', '2.5000', '+');
insert into products_attributes (products_attributes_id, products_id, options_id, options_values_id, options_values_price, price_prefix) values ('2371', '1113', '6', '42', '0.0000', '+');
insert into products_attributes (products_attributes_id, products_id, options_id, options_values_id, options_values_price, price_prefix) values ('3205', '1241', '3', '1', '1.5000', '+');
insert into products_attributes (products_attributes_id, products_id, options_id, options_values_id, options_values_price, price_prefix) values ('3204', '1241', '2', '2', '0.0000', '+');
insert into products_attributes (products_attributes_id, products_id, options_id, options_values_id, options_values_price, price_prefix) values ('3203', '1241', '1', '1', '2.5000', '+');
insert into products_attributes (products_attributes_id, products_id, options_id, options_values_id, options_values_price, price_prefix) values ('2290', '1105', '4', '7', '0.0000', '+');
insert into products_attributes (products_attributes_id, products_id, options_id, options_values_id, options_values_price, price_prefix) values ('2289', '1105', '4', '13', '0.0000', '+');
insert into products_attributes (products_attributes_id, products_id, options_id, options_values_id, options_values_price, price_prefix) values ('2288', '1105', '4', '20', '0.0000', '+');
insert into products_attributes (products_attributes_id, products_id, options_id, options_values_id, options_values_price, price_prefix) values ('2887', '1204', '2', '2', '0.0000', '+');
insert into products_attributes (products_attributes_id, products_id, options_id, options_values_id, options_values_price, price_prefix) values ('2886', '1204', '1', '1', '2.5000', '+');
insert into products_attributes (products_attributes_id, products_id, options_id, options_values_id, options_values_price, price_prefix) values ('2883', '1203', '6', '83', '0.0000', '+');
insert into products_attributes (products_attributes_id, products_id, options_id, options_values_id, options_values_price, price_prefix) values ('3403', '1294', '4', '6', '0.0000', '+');
insert into products_attributes (products_attributes_id, products_id, options_id, options_values_id, options_values_price, price_prefix) values ('3402', '1294', '3', '1', '1.5000', '+');
insert into products_attributes (products_attributes_id, products_id, options_id, options_values_id, options_values_price, price_prefix) values ('3401', '1294', '2', '2', '0.0000', '+');
insert into products_attributes (products_attributes_id, products_id, options_id, options_values_id, options_values_price, price_prefix) values ('3202', '1240', '3', '1', '1.5000', '+');
insert into products_attributes (products_attributes_id, products_id, options_id, options_values_id, options_values_price, price_prefix) values ('3201', '1240', '2', '2', '0.0000', '+');
insert into products_attributes (products_attributes_id, products_id, options_id, options_values_id, options_values_price, price_prefix) values ('3200', '1240', '1', '1', '2.5000', '+');
insert into products_attributes (products_attributes_id, products_id, options_id, options_values_id, options_values_price, price_prefix) values ('3400', '1294', '1', '1', '2.5000', '+');
insert into products_attributes (products_attributes_id, products_id, options_id, options_values_id, options_values_price, price_prefix) values ('3399', '1293', '4', '5', '0.0000', '+');
insert into products_attributes (products_attributes_id, products_id, options_id, options_values_id, options_values_price, price_prefix) values ('3398', '1293', '4', '4', '0.0000', '+');
insert into products_attributes (products_attributes_id, products_id, options_id, options_values_id, options_values_price, price_prefix) values ('2882', '1203', '6', '42', '0.0000', '+');
insert into products_attributes (products_attributes_id, products_id, options_id, options_values_id, options_values_price, price_prefix) values ('2881', '1203', '6', '41', '0.0000', '+');
insert into products_attributes (products_attributes_id, products_id, options_id, options_values_id, options_values_price, price_prefix) values ('2880', '1203', '6', '40', '0.0000', '+');
insert into products_attributes (products_attributes_id, products_id, options_id, options_values_id, options_values_price, price_prefix) values ('3199', '1239', '3', '1', '1.5000', '+');
insert into products_attributes (products_attributes_id, products_id, options_id, options_values_id, options_values_price, price_prefix) values ('3198', '1239', '2', '2', '0.0000', '+');
insert into products_attributes (products_attributes_id, products_id, options_id, options_values_id, options_values_price, price_prefix) values ('3197', '1239', '1', '1', '2.5000', '+');
insert into products_attributes (products_attributes_id, products_id, options_id, options_values_id, options_values_price, price_prefix) values ('3397', '1293', '3', '1', '1.5000', '+');
insert into products_attributes (products_attributes_id, products_id, options_id, options_values_id, options_values_price, price_prefix) values ('3396', '1293', '2', '2', '0.0000', '+');
insert into products_attributes (products_attributes_id, products_id, options_id, options_values_id, options_values_price, price_prefix) values ('3395', '1293', '1', '1', '2.5000', '+');
insert into products_attributes (products_attributes_id, products_id, options_id, options_values_id, options_values_price, price_prefix) values ('2463', '1135', '1', '1', '2.5000', '+');
insert into products_attributes (products_attributes_id, products_id, options_id, options_values_id, options_values_price, price_prefix) values ('2462', '1134', '4', '6', '0.0000', '+');
insert into products_attributes (products_attributes_id, products_id, options_id, options_values_id, options_values_price, price_prefix) values ('2461', '1134', '4', '13', '0.0000', '+');
insert into products_attributes (products_attributes_id, products_id, options_id, options_values_id, options_values_price, price_prefix) values ('2879', '1203', '6', '39', '0.0000', '+');
insert into products_attributes (products_attributes_id, products_id, options_id, options_values_id, options_values_price, price_prefix) values ('2878', '1203', '6', '43', '0.0000', '+');
insert into products_attributes (products_attributes_id, products_id, options_id, options_values_id, options_values_price, price_prefix) values ('2877', '1203', '4', '44', '0.0000', '+');
insert into products_attributes (products_attributes_id, products_id, options_id, options_values_id, options_values_price, price_prefix) values ('1943', '1041', '4', '15', '0.0000', '+');
insert into products_attributes (products_attributes_id, products_id, options_id, options_values_id, options_values_price, price_prefix) values ('1942', '1041', '3', '1', '1.5000', '+');
insert into products_attributes (products_attributes_id, products_id, options_id, options_values_id, options_values_price, price_prefix) values ('1941', '1041', '2', '2', '0.0000', '+');
insert into products_attributes (products_attributes_id, products_id, options_id, options_values_id, options_values_price, price_prefix) values ('1934', '1039', '4', '13', '0.0000', '+');
insert into products_attributes (products_attributes_id, products_id, options_id, options_values_id, options_values_price, price_prefix) values ('1930', '1039', '2', '2', '0.0000', '+');
insert into products_attributes (products_attributes_id, products_id, options_id, options_values_id, options_values_price, price_prefix) values ('1929', '1039', '1', '1', '2.5000', '+');
insert into products_attributes (products_attributes_id, products_id, options_id, options_values_id, options_values_price, price_prefix) values ('3196', '1238', '3', '1', '1.5000', '+');
insert into products_attributes (products_attributes_id, products_id, options_id, options_values_id, options_values_price, price_prefix) values ('3195', '1238', '2', '2', '0.0000', '+');
insert into products_attributes (products_attributes_id, products_id, options_id, options_values_id, options_values_price, price_prefix) values ('3194', '1238', '1', '1', '2.5000', '+');
insert into products_attributes (products_attributes_id, products_id, options_id, options_values_id, options_values_price, price_prefix) values ('3394', '1292', '4', '13', '0.0000', '+');
insert into products_attributes (products_attributes_id, products_id, options_id, options_values_id, options_values_price, price_prefix) values ('3393', '1292', '4', '19', '0.0000', '+');
insert into products_attributes (products_attributes_id, products_id, options_id, options_values_id, options_values_price, price_prefix) values ('3392', '1292', '3', '1', '1.5000', '+');
insert into products_attributes (products_attributes_id, products_id, options_id, options_values_id, options_values_price, price_prefix) values ('2460', '1134', '3', '1', '1.5000', '+');
insert into products_attributes (products_attributes_id, products_id, options_id, options_values_id, options_values_price, price_prefix) values ('2459', '1134', '2', '2', '0.0000', '+');
insert into products_attributes (products_attributes_id, products_id, options_id, options_values_id, options_values_price, price_prefix) values ('2458', '1134', '1', '1', '2.5000', '+');
insert into products_attributes (products_attributes_id, products_id, options_id, options_values_id, options_values_price, price_prefix) values ('3193', '1237', '3', '1', '1.5000', '+');
insert into products_attributes (products_attributes_id, products_id, options_id, options_values_id, options_values_price, price_prefix) values ('3192', '1237', '2', '2', '0.0000', '+');
insert into products_attributes (products_attributes_id, products_id, options_id, options_values_id, options_values_price, price_prefix) values ('3191', '1237', '1', '1', '2.5000', '+');
insert into products_attributes (products_attributes_id, products_id, options_id, options_values_id, options_values_price, price_prefix) values ('3391', '1292', '2', '2', '0.0000', '+');
insert into products_attributes (products_attributes_id, products_id, options_id, options_values_id, options_values_price, price_prefix) values ('3390', '1292', '1', '1', '2.5000', '+');
insert into products_attributes (products_attributes_id, products_id, options_id, options_values_id, options_values_price, price_prefix) values ('3389', '1291', '4', '4', '0.0000', '+');
insert into products_attributes (products_attributes_id, products_id, options_id, options_values_id, options_values_price, price_prefix) values ('2287', '1105', '4', '18', '0.0000', '+');
insert into products_attributes (products_attributes_id, products_id, options_id, options_values_id, options_values_price, price_prefix) values ('2286', '1105', '4', '5', '0.0000', '+');
insert into products_attributes (products_attributes_id, products_id, options_id, options_values_id, options_values_price, price_prefix) values ('2285', '1105', '4', '4', '0.0000', '+');
insert into products_attributes (products_attributes_id, products_id, options_id, options_values_id, options_values_price, price_prefix) values ('2457', '1133', '4', '6', '0.0000', '+');
insert into products_attributes (products_attributes_id, products_id, options_id, options_values_id, options_values_price, price_prefix) values ('2456', '1133', '4', '44', '0.0000', '+');
insert into products_attributes (products_attributes_id, products_id, options_id, options_values_id, options_values_price, price_prefix) values ('2455', '1133', '3', '1', '1.5000', '+');
insert into products_attributes (products_attributes_id, products_id, options_id, options_values_id, options_values_price, price_prefix) values ('2876', '1203', '4', '46', '0.0000', '+');
insert into products_attributes (products_attributes_id, products_id, options_id, options_values_id, options_values_price, price_prefix) values ('2875', '1203', '3', '1', '1.5000', '+');
insert into products_attributes (products_attributes_id, products_id, options_id, options_values_id, options_values_price, price_prefix) values ('2872', '1202', '6', '83', '0.0000', '+');
insert into products_attributes (products_attributes_id, products_id, options_id, options_values_id, options_values_price, price_prefix) values ('3388', '1290', '4', '4', '0.0000', '+');
insert into products_attributes (products_attributes_id, products_id, options_id, options_values_id, options_values_price, price_prefix) values ('3387', '1291', '4', '18', '0.0000', '+');
insert into products_attributes (products_attributes_id, products_id, options_id, options_values_id, options_values_price, price_prefix) values ('3386', '1291', '3', '1', '1.5000', '+');
insert into products_attributes (products_attributes_id, products_id, options_id, options_values_id, options_values_price, price_prefix) values ('2284', '1105', '3', '1', '1.5000', '+');
insert into products_attributes (products_attributes_id, products_id, options_id, options_values_id, options_values_price, price_prefix) values ('2283', '1105', '2', '2', '0.0000', '+');
insert into products_attributes (products_attributes_id, products_id, options_id, options_values_id, options_values_price, price_prefix) values ('2282', '1105', '1', '1', '2.5000', '+');
insert into products_attributes (products_attributes_id, products_id, options_id, options_values_id, options_values_price, price_prefix) values ('2871', '1202', '6', '42', '0.0000', '+');
insert into products_attributes (products_attributes_id, products_id, options_id, options_values_id, options_values_price, price_prefix) values ('2870', '1202', '6', '41', '0.0000', '+');
insert into products_attributes (products_attributes_id, products_id, options_id, options_values_id, options_values_price, price_prefix) values ('2869', '1202', '6', '40', '0.0000', '+');
insert into products_attributes (products_attributes_id, products_id, options_id, options_values_id, options_values_price, price_prefix) values ('3190', '1236', '4', '15', '0.0000', '+');
insert into products_attributes (products_attributes_id, products_id, options_id, options_values_id, options_values_price, price_prefix) values ('3189', '1236', '4', '6', '0.0000', '+');
insert into products_attributes (products_attributes_id, products_id, options_id, options_values_id, options_values_price, price_prefix) values ('3188', '1236', '3', '1', '1.5000', '+');
insert into products_attributes (products_attributes_id, products_id, options_id, options_values_id, options_values_price, price_prefix) values ('3385', '1291', '2', '2', '0.0000', '+');
insert into products_attributes (products_attributes_id, products_id, options_id, options_values_id, options_values_price, price_prefix) values ('3384', '1291', '1', '1', '2.5000', '+');
insert into products_attributes (products_attributes_id, products_id, options_id, options_values_id, options_values_price, price_prefix) values ('3383', '1290', '4', '45', '0.0000', '+');
insert into products_attributes (products_attributes_id, products_id, options_id, options_values_id, options_values_price, price_prefix) values ('2281', '1104', '4', '58', '0.0000', '+');
insert into products_attributes (products_attributes_id, products_id, options_id, options_values_id, options_values_price, price_prefix) values ('2280', '1104', '4', '59', '0.0000', '+');
insert into products_attributes (products_attributes_id, products_id, options_id, options_values_id, options_values_price, price_prefix) values ('2279', '1104', '3', '1', '1.5000', '+');
insert into products_attributes (products_attributes_id, products_id, options_id, options_values_id, options_values_price, price_prefix) values ('1940', '1041', '1', '1', '2.5000', '+');
insert into products_attributes (products_attributes_id, products_id, options_id, options_values_id, options_values_price, price_prefix) values ('1939', '1040', '4', '5', '0.0000', '+');
insert into products_attributes (products_attributes_id, products_id, options_id, options_values_id, options_values_price, price_prefix) values ('1938', '1040', '4', '4', '0.0000', '+');
insert into products_attributes (products_attributes_id, products_id, options_id, options_values_id, options_values_price, price_prefix) values ('1931', '1039', '3', '1', '1.5000', '+');
insert into products_attributes (products_attributes_id, products_id, options_id, options_values_id, options_values_price, price_prefix) values ('1932', '1039', '4', '6', '0.0000', '+');
insert into products_attributes (products_attributes_id, products_id, options_id, options_values_id, options_values_price, price_prefix) values ('1933', '1039', '4', '15', '0.0000', '+');
insert into products_attributes (products_attributes_id, products_id, options_id, options_values_id, options_values_price, price_prefix) values ('2868', '1202', '6', '39', '0.0000', '+');
insert into products_attributes (products_attributes_id, products_id, options_id, options_values_id, options_values_price, price_prefix) values ('2867', '1202', '6', '43', '0.0000', '+');
insert into products_attributes (products_attributes_id, products_id, options_id, options_values_id, options_values_price, price_prefix) values ('2866', '1202', '4', '5', '0.0000', '+');
insert into products_attributes (products_attributes_id, products_id, options_id, options_values_id, options_values_price, price_prefix) values ('3187', '1236', '2', '2', '0.0000', '+');
insert into products_attributes (products_attributes_id, products_id, options_id, options_values_id, options_values_price, price_prefix) values ('3186', '1236', '1', '1', '2.5000', '+');
insert into products_attributes (products_attributes_id, products_id, options_id, options_values_id, options_values_price, price_prefix) values ('3185', '1235', '4', '6', '0.0000', '+');
insert into products_attributes (products_attributes_id, products_id, options_id, options_values_id, options_values_price, price_prefix) values ('2427', '1127', '2', '2', '0.0000', '+');
insert into products_attributes (products_attributes_id, products_id, options_id, options_values_id, options_values_price, price_prefix) values ('2426', '1127', '1', '1', '2.5000', '+');
insert into products_attributes (products_attributes_id, products_id, options_id, options_values_id, options_values_price, price_prefix) values ('2425', '1126', '3', '1', '1.5000', '+');
insert into products_attributes (products_attributes_id, products_id, options_id, options_values_id, options_values_price, price_prefix) values ('2424', '1126', '2', '2', '0.0000', '+');
insert into products_attributes (products_attributes_id, products_id, options_id, options_values_id, options_values_price, price_prefix) values ('2423', '1126', '1', '1', '2.5000', '+');
insert into products_attributes (products_attributes_id, products_id, options_id, options_values_id, options_values_price, price_prefix) values ('2422', '1125', '3', '1', '1.5000', '+');
insert into products_attributes (products_attributes_id, products_id, options_id, options_values_id, options_values_price, price_prefix) values ('2421', '1125', '2', '2', '0.0000', '+');
insert into products_attributes (products_attributes_id, products_id, options_id, options_values_id, options_values_price, price_prefix) values ('2420', '1125', '1', '1', '2.5000', '+');
insert into products_attributes (products_attributes_id, products_id, options_id, options_values_id, options_values_price, price_prefix) values ('2419', '1124', '3', '1', '1.5000', '+');
insert into products_attributes (products_attributes_id, products_id, options_id, options_values_id, options_values_price, price_prefix) values ('2418', '1124', '2', '2', '0.0000', '+');
insert into products_attributes (products_attributes_id, products_id, options_id, options_values_id, options_values_price, price_prefix) values ('2417', '1124', '1', '1', '2.5000', '+');
insert into products_attributes (products_attributes_id, products_id, options_id, options_values_id, options_values_price, price_prefix) values ('2416', '1123', '4', '6', '0.0000', '+');
insert into products_attributes (products_attributes_id, products_id, options_id, options_values_id, options_values_price, price_prefix) values ('2415', '1123', '4', '18', '0.0000', '+');
insert into products_attributes (products_attributes_id, products_id, options_id, options_values_id, options_values_price, price_prefix) values ('2414', '1123', '4', '13', '0.0000', '+');
insert into products_attributes (products_attributes_id, products_id, options_id, options_values_id, options_values_price, price_prefix) values ('2413', '1123', '3', '1', '1.5000', '+');
insert into products_attributes (products_attributes_id, products_id, options_id, options_values_id, options_values_price, price_prefix) values ('2579', '1154', '4', '4', '0.0000', '+');
insert into products_attributes (products_attributes_id, products_id, options_id, options_values_id, options_values_price, price_prefix) values ('2578', '1154', '4', '46', '0.0000', '+');
insert into products_attributes (products_attributes_id, products_id, options_id, options_values_id, options_values_price, price_prefix) values ('2577', '1154', '4', '13', '0.0000', '+');
insert into products_attributes (products_attributes_id, products_id, options_id, options_values_id, options_values_price, price_prefix) values ('2576', '1154', '3', '1', '1.5000', '+');
insert into products_attributes (products_attributes_id, products_id, options_id, options_values_id, options_values_price, price_prefix) values ('2575', '1154', '2', '2', '0.0000', '+');
insert into products_attributes (products_attributes_id, products_id, options_id, options_values_id, options_values_price, price_prefix) values ('2574', '1154', '1', '1', '2.5000', '+');
insert into products_attributes (products_attributes_id, products_id, options_id, options_values_id, options_values_price, price_prefix) values ('2072', '1067', '4', '4', '0.0000', '+');
insert into products_attributes (products_attributes_id, products_id, options_id, options_values_id, options_values_price, price_prefix) values ('2071', '1067', '3', '1', '1.5000', '+');
insert into products_attributes (products_attributes_id, products_id, options_id, options_values_id, options_values_price, price_prefix) values ('2070', '1067', '2', '2', '0.0000', '+');
insert into products_attributes (products_attributes_id, products_id, options_id, options_values_id, options_values_price, price_prefix) values ('2069', '1067', '1', '1', '2.5000', '+');
insert into products_attributes (products_attributes_id, products_id, options_id, options_values_id, options_values_price, price_prefix) values ('2068', '1066', '4', '18', '0.0000', '+');
insert into products_attributes (products_attributes_id, products_id, options_id, options_values_id, options_values_price, price_prefix) values ('2400', '1120', '3', '1', '1.5000', '+');
insert into products_attributes (products_attributes_id, products_id, options_id, options_values_id, options_values_price, price_prefix) values ('2399', '1120', '2', '2', '0.0000', '+');
insert into products_attributes (products_attributes_id, products_id, options_id, options_values_id, options_values_price, price_prefix) values ('2398', '1120', '1', '1', '2.5000', '+');
insert into products_attributes (products_attributes_id, products_id, options_id, options_values_id, options_values_price, price_prefix) values ('2454', '1133', '2', '2', '0.0000', '+');
insert into products_attributes (products_attributes_id, products_id, options_id, options_values_id, options_values_price, price_prefix) values ('2453', '1133', '1', '1', '2.5000', '+');
insert into products_attributes (products_attributes_id, products_id, options_id, options_values_id, options_values_price, price_prefix) values ('2452', '1132', '4', '67', '0.0000', '+');
insert into products_attributes (products_attributes_id, products_id, options_id, options_values_id, options_values_price, price_prefix) values ('2531', '1146', '5', '79', '0.0000', '+');
insert into products_attributes (products_attributes_id, products_id, options_id, options_values_id, options_values_price, price_prefix) values ('2530', '1146', '5', '63', '0.0000', '+');
insert into products_attributes (products_attributes_id, products_id, options_id, options_values_id, options_values_price, price_prefix) values ('2529', '1146', '5', '62', '0.0000', '+');
insert into products_attributes (products_attributes_id, products_id, options_id, options_values_id, options_values_price, price_prefix) values ('2003', '1055', '1', '1', '2.5000', '+');
insert into products_attributes (products_attributes_id, products_id, options_id, options_values_id, options_values_price, price_prefix) values ('2002', '1054', '3', '1', '1.5000', '+');
insert into products_attributes (products_attributes_id, products_id, options_id, options_values_id, options_values_price, price_prefix) values ('2001', '1054', '2', '2', '0.0000', '+');
insert into products_attributes (products_attributes_id, products_id, options_id, options_values_id, options_values_price, price_prefix) values ('2278', '1104', '2', '2', '0.0000', '+');
insert into products_attributes (products_attributes_id, products_id, options_id, options_values_id, options_values_price, price_prefix) values ('2277', '1104', '1', '1', '2.5000', '+');
insert into products_attributes (products_attributes_id, products_id, options_id, options_values_id, options_values_price, price_prefix) values ('2276', '1103', '3', '1', '1.5000', '+');
insert into products_attributes (products_attributes_id, products_id, options_id, options_values_id, options_values_price, price_prefix) values ('3184', '1235', '4', '4', '0.0000', '+');
insert into products_attributes (products_attributes_id, products_id, options_id, options_values_id, options_values_price, price_prefix) values ('3183', '1235', '3', '1', '1.5000', '+');
insert into products_attributes (products_attributes_id, products_id, options_id, options_values_id, options_values_price, price_prefix) values ('3182', '1235', '2', '2', '0.0000', '+');
insert into products_attributes (products_attributes_id, products_id, options_id, options_values_id, options_values_price, price_prefix) values ('2737', '1185', '1', '1', '2.5000', '+');
insert into products_attributes (products_attributes_id, products_id, options_id, options_values_id, options_values_price, price_prefix) values ('2736', '1184', '5', '54', '0.0000', '+');
insert into products_attributes (products_attributes_id, products_id, options_id, options_values_id, options_values_price, price_prefix) values ('2735', '1184', '5', '53', '0.0000', '+');
insert into products_attributes (products_attributes_id, products_id, options_id, options_values_id, options_values_price, price_prefix) values ('2233', '1095', '4', '13', '0.0000', '+');
insert into products_attributes (products_attributes_id, products_id, options_id, options_values_id, options_values_price, price_prefix) values ('2232', '1095', '4', '57', '0.0000', '+');
insert into products_attributes (products_attributes_id, products_id, options_id, options_values_id, options_values_price, price_prefix) values ('2231', '1095', '3', '1', '1.5000', '+');
insert into products_attributes (products_attributes_id, products_id, options_id, options_values_id, options_values_price, price_prefix) values ('3148', '1228', '4', '4', '0.0000', '+');
insert into products_attributes (products_attributes_id, products_id, options_id, options_values_id, options_values_price, price_prefix) values ('3147', '1228', '4', '13', '0.0000', '+');
insert into products_attributes (products_attributes_id, products_id, options_id, options_values_id, options_values_price, price_prefix) values ('3146', '1228', '3', '1', '1.5000', '+');
insert into products_attributes (products_attributes_id, products_id, options_id, options_values_id, options_values_price, price_prefix) values ('1926', '1038', '4', '4', '0.0000', '+');
insert into products_attributes (products_attributes_id, products_id, options_id, options_values_id, options_values_price, price_prefix) values ('1927', '1038', '4', '18', '0.0000', '+');
insert into products_attributes (products_attributes_id, products_id, options_id, options_values_id, options_values_price, price_prefix) values ('1909', '1034', '1', '1', '2.5000', '+');
insert into products_attributes (products_attributes_id, products_id, options_id, options_values_id, options_values_price, price_prefix) values ('3280', '1260', '1', '1', '2.5000', '+');
insert into products_attributes (products_attributes_id, products_id, options_id, options_values_id, options_values_price, price_prefix) values ('3279', '1259', '4', '44', '0.0000', '+');
insert into products_attributes (products_attributes_id, products_id, options_id, options_values_id, options_values_price, price_prefix) values ('3278', '1259', '4', '46', '0.0000', '+');
insert into products_attributes (products_attributes_id, products_id, options_id, options_values_id, options_values_price, price_prefix) values ('3070', '1219', '6', '39', '0.0000', '+');
insert into products_attributes (products_attributes_id, products_id, options_id, options_values_id, options_values_price, price_prefix) values ('3069', '1219', '6', '43', '0.0000', '+');
insert into products_attributes (products_attributes_id, products_id, options_id, options_values_id, options_values_price, price_prefix) values ('3068', '1219', '4', '15', '0.0000', '+');
insert into products_attributes (products_attributes_id, products_id, options_id, options_values_id, options_values_price, price_prefix) values ('2047', '1063', '4', '13', '0.0000', '+');
insert into products_attributes (products_attributes_id, products_id, options_id, options_values_id, options_values_price, price_prefix) values ('2046', '1063', '4', '18', '0.0000', '+');
insert into products_attributes (products_attributes_id, products_id, options_id, options_values_id, options_values_price, price_prefix) values ('2045', '1063', '3', '1', '1.5000', '+');
insert into products_attributes (products_attributes_id, products_id, options_id, options_values_id, options_values_price, price_prefix) values ('1976', '1048', '1', '1', '2.5000', '+');
insert into products_attributes (products_attributes_id, products_id, options_id, options_values_id, options_values_price, price_prefix) values ('1975', '1047', '3', '1', '1.5000', '+');
insert into products_attributes (products_attributes_id, products_id, options_id, options_values_id, options_values_price, price_prefix) values ('1974', '1047', '2', '2', '0.0000', '+');
insert into products_attributes (products_attributes_id, products_id, options_id, options_values_id, options_values_price, price_prefix) values ('3382', '1290', '4', '6', '0.0000', '+');
insert into products_attributes (products_attributes_id, products_id, options_id, options_values_id, options_values_price, price_prefix) values ('3381', '1290', '3', '1', '1.5000', '+');
insert into products_attributes (products_attributes_id, products_id, options_id, options_values_id, options_values_price, price_prefix) values ('3380', '1290', '2', '2', '0.0000', '+');
insert into products_attributes (products_attributes_id, products_id, options_id, options_values_id, options_values_price, price_prefix) values ('2528', '1146', '3', '1', '1.5000', '+');
insert into products_attributes (products_attributes_id, products_id, options_id, options_values_id, options_values_price, price_prefix) values ('2527', '1146', '2', '2', '0.0000', '+');
insert into products_attributes (products_attributes_id, products_id, options_id, options_values_id, options_values_price, price_prefix) values ('2526', '1146', '1', '1', '2.5000', '+');
insert into products_attributes (products_attributes_id, products_id, options_id, options_values_id, options_values_price, price_prefix) values ('2275', '1103', '2', '2', '0.0000', '+');
insert into products_attributes (products_attributes_id, products_id, options_id, options_values_id, options_values_price, price_prefix) values ('2274', '1103', '1', '1', '2.5000', '+');
insert into products_attributes (products_attributes_id, products_id, options_id, options_values_id, options_values_price, price_prefix) values ('2273', '1102', '4', '18', '0.0000', '+');
insert into products_attributes (products_attributes_id, products_id, options_id, options_values_id, options_values_price, price_prefix) values ('3181', '1235', '1', '1', '2.5000', '+');
insert into products_attributes (products_attributes_id, products_id, options_id, options_values_id, options_values_price, price_prefix) values ('3180', '1234', '3', '1', '1.5000', '+');
insert into products_attributes (products_attributes_id, products_id, options_id, options_values_id, options_values_price, price_prefix) values ('3179', '1234', '2', '2', '0.0000', '+');
insert into products_attributes (products_attributes_id, products_id, options_id, options_values_id, options_values_price, price_prefix) values ('2671', '1173', '3', '1', '1.5000', '+');
insert into products_attributes (products_attributes_id, products_id, options_id, options_values_id, options_values_price, price_prefix) values ('2670', '1173', '2', '2', '0.0000', '+');
insert into products_attributes (products_attributes_id, products_id, options_id, options_values_id, options_values_price, price_prefix) values ('2669', '1173', '1', '1', '2.5000', '+');
insert into products_attributes (products_attributes_id, products_id, options_id, options_values_id, options_values_price, price_prefix) values ('3379', '1290', '1', '1', '2.5000', '+');
insert into products_attributes (products_attributes_id, products_id, options_id, options_values_id, options_values_price, price_prefix) values ('3378', '1289', '3', '1', '1.5000', '+');
insert into products_attributes (products_attributes_id, products_id, options_id, options_values_id, options_values_price, price_prefix) values ('3377', '1289', '2', '2', '0.0000', '+');
insert into products_attributes (products_attributes_id, products_id, options_id, options_values_id, options_values_price, price_prefix) values ('3178', '1234', '1', '1', '2.5000', '+');
insert into products_attributes (products_attributes_id, products_id, options_id, options_values_id, options_values_price, price_prefix) values ('3177', '1233', '5', '68', '0.0000', '+');
insert into products_attributes (products_attributes_id, products_id, options_id, options_values_id, options_values_price, price_prefix) values ('3176', '1233', '5', '62', '0.0000', '+');
insert into products_attributes (products_attributes_id, products_id, options_id, options_values_id, options_values_price, price_prefix) values ('2668', '1172', '4', '4', '0.0000', '+');
insert into products_attributes (products_attributes_id, products_id, options_id, options_values_id, options_values_price, price_prefix) values ('2667', '1172', '4', '5', '0.0000', '+');
insert into products_attributes (products_attributes_id, products_id, options_id, options_values_id, options_values_price, price_prefix) values ('2666', '1172', '4', '44', '0.0000', '+');
insert into products_attributes (products_attributes_id, products_id, options_id, options_values_id, options_values_price, price_prefix) values ('2665', '1172', '3', '1', '1.5000', '+');
insert into products_attributes (products_attributes_id, products_id, options_id, options_values_id, options_values_price, price_prefix) values ('2664', '1172', '2', '2', '0.0000', '+');
insert into products_attributes (products_attributes_id, products_id, options_id, options_values_id, options_values_price, price_prefix) values ('2663', '1172', '1', '1', '2.5000', '+');
insert into products_attributes (products_attributes_id, products_id, options_id, options_values_id, options_values_price, price_prefix) values ('3364', '1285', '1', '1', '2.5000', '+');
insert into products_attributes (products_attributes_id, products_id, options_id, options_values_id, options_values_price, price_prefix) values ('3363', '1284', '3', '1', '1.5000', '+');
insert into products_attributes (products_attributes_id, products_id, options_id, options_values_id, options_values_price, price_prefix) values ('3362', '1284', '2', '2', '0.0000', '+');
insert into products_attributes (products_attributes_id, products_id, options_id, options_values_id, options_values_price, price_prefix) values ('3361', '1284', '1', '1', '2.5000', '+');
insert into products_attributes (products_attributes_id, products_id, options_id, options_values_id, options_values_price, price_prefix) values ('3360', '1283', '3', '1', '1.5000', '+');
insert into products_attributes (products_attributes_id, products_id, options_id, options_values_id, options_values_price, price_prefix) values ('3136', '1226', '4', '45', '0.0000', '+');
insert into products_attributes (products_attributes_id, products_id, options_id, options_values_id, options_values_price, price_prefix) values ('3135', '1226', '3', '1', '1.5000', '+');
insert into products_attributes (products_attributes_id, products_id, options_id, options_values_id, options_values_price, price_prefix) values ('3134', '1226', '2', '2', '0.0000', '+');
insert into products_attributes (products_attributes_id, products_id, options_id, options_values_id, options_values_price, price_prefix) values ('3133', '1226', '1', '1', '2.5000', '+');
insert into products_attributes (products_attributes_id, products_id, options_id, options_values_id, options_values_price, price_prefix) values ('3132', '1225', '4', '6', '0.0000', '+');
insert into products_attributes (products_attributes_id, products_id, options_id, options_values_id, options_values_price, price_prefix) values ('2723', '1182', '4', '5', '0.0000', '+');
insert into products_attributes (products_attributes_id, products_id, options_id, options_values_id, options_values_price, price_prefix) values ('2722', '1182', '3', '1', '1.5000', '+');
insert into products_attributes (products_attributes_id, products_id, options_id, options_values_id, options_values_price, price_prefix) values ('2721', '1182', '2', '2', '0.0000', '+');
insert into products_attributes (products_attributes_id, products_id, options_id, options_values_id, options_values_price, price_prefix) values ('2720', '1182', '1', '1', '2.5000', '+');
insert into products_attributes (products_attributes_id, products_id, options_id, options_values_id, options_values_price, price_prefix) values ('2719', '1181', '3', '1', '1.5000', '+');
insert into products_attributes (products_attributes_id, products_id, options_id, options_values_id, options_values_price, price_prefix) values ('3359', '1283', '2', '2', '0.0000', '+');
insert into products_attributes (products_attributes_id, products_id, options_id, options_values_id, options_values_price, price_prefix) values ('3358', '1283', '1', '1', '2.5000', '+');
insert into products_attributes (products_attributes_id, products_id, options_id, options_values_id, options_values_price, price_prefix) values ('3357', '1282', '3', '1', '1.5000', '+');
insert into products_attributes (products_attributes_id, products_id, options_id, options_values_id, options_values_price, price_prefix) values ('3356', '1282', '2', '2', '0.0000', '+');
insert into products_attributes (products_attributes_id, products_id, options_id, options_values_id, options_values_price, price_prefix) values ('3355', '1282', '1', '1', '2.5000', '+');
insert into products_attributes (products_attributes_id, products_id, options_id, options_values_id, options_values_price, price_prefix) values ('3131', '1225', '4', '46', '0.0000', '+');
insert into products_attributes (products_attributes_id, products_id, options_id, options_values_id, options_values_price, price_prefix) values ('3130', '1225', '6', '39', '0.0000', '+');
insert into products_attributes (products_attributes_id, products_id, options_id, options_values_id, options_values_price, price_prefix) values ('3129', '1225', '6', '40', '0.0000', '+');
insert into products_attributes (products_attributes_id, products_id, options_id, options_values_id, options_values_price, price_prefix) values ('3128', '1225', '6', '41', '0.0000', '+');
insert into products_attributes (products_attributes_id, products_id, options_id, options_values_id, options_values_price, price_prefix) values ('3127', '1225', '6', '42', '0.0000', '+');
insert into products_attributes (products_attributes_id, products_id, options_id, options_values_id, options_values_price, price_prefix) values ('2718', '1181', '2', '2', '0.0000', '+');
insert into products_attributes (products_attributes_id, products_id, options_id, options_values_id, options_values_price, price_prefix) values ('2717', '1181', '1', '1', '2.5000', '+');
insert into products_attributes (products_attributes_id, products_id, options_id, options_values_id, options_values_price, price_prefix) values ('2716', '1180', '4', '19', '0.0000', '+');
insert into products_attributes (products_attributes_id, products_id, options_id, options_values_id, options_values_price, price_prefix) values ('2715', '1180', '4', '4', '0.0000', '+');
insert into products_attributes (products_attributes_id, products_id, options_id, options_values_id, options_values_price, price_prefix) values ('2714', '1180', '3', '1', '1.5000', '+');
insert into products_attributes (products_attributes_id, products_id, options_id, options_values_id, options_values_price, price_prefix) values ('3354', '1281', '3', '1', '1.5000', '+');
insert into products_attributes (products_attributes_id, products_id, options_id, options_values_id, options_values_price, price_prefix) values ('3353', '1281', '2', '2', '0.0000', '+');
insert into products_attributes (products_attributes_id, products_id, options_id, options_values_id, options_values_price, price_prefix) values ('3352', '1281', '1', '1', '2.5000', '+');
insert into products_attributes (products_attributes_id, products_id, options_id, options_values_id, options_values_price, price_prefix) values ('3351', '1280', '3', '1', '1.5000', '+');
insert into products_attributes (products_attributes_id, products_id, options_id, options_values_id, options_values_price, price_prefix) values ('3350', '1280', '2', '2', '0.0000', '+');
insert into products_attributes (products_attributes_id, products_id, options_id, options_values_id, options_values_price, price_prefix) values ('3126', '1225', '6', '43', '0.0000', '+');
insert into products_attributes (products_attributes_id, products_id, options_id, options_values_id, options_values_price, price_prefix) values ('3125', '1225', '6', '83', '0.0000', '+');
insert into products_attributes (products_attributes_id, products_id, options_id, options_values_id, options_values_price, price_prefix) values ('3124', '1225', '3', '1', '1.5000', '+');
insert into products_attributes (products_attributes_id, products_id, options_id, options_values_id, options_values_price, price_prefix) values ('3123', '1225', '2', '2', '0.0000', '+');
insert into products_attributes (products_attributes_id, products_id, options_id, options_values_id, options_values_price, price_prefix) values ('3122', '1225', '1', '1', '2.5000', '+');
insert into products_attributes (products_attributes_id, products_id, options_id, options_values_id, options_values_price, price_prefix) values ('3349', '1280', '1', '1', '2.5000', '+');
insert into products_attributes (products_attributes_id, products_id, options_id, options_values_id, options_values_price, price_prefix) values ('3348', '1279', '3', '1', '1.5000', '+');
insert into products_attributes (products_attributes_id, products_id, options_id, options_values_id, options_values_price, price_prefix) values ('3347', '1279', '2', '2', '0.0000', '+');
insert into products_attributes (products_attributes_id, products_id, options_id, options_values_id, options_values_price, price_prefix) values ('3346', '1279', '1', '1', '2.5000', '+');
insert into products_attributes (products_attributes_id, products_id, options_id, options_values_id, options_values_price, price_prefix) values ('3345', '1278', '3', '1', '1.5000', '+');
insert into products_attributes (products_attributes_id, products_id, options_id, options_values_id, options_values_price, price_prefix) values ('3118', '1224', '6', '42', '0.0000', '+');
insert into products_attributes (products_attributes_id, products_id, options_id, options_values_id, options_values_price, price_prefix) values ('3117', '1224', '6', '43', '0.0000', '+');
insert into products_attributes (products_attributes_id, products_id, options_id, options_values_id, options_values_price, price_prefix) values ('3119', '1224', '6', '41', '0.0000', '+');
insert into products_attributes (products_attributes_id, products_id, options_id, options_values_id, options_values_price, price_prefix) values ('3120', '1224', '6', '40', '0.0000', '+');
insert into products_attributes (products_attributes_id, products_id, options_id, options_values_id, options_values_price, price_prefix) values ('3121', '1224', '6', '39', '0.0000', '+');
insert into products_attributes (products_attributes_id, products_id, options_id, options_values_id, options_values_price, price_prefix) values ('2713', '1180', '2', '2', '0.0000', '+');
insert into products_attributes (products_attributes_id, products_id, options_id, options_values_id, options_values_price, price_prefix) values ('2712', '1180', '1', '1', '2.5000', '+');
insert into products_attributes (products_attributes_id, products_id, options_id, options_values_id, options_values_price, price_prefix) values ('2711', '1179', '4', '4', '0.0000', '+');
insert into products_attributes (products_attributes_id, products_id, options_id, options_values_id, options_values_price, price_prefix) values ('2710', '1179', '4', '13', '0.0000', '+');
insert into products_attributes (products_attributes_id, products_id, options_id, options_values_id, options_values_price, price_prefix) values ('2709', '1179', '4', '6', '0.0000', '+');
insert into products_attributes (products_attributes_id, products_id, options_id, options_values_id, options_values_price, price_prefix) values ('3344', '1278', '2', '2', '0.0000', '+');
insert into products_attributes (products_attributes_id, products_id, options_id, options_values_id, options_values_price, price_prefix) values ('3343', '1278', '1', '1', '2.5000', '+');
insert into products_attributes (products_attributes_id, products_id, options_id, options_values_id, options_values_price, price_prefix) values ('3342', '1277', '3', '1', '1.5000', '+');
insert into products_attributes (products_attributes_id, products_id, options_id, options_values_id, options_values_price, price_prefix) values ('3341', '1277', '2', '2', '0.0000', '+');
insert into products_attributes (products_attributes_id, products_id, options_id, options_values_id, options_values_price, price_prefix) values ('3340', '1277', '1', '1', '2.5000', '+');
insert into products_attributes (products_attributes_id, products_id, options_id, options_values_id, options_values_price, price_prefix) values ('3116', '1224', '6', '83', '0.0000', '+');
insert into products_attributes (products_attributes_id, products_id, options_id, options_values_id, options_values_price, price_prefix) values ('3115', '1224', '3', '1', '1.5000', '+');
insert into products_attributes (products_attributes_id, products_id, options_id, options_values_id, options_values_price, price_prefix) values ('3114', '1224', '2', '2', '0.0000', '+');
insert into products_attributes (products_attributes_id, products_id, options_id, options_values_id, options_values_price, price_prefix) values ('3113', '1224', '1', '1', '2.5000', '+');
insert into products_attributes (products_attributes_id, products_id, options_id, options_values_id, options_values_price, price_prefix) values ('3112', '1223', '6', '39', '0.0000', '+');
insert into products_attributes (products_attributes_id, products_id, options_id, options_values_id, options_values_price, price_prefix) values ('2708', '1179', '3', '1', '1.5000', '+');
insert into products_attributes (products_attributes_id, products_id, options_id, options_values_id, options_values_price, price_prefix) values ('2707', '1179', '2', '2', '0.0000', '+');
insert into products_attributes (products_attributes_id, products_id, options_id, options_values_id, options_values_price, price_prefix) values ('2706', '1179', '1', '1', '2.5000', '+');
insert into products_attributes (products_attributes_id, products_id, options_id, options_values_id, options_values_price, price_prefix) values ('2705', '1178', '5', '63', '0.0000', '+');
insert into products_attributes (products_attributes_id, products_id, options_id, options_values_id, options_values_price, price_prefix) values ('2704', '1178', '5', '53', '0.0000', '+');
insert into products_attributes (products_attributes_id, products_id, options_id, options_values_id, options_values_price, price_prefix) values ('3339', '1276', '5', '73', '0.0000', '+');
insert into products_attributes (products_attributes_id, products_id, options_id, options_values_id, options_values_price, price_prefix) values ('3338', '1276', '5', '55', '0.0000', '+');
insert into products_attributes (products_attributes_id, products_id, options_id, options_values_id, options_values_price, price_prefix) values ('3337', '1276', '3', '1', '1.5000', '+');
insert into products_attributes (products_attributes_id, products_id, options_id, options_values_id, options_values_price, price_prefix) values ('3336', '1276', '2', '2', '0.0000', '+');
insert into products_attributes (products_attributes_id, products_id, options_id, options_values_id, options_values_price, price_prefix) values ('3335', '1276', '1', '1', '2.5000', '+');
insert into products_attributes (products_attributes_id, products_id, options_id, options_values_id, options_values_price, price_prefix) values ('3111', '1223', '6', '40', '0.0000', '+');
insert into products_attributes (products_attributes_id, products_id, options_id, options_values_id, options_values_price, price_prefix) values ('3110', '1223', '6', '41', '0.0000', '+');
insert into products_attributes (products_attributes_id, products_id, options_id, options_values_id, options_values_price, price_prefix) values ('3109', '1223', '6', '42', '0.0000', '+');
insert into products_attributes (products_attributes_id, products_id, options_id, options_values_id, options_values_price, price_prefix) values ('3108', '1223', '6', '43', '0.0000', '+');
insert into products_attributes (products_attributes_id, products_id, options_id, options_values_id, options_values_price, price_prefix) values ('3107', '1223', '6', '83', '0.0000', '+');
insert into products_attributes (products_attributes_id, products_id, options_id, options_values_id, options_values_price, price_prefix) values ('2703', '1178', '5', '47', '0.0000', '+');
insert into products_attributes (products_attributes_id, products_id, options_id, options_values_id, options_values_price, price_prefix) values ('2702', '1178', '5', '65', '0.0000', '+');
insert into products_attributes (products_attributes_id, products_id, options_id, options_values_id, options_values_price, price_prefix) values ('2701', '1178', '3', '1', '1.5000', '+');
insert into products_attributes (products_attributes_id, products_id, options_id, options_values_id, options_values_price, price_prefix) values ('2700', '1178', '2', '2', '0.0000', '+');
insert into products_attributes (products_attributes_id, products_id, options_id, options_values_id, options_values_price, price_prefix) values ('2699', '1178', '1', '1', '2.5000', '+');
insert into products_attributes (products_attributes_id, products_id, options_id, options_values_id, options_values_price, price_prefix) values ('2355', '1112', '3', '1', '1.5000', '+');
insert into products_attributes (products_attributes_id, products_id, options_id, options_values_id, options_values_price, price_prefix) values ('2354', '1112', '2', '2', '0.0000', '+');
insert into products_attributes (products_attributes_id, products_id, options_id, options_values_id, options_values_price, price_prefix) values ('2353', '1112', '1', '1', '2.5000', '+');
insert into products_attributes (products_attributes_id, products_id, options_id, options_values_id, options_values_price, price_prefix) values ('2525', '1145', '4', '15', '0.0000', '+');
insert into products_attributes (products_attributes_id, products_id, options_id, options_values_id, options_values_price, price_prefix) values ('2524', '1145', '4', '18', '0.0000', '+');
insert into products_attributes (products_attributes_id, products_id, options_id, options_values_id, options_values_price, price_prefix) values ('2523', '1145', '4', '19', '0.0000', '+');
insert into products_attributes (products_attributes_id, products_id, options_id, options_values_id, options_values_price, price_prefix) values ('2000', '1054', '1', '1', '2.5000', '+');
insert into products_attributes (products_attributes_id, products_id, options_id, options_values_id, options_values_price, price_prefix) values ('1999', '1053', '3', '1', '1.5000', '+');
insert into products_attributes (products_attributes_id, products_id, options_id, options_values_id, options_values_price, price_prefix) values ('1998', '1053', '2', '2', '0.0000', '+');
insert into products_attributes (products_attributes_id, products_id, options_id, options_values_id, options_values_price, price_prefix) values ('2272', '1102', '4', '20', '0.0000', '+');
insert into products_attributes (products_attributes_id, products_id, options_id, options_values_id, options_values_price, price_prefix) values ('2271', '1102', '4', '17', '0.0000', '+');
insert into products_attributes (products_attributes_id, products_id, options_id, options_values_id, options_values_price, price_prefix) values ('2270', '1102', '4', '5', '0.0000', '+');
insert into products_attributes (products_attributes_id, products_id, options_id, options_values_id, options_values_price, price_prefix) values ('2522', '1145', '3', '1', '1.5000', '+');
insert into products_attributes (products_attributes_id, products_id, options_id, options_values_id, options_values_price, price_prefix) values ('2521', '1145', '2', '2', '0.0000', '+');
insert into products_attributes (products_attributes_id, products_id, options_id, options_values_id, options_values_price, price_prefix) values ('2520', '1145', '1', '1', '2.5000', '+');
insert into products_attributes (products_attributes_id, products_id, options_id, options_values_id, options_values_price, price_prefix) values ('3376', '1289', '1', '1', '2.5000', '+');
insert into products_attributes (products_attributes_id, products_id, options_id, options_values_id, options_values_price, price_prefix) values ('3375', '1288', '3', '1', '1.5000', '+');
insert into products_attributes (products_attributes_id, products_id, options_id, options_values_id, options_values_price, price_prefix) values ('3374', '1288', '2', '2', '0.0000', '+');
insert into products_attributes (products_attributes_id, products_id, options_id, options_values_id, options_values_price, price_prefix) values ('3175', '1233', '5', '75', '0.0000', '+');
insert into products_attributes (products_attributes_id, products_id, options_id, options_values_id, options_values_price, price_prefix) values ('3174', '1233', '4', '67', '0.0000', '+');
insert into products_attributes (products_attributes_id, products_id, options_id, options_values_id, options_values_price, price_prefix) values ('3173', '1233', '4', '4', '0.0000', '+');
insert into products_attributes (products_attributes_id, products_id, options_id, options_values_id, options_values_price, price_prefix) values ('2662', '1171', '4', '67', '0.0000', '+');
insert into products_attributes (products_attributes_id, products_id, options_id, options_values_id, options_values_price, price_prefix) values ('2661', '1171', '4', '5', '0.0000', '+');
insert into products_attributes (products_attributes_id, products_id, options_id, options_values_id, options_values_price, price_prefix) values ('2660', '1171', '4', '44', '0.0000', '+');
insert into products_attributes (products_attributes_id, products_id, options_id, options_values_id, options_values_price, price_prefix) values ('2519', '1144', '5', '78', '0.0000', '+');
insert into products_attributes (products_attributes_id, products_id, options_id, options_values_id, options_values_price, price_prefix) values ('2518', '1144', '5', '54', '0.0000', '+');
insert into products_attributes (products_attributes_id, products_id, options_id, options_values_id, options_values_price, price_prefix) values ('2517', '1144', '3', '1', '1.5000', '+');
insert into products_attributes (products_attributes_id, products_id, options_id, options_values_id, options_values_price, price_prefix) values ('2516', '1144', '2', '2', '0.0000', '+');
insert into products_attributes (products_attributes_id, products_id, options_id, options_values_id, options_values_price, price_prefix) values ('2515', '1144', '1', '1', '2.5000', '+');
insert into products_attributes (products_attributes_id, products_id, options_id, options_values_id, options_values_price, price_prefix) values ('2514', '1143', '5', '77', '0.0000', '+');
insert into products_attributes (products_attributes_id, products_id, options_id, options_values_id, options_values_price, price_prefix) values ('2056', '1065', '2', '2', '0.0000', '+');
insert into products_attributes (products_attributes_id, products_id, options_id, options_values_id, options_values_price, price_prefix) values ('2055', '1065', '1', '1', '2.5000', '+');
insert into products_attributes (products_attributes_id, products_id, options_id, options_values_id, options_values_price, price_prefix) values ('2054', '1064', '4', '19', '0.0000', '+');
insert into products_attributes (products_attributes_id, products_id, options_id, options_values_id, options_values_price, price_prefix) values ('2726', '1183', '2', '2', '0.0000', '+');
insert into products_attributes (products_attributes_id, products_id, options_id, options_values_id, options_values_price, price_prefix) values ('2725', '1183', '1', '1', '2.5000', '+');
insert into products_attributes (products_attributes_id, products_id, options_id, options_values_id, options_values_price, price_prefix) values ('2724', '1182', '4', '12', '0.0000', '+');
insert into products_attributes (products_attributes_id, products_id, options_id, options_values_id, options_values_price, price_prefix) values ('2982', '1211', '6', '40', '0.0000', '+');
insert into products_attributes (products_attributes_id, products_id, options_id, options_values_id, options_values_price, price_prefix) values ('2981', '1211', '6', '40', '0.0000', '+');
insert into products_attributes (products_attributes_id, products_id, options_id, options_values_id, options_values_price, price_prefix) values ('2980', '1211', '6', '39', '0.0000', '+');
insert into products_attributes (products_attributes_id, products_id, options_id, options_values_id, options_values_price, price_prefix) values ('2490', '1140', '1', '1', '2.5000', '+');
insert into products_attributes (products_attributes_id, products_id, options_id, options_values_id, options_values_price, price_prefix) values ('2489', '1139', '4', '5', '0.0000', '+');
insert into products_attributes (products_attributes_id, products_id, options_id, options_values_id, options_values_price, price_prefix) values ('2488', '1139', '4', '44', '0.0000', '+');
insert into products_attributes (products_attributes_id, products_id, options_id, options_values_id, options_values_price, price_prefix) values ('2224', '1094', '2', '2', '0.0000', '+');
insert into products_attributes (products_attributes_id, products_id, options_id, options_values_id, options_values_price, price_prefix) values ('2223', '1094', '1', '1', '2.5000', '+');
insert into products_attributes (products_attributes_id, products_id, options_id, options_values_id, options_values_price, price_prefix) values ('2222', '1093', '4', '5', '0.0000', '+');
insert into products_attributes (products_attributes_id, products_id, options_id, options_values_id, options_values_price, price_prefix) values ('2221', '1093', '4', '13', '0.0000', '+');
insert into products_attributes (products_attributes_id, products_id, options_id, options_values_id, options_values_price, price_prefix) values ('2220', '1093', '4', '4', '0.0000', '+');
insert into products_attributes (products_attributes_id, products_id, options_id, options_values_id, options_values_price, price_prefix) values ('2219', '1093', '3', '1', '1.5000', '+');
insert into products_attributes (products_attributes_id, products_id, options_id, options_values_id, options_values_price, price_prefix) values ('2834', '1109', '6', '43', '0.0000', '+');
insert into products_attributes (products_attributes_id, products_id, options_id, options_values_id, options_values_price, price_prefix) values ('2833', '1109', '4', '12', '0.0000', '+');
insert into products_attributes (products_attributes_id, products_id, options_id, options_values_id, options_values_price, price_prefix) values ('2832', '1109', '4', '46', '0.0000', '+');
insert into products_attributes (products_attributes_id, products_id, options_id, options_values_id, options_values_price, price_prefix) values ('2831', '1109', '3', '1', '1.5000', '+');
insert into products_attributes (products_attributes_id, products_id, options_id, options_values_id, options_values_price, price_prefix) values ('2830', '1109', '2', '2', '0.0000', '+');
insert into products_attributes (products_attributes_id, products_id, options_id, options_values_id, options_values_price, price_prefix) values ('2829', '1109', '1', '1', '2.5000', '+');
insert into products_attributes (products_attributes_id, products_id, options_id, options_values_id, options_values_price, price_prefix) values ('2838', '1109', '6', '42', '0.0000', '+');
insert into products_attributes (products_attributes_id, products_id, options_id, options_values_id, options_values_price, price_prefix) values ('2839', '1109', '6', '83', '0.0000', '+');
insert into products_attributes (products_attributes_id, products_id, options_id, options_values_id, options_values_price, price_prefix) values ('2837', '1109', '6', '41', '0.0000', '+');
insert into products_attributes (products_attributes_id, products_id, options_id, options_values_id, options_values_price, price_prefix) values ('2835', '1109', '6', '39', '0.0000', '+');
insert into products_attributes (products_attributes_id, products_id, options_id, options_values_id, options_values_price, price_prefix) values ('2347', '1110', '1', '1', '2.5000', '+');
insert into products_attributes (products_attributes_id, products_id, options_id, options_values_id, options_values_price, price_prefix) values ('2329', '1108', '4', '46', '0.0000', '+');
insert into products_attributes (products_attributes_id, products_id, options_id, options_values_id, options_values_price, price_prefix) values ('2328', '1108', '4', '44', '0.0000', '+');
insert into products_attributes (products_attributes_id, products_id, options_id, options_values_id, options_values_price, price_prefix) values ('2849', '1106', '6', '42', '0.0000', '+');
insert into products_attributes (products_attributes_id, products_id, options_id, options_values_id, options_values_price, price_prefix) values ('2326', '1108', '6', '39', '0.0000', '+');
insert into products_attributes (products_attributes_id, products_id, options_id, options_values_id, options_values_price, price_prefix) values ('2325', '1108', '6', '40', '0.0000', '+');
insert into products_attributes (products_attributes_id, products_id, options_id, options_values_id, options_values_price, price_prefix) values ('2324', '1108', '6', '41', '0.0000', '+');
insert into products_attributes (products_attributes_id, products_id, options_id, options_values_id, options_values_price, price_prefix) values ('2323', '1108', '6', '42', '0.0000', '+');
insert into products_attributes (products_attributes_id, products_id, options_id, options_values_id, options_values_price, price_prefix) values ('2573', '1153', '5', '53', '0.0000', '+');
insert into products_attributes (products_attributes_id, products_id, options_id, options_values_id, options_values_price, price_prefix) values ('2572', '1153', '5', '62', '0.0000', '+');
insert into products_attributes (products_attributes_id, products_id, options_id, options_values_id, options_values_price, price_prefix) values ('2571', '1153', '3', '1', '1.5000', '+');
insert into products_attributes (products_attributes_id, products_id, options_id, options_values_id, options_values_price, price_prefix) values ('2412', '1123', '2', '2', '0.0000', '+');
insert into products_attributes (products_attributes_id, products_id, options_id, options_values_id, options_values_price, price_prefix) values ('2411', '1123', '1', '1', '2.5000', '+');
insert into products_attributes (products_attributes_id, products_id, options_id, options_values_id, options_values_price, price_prefix) values ('2410', '1122', '4', '64', '0.0000', '+');
insert into products_attributes (products_attributes_id, products_id, options_id, options_values_id, options_values_price, price_prefix) values ('2067', '1066', '4', '13', '0.0000', '+');
insert into products_attributes (products_attributes_id, products_id, options_id, options_values_id, options_values_price, price_prefix) values ('2066', '1066', '4', '17', '0.0000', '+');
insert into products_attributes (products_attributes_id, products_id, options_id, options_values_id, options_values_price, price_prefix) values ('2065', '1066', '4', '4', '0.0000', '+');
insert into products_attributes (products_attributes_id, products_id, options_id, options_values_id, options_values_price, price_prefix) values ('2064', '1066', '3', '1', '1.5000', '+');
insert into products_attributes (products_attributes_id, products_id, options_id, options_values_id, options_values_price, price_prefix) values ('2063', '1066', '2', '2', '0.0000', '+');
insert into products_attributes (products_attributes_id, products_id, options_id, options_values_id, options_values_price, price_prefix) values ('1937', '1040', '3', '1', '1.5000', '+');
insert into products_attributes (products_attributes_id, products_id, options_id, options_values_id, options_values_price, price_prefix) values ('1936', '1040', '2', '2', '0.0000', '+');
insert into products_attributes (products_attributes_id, products_id, options_id, options_values_id, options_values_price, price_prefix) values ('1935', '1040', '1', '1', '2.5000', '+');
insert into products_attributes (products_attributes_id, products_id, options_id, options_values_id, options_values_price, price_prefix) values ('1923', '1038', '1', '1', '2.5000', '+');
insert into products_attributes (products_attributes_id, products_id, options_id, options_values_id, options_values_price, price_prefix) values ('1924', '1038', '2', '2', '0.0000', '+');
insert into products_attributes (products_attributes_id, products_id, options_id, options_values_id, options_values_price, price_prefix) values ('1925', '1038', '3', '1', '1.5000', '+');
insert into products_attributes (products_attributes_id, products_id, options_id, options_values_id, options_values_price, price_prefix) values ('1910', '1034', '2', '2', '0.0000', '+');
insert into products_attributes (products_attributes_id, products_id, options_id, options_values_id, options_values_price, price_prefix) values ('1911', '1034', '3', '1', '1.5000', '+');
insert into products_attributes (products_attributes_id, products_id, options_id, options_values_id, options_values_price, price_prefix) values ('1928', '1038', '4', '13', '0.0000', '+');
insert into products_attributes (products_attributes_id, products_id, options_id, options_values_id, options_values_price, price_prefix) values ('2403', '1121', '1', '1', '2.5000', '+');
insert into products_attributes (products_attributes_id, products_id, options_id, options_values_id, options_values_price, price_prefix) values ('2402', '1120', '4', '5', '0.0000', '+');
insert into products_attributes (products_attributes_id, products_id, options_id, options_values_id, options_values_price, price_prefix) values ('2401', '1120', '4', '44', '0.0000', '+');
insert into products_attributes (products_attributes_id, products_id, options_id, options_values_id, options_values_price, price_prefix) values ('2865', '1202', '4', '46', '0.0000', '+');
insert into products_attributes (products_attributes_id, products_id, options_id, options_values_id, options_values_price, price_prefix) values ('2850', '1106', '6', '83', '0.0000', '+');
insert into products_attributes (products_attributes_id, products_id, options_id, options_values_id, options_values_price, price_prefix) values ('2828', '1108', '6', '83', '0.0000', '+');
insert into products_attributes (products_attributes_id, products_id, options_id, options_values_id, options_values_price, price_prefix) values ('2862', '1202', '1', '1', '2.5000', '+');
insert into products_attributes (products_attributes_id, products_id, options_id, options_values_id, options_values_price, price_prefix) values ('2863', '1202', '2', '2', '0.0000', '+');
insert into products_attributes (products_attributes_id, products_id, options_id, options_values_id, options_values_price, price_prefix) values ('2864', '1202', '3', '1', '1.5000', '+');
insert into products_attributes (products_attributes_id, products_id, options_id, options_values_id, options_values_price, price_prefix) values ('2487', '1139', '5', '72', '0.0000', '+');
insert into products_attributes (products_attributes_id, products_id, options_id, options_values_id, options_values_price, price_prefix) values ('2486', '1139', '5', '62', '0.0000', '+');
insert into products_attributes (products_attributes_id, products_id, options_id, options_values_id, options_values_price, price_prefix) values ('2485', '1139', '3', '1', '1.5000', '+');
insert into products_attributes (products_attributes_id, products_id, options_id, options_values_id, options_values_price, price_prefix) values ('3106', '1223', '3', '1', '1.5000', '+');
insert into products_attributes (products_attributes_id, products_id, options_id, options_values_id, options_values_price, price_prefix) values ('3105', '1223', '2', '2', '0.0000', '+');
insert into products_attributes (products_attributes_id, products_id, options_id, options_values_id, options_values_price, price_prefix) values ('3104', '1223', '1', '1', '2.5000', '+');
insert into products_attributes (products_attributes_id, products_id, options_id, options_values_id, options_values_price, price_prefix) values ('3334', '1275', '4', '13', '0.0000', '+');
insert into products_attributes (products_attributes_id, products_id, options_id, options_values_id, options_values_price, price_prefix) values ('3333', '1275', '4', '4', '0.0000', '+');
insert into products_attributes (products_attributes_id, products_id, options_id, options_values_id, options_values_price, price_prefix) values ('3332', '1275', '4', '6', '0.0000', '+');
insert into products_attributes (products_attributes_id, products_id, options_id, options_values_id, options_values_price, price_prefix) values ('2603', '1158', '4', '46', '0.0000', '+');
insert into products_attributes (products_attributes_id, products_id, options_id, options_values_id, options_values_price, price_prefix) values ('2602', '1158', '4', '6', '0.0000', '+');
insert into products_attributes (products_attributes_id, products_id, options_id, options_values_id, options_values_price, price_prefix) values ('2601', '1158', '3', '1', '1.5000', '+');
insert into products_attributes (products_attributes_id, products_id, options_id, options_values_id, options_values_price, price_prefix) values ('2698', '1177', '5', '65', '0.0000', '+');
insert into products_attributes (products_attributes_id, products_id, options_id, options_values_id, options_values_price, price_prefix) values ('2697', '1177', '5', '54', '0.0000', '+');
insert into products_attributes (products_attributes_id, products_id, options_id, options_values_id, options_values_price, price_prefix) values ('2696', '1177', '5', '63', '0.0000', '+');
insert into products_attributes (products_attributes_id, products_id, options_id, options_values_id, options_values_price, price_prefix) values ('3322', '1272', '3', '1', '1.5000', '+');
insert into products_attributes (products_attributes_id, products_id, options_id, options_values_id, options_values_price, price_prefix) values ('3321', '1272', '2', '2', '0.0000', '+');
insert into products_attributes (products_attributes_id, products_id, options_id, options_values_id, options_values_price, price_prefix) values ('3320', '1272', '1', '1', '2.5000', '+');
insert into products_attributes (products_attributes_id, products_id, options_id, options_values_id, options_values_price, price_prefix) values ('3085', '1220', '6', '83', '0.0000', '+');
insert into products_attributes (products_attributes_id, products_id, options_id, options_values_id, options_values_price, price_prefix) values ('3084', '1220', '6', '42', '0.0000', '+');
insert into products_attributes (products_attributes_id, products_id, options_id, options_values_id, options_values_price, price_prefix) values ('3083', '1220', '6', '41', '0.0000', '+');
insert into products_attributes (products_attributes_id, products_id, options_id, options_values_id, options_values_price, price_prefix) values ('2794', '1196', '2', '2', '0.0000', '+');
insert into products_attributes (products_attributes_id, products_id, options_id, options_values_id, options_values_price, price_prefix) values ('2793', '1196', '1', '1', '2.5000', '+');
insert into products_attributes (products_attributes_id, products_id, options_id, options_values_id, options_values_price, price_prefix) values ('2792', '1195', '3', '1', '1.5000', '+');
insert into products_attributes (products_attributes_id, products_id, options_id, options_values_id, options_values_price, price_prefix) values ('3319', '1271', '3', '1', '1.5000', '+');
insert into products_attributes (products_attributes_id, products_id, options_id, options_values_id, options_values_price, price_prefix) values ('3318', '1271', '2', '2', '0.0000', '+');
insert into products_attributes (products_attributes_id, products_id, options_id, options_values_id, options_values_price, price_prefix) values ('3317', '1271', '1', '1', '2.5000', '+');
insert into products_attributes (products_attributes_id, products_id, options_id, options_values_id, options_values_price, price_prefix) values ('3082', '1220', '6', '40', '0.0000', '+');
insert into products_attributes (products_attributes_id, products_id, options_id, options_values_id, options_values_price, price_prefix) values ('3081', '1220', '6', '39', '0.0000', '+');
insert into products_attributes (products_attributes_id, products_id, options_id, options_values_id, options_values_price, price_prefix) values ('3080', '1220', '6', '43', '0.0000', '+');
insert into products_attributes (products_attributes_id, products_id, options_id, options_values_id, options_values_price, price_prefix) values ('2791', '1195', '2', '2', '0.0000', '+');
insert into products_attributes (products_attributes_id, products_id, options_id, options_values_id, options_values_price, price_prefix) values ('2790', '1195', '1', '1', '2.5000', '+');
insert into products_attributes (products_attributes_id, products_id, options_id, options_values_id, options_values_price, price_prefix) values ('2786', '1194', '4', '57', '0.0000', '+');
insert into products_attributes (products_attributes_id, products_id, options_id, options_values_id, options_values_price, price_prefix) values ('2638', '1165', '4', '4', '0.0000', '+');
insert into products_attributes (products_attributes_id, products_id, options_id, options_values_id, options_values_price, price_prefix) values ('2637', '1165', '4', '5', '0.0000', '+');
insert into products_attributes (products_attributes_id, products_id, options_id, options_values_id, options_values_price, price_prefix) values ('2636', '1165', '4', '6', '0.0000', '+');
insert into products_attributes (products_attributes_id, products_id, options_id, options_values_id, options_values_price, price_prefix) values ('2635', '1165', '4', '13', '0.0000', '+');
insert into products_attributes (products_attributes_id, products_id, options_id, options_values_id, options_values_price, price_prefix) values ('2634', '1165', '3', '1', '1.5000', '+');
insert into products_attributes (products_attributes_id, products_id, options_id, options_values_id, options_values_price, price_prefix) values ('2633', '1165', '2', '2', '0.0000', '+');
insert into products_attributes (products_attributes_id, products_id, options_id, options_values_id, options_values_price, price_prefix) values ('3373', '1288', '1', '1', '2.5000', '+');
insert into products_attributes (products_attributes_id, products_id, options_id, options_values_id, options_values_price, price_prefix) values ('3372', '1287', '3', '1', '1.5000', '+');
insert into products_attributes (products_attributes_id, products_id, options_id, options_values_id, options_values_price, price_prefix) values ('3371', '1287', '2', '2', '0.0000', '+');
insert into products_attributes (products_attributes_id, products_id, options_id, options_values_id, options_values_price, price_prefix) values ('3172', '1233', '4', '18', '0.0000', '+');
insert into products_attributes (products_attributes_id, products_id, options_id, options_values_id, options_values_price, price_prefix) values ('3171', '1233', '3', '1', '1.5000', '+');
insert into products_attributes (products_attributes_id, products_id, options_id, options_values_id, options_values_price, price_prefix) values ('3170', '1233', '2', '2', '0.0000', '+');
insert into products_attributes (products_attributes_id, products_id, options_id, options_values_id, options_values_price, price_prefix) values ('2659', '1171', '3', '1', '1.5000', '+');
insert into products_attributes (products_attributes_id, products_id, options_id, options_values_id, options_values_price, price_prefix) values ('2658', '1171', '2', '2', '0.0000', '+');
insert into products_attributes (products_attributes_id, products_id, options_id, options_values_id, options_values_price, price_prefix) values ('2657', '1171', '1', '1', '2.5000', '+');
insert into products_attributes (products_attributes_id, products_id, options_id, options_values_id, options_values_price, price_prefix) values ('2632', '1165', '1', '1', '2.5000', '+');
insert into products_attributes (products_attributes_id, products_id, options_id, options_values_id, options_values_price, price_prefix) values ('2631', '1164', '4', '19', '0.0000', '+');
insert into products_attributes (products_attributes_id, products_id, options_id, options_values_id, options_values_price, price_prefix) values ('2630', '1164', '4', '18', '0.0000', '+');
insert into products_attributes (products_attributes_id, products_id, options_id, options_values_id, options_values_price, price_prefix) values ('3067', '1219', '4', '20', '0.0000', '+');
insert into products_attributes (products_attributes_id, products_id, options_id, options_values_id, options_values_price, price_prefix) values ('3066', '1219', '3', '1', '1.5000', '+');
insert into products_attributes (products_attributes_id, products_id, options_id, options_values_id, options_values_price, price_prefix) values ('3065', '1219', '2', '2', '0.0000', '+');
insert into products_attributes (products_attributes_id, products_id, options_id, options_values_id, options_values_price, price_prefix) values ('3277', '1259', '4', '4', '0.0000', '+');
insert into products_attributes (products_attributes_id, products_id, options_id, options_values_id, options_values_price, price_prefix) values ('3276', '1259', '3', '1', '1.5000', '+');
insert into products_attributes (products_attributes_id, products_id, options_id, options_values_id, options_values_price, price_prefix) values ('3275', '1259', '2', '2', '0.0000', '+');
insert into products_attributes (products_attributes_id, products_id, options_id, options_values_id, options_values_price, price_prefix) values ('2257', '1100', '4', '18', '0.0000', '+');
insert into products_attributes (products_attributes_id, products_id, options_id, options_values_id, options_values_price, price_prefix) values ('2256', '1100', '4', '5', '0.0000', '+');
insert into products_attributes (products_attributes_id, products_id, options_id, options_values_id, options_values_price, price_prefix) values ('2255', '1100', '3', '1', '1.5000', '+');
insert into products_attributes (products_attributes_id, products_id, options_id, options_values_id, options_values_price, price_prefix) values ('2803', '1197', '4', '67', '0.0000', '+');
insert into products_attributes (products_attributes_id, products_id, options_id, options_values_id, options_values_price, price_prefix) values ('2802', '1197', '3', '1', '1.5000', '+');
insert into products_attributes (products_attributes_id, products_id, options_id, options_values_id, options_values_price, price_prefix) values ('2801', '1197', '2', '2', '0.0000', '+');
insert into products_attributes (products_attributes_id, products_id, options_id, options_values_id, options_values_price, price_prefix) values ('2254', '1100', '2', '2', '0.0000', '+');
insert into products_attributes (products_attributes_id, products_id, options_id, options_values_id, options_values_price, price_prefix) values ('2253', '1100', '1', '1', '2.5000', '+');
insert into products_attributes (products_attributes_id, products_id, options_id, options_values_id, options_values_price, price_prefix) values ('2252', '1099', '3', '1', '1.5000', '+');
insert into products_attributes (products_attributes_id, products_id, options_id, options_values_id, options_values_price, price_prefix) values ('3274', '1259', '1', '1', '2.5000', '+');
insert into products_attributes (products_attributes_id, products_id, options_id, options_values_id, options_values_price, price_prefix) values ('3273', '1258', '4', '4', '0.0000', '+');
insert into products_attributes (products_attributes_id, products_id, options_id, options_values_id, options_values_price, price_prefix) values ('3272', '1258', '4', '13', '0.0000', '+');
insert into products_attributes (products_attributes_id, products_id, options_id, options_values_id, options_values_price, price_prefix) values ('3064', '1219', '1', '1', '2.5000', '+');
insert into products_attributes (products_attributes_id, products_id, options_id, options_values_id, options_values_price, price_prefix) values ('3063', '1218', '6', '43', '0.0000', '+');
insert into products_attributes (products_attributes_id, products_id, options_id, options_values_id, options_values_price, price_prefix) values ('3062', '1218', '6', '39', '0.0000', '+');
insert into products_attributes (products_attributes_id, products_id, options_id, options_values_id, options_values_price, price_prefix) values ('3316', '1270', '3', '1', '1.5000', '+');
insert into products_attributes (products_attributes_id, products_id, options_id, options_values_id, options_values_price, price_prefix) values ('3315', '1270', '2', '2', '0.0000', '+');
insert into products_attributes (products_attributes_id, products_id, options_id, options_values_id, options_values_price, price_prefix) values ('3314', '1270', '1', '1', '2.5000', '+');
insert into products_attributes (products_attributes_id, products_id, options_id, options_values_id, options_values_price, price_prefix) values ('3079', '1220', '4', '18', '0.0000', '+');
insert into products_attributes (products_attributes_id, products_id, options_id, options_values_id, options_values_price, price_prefix) values ('3078', '1220', '4', '4', '0.0000', '+');
insert into products_attributes (products_attributes_id, products_id, options_id, options_values_id, options_values_price, price_prefix) values ('3077', '1220', '3', '1', '1.5000', '+');
insert into products_attributes (products_attributes_id, products_id, options_id, options_values_id, options_values_price, price_prefix) values ('2785', '1194', '4', '17', '0.0000', '+');
insert into products_attributes (products_attributes_id, products_id, options_id, options_values_id, options_values_price, price_prefix) values ('2784', '1194', '4', '46', '0.0000', '+');
insert into products_attributes (products_attributes_id, products_id, options_id, options_values_id, options_values_price, price_prefix) values ('2783', '1194', '3', '1', '1.5000', '+');
insert into products_attributes (products_attributes_id, products_id, options_id, options_values_id, options_values_price, price_prefix) values ('2617', '1161', '4', '6', '0.0000', '+');
insert into products_attributes (products_attributes_id, products_id, options_id, options_values_id, options_values_price, price_prefix) values ('2616', '1161', '4', '13', '0.0000', '+');
insert into products_attributes (products_attributes_id, products_id, options_id, options_values_id, options_values_price, price_prefix) values ('2615', '1161', '3', '1', '1.5000', '+');
insert into products_attributes (products_attributes_id, products_id, options_id, options_values_id, options_values_price, price_prefix) values ('3103', '1222', '6', '39', '0.0000', '+');
insert into products_attributes (products_attributes_id, products_id, options_id, options_values_id, options_values_price, price_prefix) values ('3102', '1222', '6', '40', '0.0000', '+');
insert into products_attributes (products_attributes_id, products_id, options_id, options_values_id, options_values_price, price_prefix) values ('3101', '1222', '6', '41', '0.0000', '+');
insert into products_attributes (products_attributes_id, products_id, options_id, options_values_id, options_values_price, price_prefix) values ('3283', '1260', '4', '46', '0.0000', '+');
insert into products_attributes (products_attributes_id, products_id, options_id, options_values_id, options_values_price, price_prefix) values ('3282', '1260', '3', '1', '1.5000', '+');
insert into products_attributes (products_attributes_id, products_id, options_id, options_values_id, options_values_price, price_prefix) values ('3281', '1260', '2', '2', '0.0000', '+');
insert into products_attributes (products_attributes_id, products_id, options_id, options_values_id, options_values_price, price_prefix) values ('2570', '1153', '2', '2', '0.0000', '+');
insert into products_attributes (products_attributes_id, products_id, options_id, options_values_id, options_values_price, price_prefix) values ('2569', '1153', '1', '1', '2.5000', '+');
insert into products_attributes (products_attributes_id, products_id, options_id, options_values_id, options_values_price, price_prefix) values ('2568', '1152', '4', '4', '0.0000', '+');
insert into products_attributes (products_attributes_id, products_id, options_id, options_values_id, options_values_price, price_prefix) values ('3295', '1264', '2', '2', '0.0000', '+');
insert into products_attributes (products_attributes_id, products_id, options_id, options_values_id, options_values_price, price_prefix) values ('3294', '1264', '1', '1', '2.5000', '+');
insert into products_attributes (products_attributes_id, products_id, options_id, options_values_id, options_values_price, price_prefix) values ('3293', '1263', '3', '1', '1.5000', '+');
insert into products_attributes (products_attributes_id, products_id, options_id, options_values_id, options_values_price, price_prefix) values ('3298', '1265', '2', '2', '0.0000', '+');
insert into products_attributes (products_attributes_id, products_id, options_id, options_values_id, options_values_price, price_prefix) values ('3297', '1265', '1', '1', '2.5000', '+');
insert into products_attributes (products_attributes_id, products_id, options_id, options_values_id, options_values_price, price_prefix) values ('3296', '1264', '3', '1', '1.5000', '+');
insert into products_attributes (products_attributes_id, products_id, options_id, options_values_id, options_values_price, price_prefix) values ('3292', '1263', '2', '2', '0.0000', '+');
insert into products_attributes (products_attributes_id, products_id, options_id, options_values_id, options_values_price, price_prefix) values ('3291', '1263', '1', '1', '2.5000', '+');
insert into products_attributes (products_attributes_id, products_id, options_id, options_values_id, options_values_price, price_prefix) values ('3290', '1262', '3', '1', '1.5000', '+');
insert into products_attributes (products_attributes_id, products_id, options_id, options_values_id, options_values_price, price_prefix) values ('3289', '1262', '2', '2', '0.0000', '+');
insert into products_attributes (products_attributes_id, products_id, options_id, options_values_id, options_values_price, price_prefix) values ('3288', '1262', '1', '1', '2.5000', '+');
insert into products_attributes (products_attributes_id, products_id, options_id, options_values_id, options_values_price, price_prefix) values ('3287', '1261', '3', '1', '1.5000', '+');
insert into products_attributes (products_attributes_id, products_id, options_id, options_values_id, options_values_price, price_prefix) values ('3286', '1261', '2', '2', '0.0000', '+');
insert into products_attributes (products_attributes_id, products_id, options_id, options_values_id, options_values_price, price_prefix) values ('3285', '1261', '1', '1', '2.5000', '+');
insert into products_attributes (products_attributes_id, products_id, options_id, options_values_id, options_values_price, price_prefix) values ('3284', '1260', '4', '6', '0.0000', '+');
insert into products_attributes (products_attributes_id, products_id, options_id, options_values_id, options_values_price, price_prefix) values ('3370', '1287', '1', '1', '2.5000', '+');
insert into products_attributes (products_attributes_id, products_id, options_id, options_values_id, options_values_price, price_prefix) values ('3369', '1286', '3', '1', '1.5000', '+');
insert into products_attributes (products_attributes_id, products_id, options_id, options_values_id, options_values_price, price_prefix) values ('3368', '1286', '2', '2', '0.0000', '+');
insert into products_attributes (products_attributes_id, products_id, options_id, options_values_id, options_values_price, price_prefix) values ('3169', '1233', '1', '1', '2.5000', '+');
insert into products_attributes (products_attributes_id, products_id, options_id, options_values_id, options_values_price, price_prefix) values ('3168', '1232', '4', '5', '0.0000', '+');
insert into products_attributes (products_attributes_id, products_id, options_id, options_values_id, options_values_price, price_prefix) values ('3167', '1232', '4', '13', '0.0000', '+');
insert into products_attributes (products_attributes_id, products_id, options_id, options_values_id, options_values_price, price_prefix) values ('3145', '1228', '2', '2', '0.0000', '+');
insert into products_attributes (products_attributes_id, products_id, options_id, options_values_id, options_values_price, price_prefix) values ('3144', '1228', '1', '1', '2.5000', '+');
insert into products_attributes (products_attributes_id, products_id, options_id, options_values_id, options_values_price, price_prefix) values ('3143', '1227', '4', '4', '0.0000', '+');
insert into products_attributes (products_attributes_id, products_id, options_id, options_values_id, options_values_price, price_prefix) values ('3142', '1227', '4', '18', '0.0000', '+');
insert into products_attributes (products_attributes_id, products_id, options_id, options_values_id, options_values_price, price_prefix) values ('3141', '1227', '4', '15', '0.0000', '+');
insert into products_attributes (products_attributes_id, products_id, options_id, options_values_id, options_values_price, price_prefix) values ('3140', '1227', '3', '1', '1.5000', '+');
insert into products_attributes (products_attributes_id, products_id, options_id, options_values_id, options_values_price, price_prefix) values ('3331', '1275', '3', '1', '1.5000', '+');
insert into products_attributes (products_attributes_id, products_id, options_id, options_values_id, options_values_price, price_prefix) values ('3330', '1275', '2', '2', '0.0000', '+');
insert into products_attributes (products_attributes_id, products_id, options_id, options_values_id, options_values_price, price_prefix) values ('3329', '1275', '1', '1', '2.5000', '+');
insert into products_attributes (products_attributes_id, products_id, options_id, options_values_id, options_values_price, price_prefix) values ('2062', '1066', '1', '1', '2.5000', '+');
insert into products_attributes (products_attributes_id, products_id, options_id, options_values_id, options_values_price, price_prefix) values ('2061', '1065', '4', '17', '0.0000', '+');
insert into products_attributes (products_attributes_id, products_id, options_id, options_values_id, options_values_price, price_prefix) values ('2060', '1065', '4', '46', '0.0000', '+');
insert into products_attributes (products_attributes_id, products_id, options_id, options_values_id, options_values_price, price_prefix) values ('2059', '1065', '4', '4', '0.0000', '+');
insert into products_attributes (products_attributes_id, products_id, options_id, options_values_id, options_values_price, price_prefix) values ('2058', '1065', '4', '18', '0.0000', '+');
insert into products_attributes (products_attributes_id, products_id, options_id, options_values_id, options_values_price, price_prefix) values ('2057', '1065', '3', '1', '1.5000', '+');
insert into products_attributes (products_attributes_id, products_id, options_id, options_values_id, options_values_price, price_prefix) values ('2451', '1132', '4', '18', '0.0000', '+');
insert into products_attributes (products_attributes_id, products_id, options_id, options_values_id, options_values_price, price_prefix) values ('2450', '1132', '3', '1', '1.5000', '+');
insert into products_attributes (products_attributes_id, products_id, options_id, options_values_id, options_values_price, price_prefix) values ('2449', '1132', '2', '2', '0.0000', '+');
insert into products_attributes (products_attributes_id, products_id, options_id, options_values_id, options_values_price, price_prefix) values ('2824', '1201', '3', '1', '1.5000', '+');
insert into products_attributes (products_attributes_id, products_id, options_id, options_values_id, options_values_price, price_prefix) values ('2823', '1201', '2', '2', '0.0000', '+');
insert into products_attributes (products_attributes_id, products_id, options_id, options_values_id, options_values_price, price_prefix) values ('2822', '1201', '1', '1', '2.5000', '+');
insert into products_attributes (products_attributes_id, products_id, options_id, options_values_id, options_values_price, price_prefix) values ('3367', '1286', '1', '1', '2.5000', '+');
insert into products_attributes (products_attributes_id, products_id, options_id, options_values_id, options_values_price, price_prefix) values ('3366', '1285', '3', '1', '1.5000', '+');
insert into products_attributes (products_attributes_id, products_id, options_id, options_values_id, options_values_price, price_prefix) values ('3365', '1285', '2', '2', '0.0000', '+');
insert into products_attributes (products_attributes_id, products_id, options_id, options_values_id, options_values_price, price_prefix) values ('2209', '1092', '1', '1', '2.5000', '+');
insert into products_attributes (products_attributes_id, products_id, options_id, options_values_id, options_values_price, price_prefix) values ('2208', '1091', '4', '44', '0.0000', '+');
insert into products_attributes (products_attributes_id, products_id, options_id, options_values_id, options_values_price, price_prefix) values ('2207', '1091', '4', '5', '0.0000', '+');
insert into products_attributes (products_attributes_id, products_id, options_id, options_values_id, options_values_price, price_prefix) values ('2206', '1091', '3', '1', '1.5000', '+');
insert into products_attributes (products_attributes_id, products_id, options_id, options_values_id, options_values_price, price_prefix) values ('2205', '1091', '2', '2', '0.0000', '+');
insert into products_attributes (products_attributes_id, products_id, options_id, options_values_id, options_values_price, price_prefix) values ('2204', '1091', '1', '1', '2.5000', '+');
insert into products_attributes (products_attributes_id, products_id, options_id, options_values_id, options_values_price, price_prefix) values ('2203', '1090', '4', '5', '0.0000', '+');
insert into products_attributes (products_attributes_id, products_id, options_id, options_values_id, options_values_price, price_prefix) values ('2202', '1090', '4', '18', '0.0000', '+');
drop table if exists products_attributes_download;
create table products_attributes_download (
  products_attributes_id int(11) default '0' not null ,
  products_attributes_filename varchar(255) not null ,
  products_attributes_maxdays int(2) default '0' ,
  products_attributes_maxcount int(2) default '0' ,
  PRIMARY KEY (products_attributes_id)
);

insert into products_attributes_download (products_attributes_id, products_attributes_filename, products_attributes_maxdays, products_attributes_maxcount) values ('26', 'unreal.zip', '7', '3');
drop table if exists products_description;
create table products_description (
  products_id int(11) not null auto_increment,
  language_id int(11) default '1' not null ,
  products_name varchar(64) not null ,
  products_description text ,
  products_url varchar(255) ,
  products_viewed int(5) default '0' ,
  PRIMARY KEY (products_id, language_id),
  KEY products_name (products_name)
);

insert into products_description (products_id, language_id, products_name, products_description, products_url, products_viewed) values ('1294', '2', 'BOLSO CASUAL SUMMER FOUR', '<P>PRODUCTO: Bolso Casual Summer</P>
<P>COLORES: Surtidos</P>
<P>MEDIDAS: 32X20X10 cm.</P>', '', '11');
insert into products_description (products_id, language_id, products_name, products_description, products_url, products_viewed) values ('1295', '2', 'BOLSO TOP', '<P>PRODUCTO: Bolso Bandolera</P>
<P>COLORES: Surtidos</P>
<P>MEDIDAS: 18X5 cm.</P>', '', '13');
insert into products_description (products_id, language_id, products_name, products_description, products_url, products_viewed) values ('1296', '2', 'BOLSO PLAYA TOP MODEL', '<P>PRODUCTO: Bolso de Playa</P>
<P>COLORES: Surtidos</P>
<P>MEDIDAS: 39X30,5 cm.</P>', '', '3');
insert into products_description (products_id, language_id, products_name, products_description, products_url, products_viewed) values ('1297', '2', 'BOLSO PLAYA TOP MODEL II', '<P>PRODUCTO: Bolsa de Playa o Piscina </P>
<P>COLORES: Surtidos a Elegir</P>
<P>MEDIDAS: 35X39 cm.</P>', '', '8');
insert into products_description (products_id, language_id, products_name, products_description, products_url, products_viewed) values ('1298', '2', 'BOLSO PLAYA TOP MODEL III', '<P>PRODUCTO: Bolsa de Playa o Piscina </P>
<P>COLORES: Surtidos a Elegir</P>
<P>MEDIDAS: 41X37 cm.</P>', '', '4');
insert into products_description (products_id, language_id, products_name, products_description, products_url, products_viewed) values ('1299', '2', 'BOLSO INDIE', '<P>PRODUCTO: Bolso Indie</P>
<P>MEDIDAS: 36X46 cm.</P>', '', '20');
insert into products_description (products_id, language_id, products_name, products_description, products_url, products_viewed) values ('1236', '2', '3 PINZAS COLOR', '<P>PRODUCTO: Set&nbsp;3 Pinzas Pelo</P>
<P>COLORES: Colores Surtidos</P>
<P>MEDIDAS:&nbsp;18X10X4 cm.</P>
<P>PRESENTACIÓN: Blister </P>', '', '5');
insert into products_description (products_id, language_id, products_name, products_description, products_url, products_viewed) values ('1237', '2', '3 PINZAS STOP', '<P>PRODUCTO: Set&nbsp;3 Pinzas Pelo</P>
<P>COLORES: Colores Surtidos</P>
<P>MEDIDAS BLISTER:&nbsp;19X10X4 cm.</P>
<P>PRESENTACIÓN: Blister</P>', '', '3');
insert into products_description (products_id, language_id, products_name, products_description, products_url, products_viewed) values ('1238', '2', '3 PINZAS COLOR TWO', '<P>PRODUCTO: Set&nbsp;3 Pinzas Pelo</P>
<P>COLORES: Colores Surtidos</P>
<P>MEDIDAS PINZAS:&nbsp;8,5 cm.</P>
<P>PRESENTACIÓN: Blister </P>', '', '7');
insert into products_description (products_id, language_id, products_name, products_description, products_url, products_viewed) values ('1239', '2', '6 HORQUILLAS FASHION', '<P>PRODUCTO: 6 Horquillas</P>
<P>MODELO: Modelos Surtidos</P>
<P>COLORES: Colores Surtidos</P>
<P>PRESENTACIÓN: Blister</P>
<P>MEDIDAS BLISTER: 22X10 cm.</P>', '', '8');
insert into products_description (products_id, language_id, products_name, products_description, products_url, products_viewed) values ('1240', '2', '4 HORQUILLAS FASHION', '<P>PRODUCTO:&nbsp;4 Horquillas</P>
<P>MODELO: Modelos Surtidos</P>
<P>COLORES: Colores Surtidos</P>
<P>PRESENTACIÓN: Blister</P>
<P>MEDIDAS BLISTER: 20X15 cm.</P>', '', '8');
insert into products_description (products_id, language_id, products_name, products_description, products_url, products_viewed) values ('1241', '2', 'PINZA DE DEPILAR C/BLISTER INOX.', '<P>PRODUCTO: Pinza de Depilar</P>
<P>CARACTERISTICAS: Inoxidable</P>
<P>PRESENTACIÓN: Blister</P>', '', '5');
insert into products_description (products_id, language_id, products_name, products_description, products_url, products_viewed) values ('1242', '2', '30 MINI CLIPS SURTIDOS', '<P>PRODUCTO: 30 Mini Clips</P>
<P>MODELO: Modelos Surtidos</P>
<UL>
<LI>Pies</LI>
<LI>Manos</LI>
<LI>Pinzas</LI>
<LI>Manzanas</LI>
<LI>Etc.</LI></UL>
<P>COLORES: Surtidos</P>
<P>PRESENTACIÓN: Blister</P>', '', '17');
insert into products_description (products_id, language_id, products_name, products_description, products_url, products_viewed) values ('1243', '2', '8 PINZAS GLITTER', '<P>PRODUCTO: Set&nbsp;8 Pinzas Pelo</P>
<P>COLORES: Colores Surtidos</P>
<P>MEDIDAS BLISTER:&nbsp;8,5X21cm.</P>
<P>PRESENTACIÓN: Blister </P>', '', '8');
insert into products_description (products_id, language_id, products_name, products_description, products_url, products_viewed) values ('1244', '2', '10 HORQUILLAS METAL DOBLES', '<P>PRODUCTO: 10 Horquillas </P>
<P>CARACTERISTICAS: Metal. Dobles</P>
<P>COLORES: Surtidos</P>
<P>PRESENTACIÓN: Blister</P>
<P>MEDIDAS BLISTER: 27X8 cm.</P>', '', '4');
insert into products_description (products_id, language_id, products_name, products_description, products_url, products_viewed) values ('1245', '2', 'NECESER FLOR', '<P>PRODUCTO: Neceser</P>
<P>COLORES: Surtidos</P>
<P>MEDIDAS:&nbsp;26X17X10 cm.</P>
<P>PRESENTACIÓN: Estuche Transparente</P>', '', '2');
insert into products_description (products_id, language_id, products_name, products_description, products_url, products_viewed) values ('1246', '2', 'NECESER FLORAL', '<P>PRODUCTO: Neceser</P>
<P>COLORES: Surtidos</P>
<P>MEDIDAS:&nbsp;28X20X8 cm.</P>
<P>PRESENTACIÓN: Estuche Transparente </P>', '', '3');
insert into products_description (products_id, language_id, products_name, products_description, products_url, products_viewed) values ('1247', '2', 'NECESER FLORAL TWO', '<FONT face=Verdana color=gray size=2><SPAN style=\"FONT-SIZE: 10pt; COLOR: gray; FONT-FAMILY: Verdana\"><?xml:namespace prefix = o ns = \"urn:schemas-microsoft-com:office:office\" /><o:p>
<P>PRODUCTO: Neceser</P>
<P>COLORES: Surtidos</P>
<P>MEDIDAS:&nbsp;26X15X8 cm.</P>
<P>PRESENTACIÓN: Estuche Transparente </P></o:p></SPAN></FONT>', '', '1');
insert into products_description (products_id, language_id, products_name, products_description, products_url, products_viewed) values ('1248', '2', 'NECESER ASAS', '<P>PRODUCTO: Neceser con Asas</P>
<P>COLORES: Surtidos</P>
<P>MEDIDAS:&nbsp;25X9X7 cm.</P>
<P>PRESENTACIÓN: Estuche Transparente </P>', '', '1');
insert into products_description (products_id, language_id, products_name, products_description, products_url, products_viewed) values ('1249', '2', 'NECESER RAINBOW', '<P>PRODUCTO: Neceser con Asas</P>
<P>COLORES: Surtidos</P>
<P>MEDIDAS:&nbsp;26X18X6 cm.</P>
<P>PRESENTACIÓN: Estuche Transparente</P>', '', '2');
insert into products_description (products_id, language_id, products_name, products_description, products_url, products_viewed) values ('1250', '2', 'PINCELES MAQUILLAJE 6 UND.', '<P>PRODUCTO: Set 6 Pinceles de Maquillaje</P>
<P>COLORES: Surtidos</P>
<P>PRESENTACIÓN: Blister Individual (en compra al por mayor se regala expositor display)</P>
<P>MEDIDAS BLISTER: 21,5X9X3 cm.</P>
<P>MEDIDAS EXPOSITOR: 39X29X22 cm.</P>', '', '2');
insert into products_description (products_id, language_id, products_name, products_description, products_url, products_viewed) values ('1251', '2', 'BROCHA MAQUILLAJE RETRACTIL', '<P>PRODUCTO: Brocha Maquillaje Retractil</P>
<P>PRESENTACIÓN: Blister</P>
<P>MEDIDAS BLISTER: 24X8X2 cm.</P>
<P>&nbsp;</P>', '', '8');
insert into products_description (products_id, language_id, products_name, products_description, products_url, products_viewed) values ('1252', '2', 'BROCHA MAQUILLAJE C/ACCESORIOS', '<P>PRODUCTO: Brocha Maquillaje con Accesorios</P>
<P>PRESENTACIÓN: Blister</P>
<P>MEDIDAS BLISTER: 24X8X2 cm.</P>', '', '4');
insert into products_description (products_id, language_id, products_name, products_description, products_url, products_viewed) values ('1253', '2', 'PINCELES MAQUILLAJE C/ESPEJO', '<P>PRODUCTO: Set de Pinceles de Maquillaje con Espejo</P>
<P>PRESENTACIÓN: Blister Individual</P>', '', '1');
insert into products_description (products_id, language_id, products_name, products_description, products_url, products_viewed) values ('1254', '2', 'COLETEROS COLOR 14 PCS', '<P>PRODUCTO: Set 14 Coleteros</P>
<P>COLORES: Surtidos</P>
<P>PRESENTACIÓN: Blister</P>
<P>&nbsp;</P>', '', '5');
insert into products_description (products_id, language_id, products_name, products_description, products_url, products_viewed) values ('1255', '2', 'COLETEROS 14 PCS SURT.', '<P>PRODUCTO: Set 14 Coleteros</P>
<P>COLORES: Surtidos</P>
<P>PRESENTACIÓN: Blister</P>', '', '4');
insert into products_description (products_id, language_id, products_name, products_description, products_url, products_viewed) values ('1256', '2', 'COLETEROS COLOR 14 PCS SURT.', '<P>PRODUCTO: Set 14 Coleteros</P>
<P>COLORES: Surtidos</P>
<P>PRESENTACIÓN: Blister </P>', '', '1');
insert into products_description (products_id, language_id, products_name, products_description, products_url, products_viewed) values ('1257', '2', 'COLETEROS COLOR 10 PCS', '<P>PRODUCTO: Set 10 Coleteros</P>
<P>COLORES: Surtidos</P>
<P>PRESENTACIÓN: Blister </P>', '', '2');
insert into products_description (products_id, language_id, products_name, products_description, products_url, products_viewed) values ('1258', '2', 'COLETEROS 50 PCS SURT.', '<P>PRODUCTO: Set&nbsp;50 Coleteros</P>
<P>COLORES: Surtidos</P>
<P>PRESENTACIÓN: Blister </P>', '', '3');
insert into products_description (products_id, language_id, products_name, products_description, products_url, products_viewed) values ('1259', '2', '10 COLETEROS RIZO', '<P>PRODUCTO: Set 10 Coleteros</P>
<P>COLORES: Surtidos</P>
<P>PRESENTACIÓN: Blister </P>', '', '3');
insert into products_description (products_id, language_id, products_name, products_description, products_url, products_viewed) values ('1260', '2', '6 COLETEROS RIZO', '<P>PRODUCTO: Set 6 Coleteros</P>
<P>COLORES: Surtidos</P>
<P>PRESENTACIÓN: Blister </P>', '', '1');
insert into products_description (products_id, language_id, products_name, products_description, products_url, products_viewed) values ('1261', '2', 'COLETEROS 60 UND. C/TUBO', '<P>PRODUCTO: Set&nbsp;50 Coleteros</P>
<P>COLORES: Surtidos</P>
<P>PRESENTACIÓN: Tubo</P>', '', '3');
insert into products_description (products_id, language_id, products_name, products_description, products_url, products_viewed) values ('1262', '2', 'COLETEROS 100 PCS C/CAJA', '<P>PRODUCTO: Set 100 Coleteros</P>
<P>COLORES: Surtidos</P>
<P>PRESENTACIÓN: Caja</P>', '', '6');
insert into products_description (products_id, language_id, products_name, products_description, products_url, products_viewed) values ('1263', '2', 'COLETEROS PELO 3 PCS', '<P>PRODUCTO: Set 3 Coleteros</P>
<P>COLORES: Surtidos</P>
<P>PRESENTACIÓN: Blister </P>', '', '3');
insert into products_description (products_id, language_id, products_name, products_description, products_url, products_viewed) values ('1264', '2', 'COLETEROS 6 PCS FASHION', '<P>PRODUCTO: Set&nbsp;6 Coleteros</P>
<P>COLORES: Surtidos</P>
<P>PRESENTACIÓN: Blister </P>', '', '1');
insert into products_description (products_id, language_id, products_name, products_description, products_url, products_viewed) values ('1265', '2', 'CEPILLOS PELO MINI C/SOPORTE 5 PCS', '<P>PRODUCTO: Juego&nbsp;5 Cepillos Pelo con Soporte</P>
<P>COLORES: Surtidos</P>
<P>PRESENTACIÓN: Estuche</P>
<P>MEDIDAS:&nbsp;19X11X8 cm.</P>', '', '7');
insert into products_description (products_id, language_id, products_name, products_description, products_url, products_viewed) values ('1266', '2', 'CEPILLO PELO RUBBER', '<P>PRODUCTO: Cepillo Pelo Rubber</P>
<P>MODELO: 4 Modelos y Colores Surtidos</P>
<P>PRESENTACIÓN: En Venta al Por Mayor se Regalo Expositor Metálico</P>', '', '8');
insert into products_description (products_id, language_id, products_name, products_description, products_url, products_viewed) values ('1267', '2', 'CEPILLO PELO C/EXP.', '<P>PRODUCTO: Juego&nbsp;5&nbsp;Accesorios Pelo con Expositor</P>
<P>COLORES: Surtidos</P>
<P>PRESENTACIÓN: Estuche</P>
<P>MEDIDAS:&nbsp;28X16X12 cm. </P>', '', '4');
insert into products_description (products_id, language_id, products_name, products_description, products_url, products_viewed) values ('1268', '2', 'CEPILLO PELO 4 SURT. C/EXP.', '<P>PRODUCTO: Cepillo Pelo </P>
<P>MODELO: 4 Modelos y Colores Surtidos</P>
<P>PRESENTACIÓN: En Venta al Por Mayor se Regalo Expositor Metálico</P>', '', '10');
insert into products_description (products_id, language_id, products_name, products_description, products_url, products_viewed) values ('1269', '2', '10 HORQUILLAS FLORES METAL', '<P>PRODUCTO: 10 Horquillas</P>
<P>MODELO: Flores</P>
<P>CARACTERISTICAS: Metal</P>
<P>COLORES: Surtidos</P>
<P>PRESENTACIÓN: Blister</P>
<P>MEDIDAS BLISTER: 31X6 cm.</P>', '', '7');
insert into products_description (products_id, language_id, products_name, products_description, products_url, products_viewed) values ('1270', '2', '3 CEPILLOS PELO MINI C/ESPEJO', '<P>PRODUCTO: 3 Cepillos Pelo Mini con Espejo</P>
<P>COLORES: Surtidos</P>
<P>MODELO: Surtidos</P>
<P>PRESENTACIÓN: Estuche</P>', '', '3');
insert into products_description (products_id, language_id, products_name, products_description, products_url, products_viewed) values ('1271', '2', 'CORTACUTICULA C/LIMA', '<P>PRODUCTO: Cortacuticula con Lima</P>
<P>PRESENTACIÓN: Blister</P>', '', '10');
insert into products_description (products_id, language_id, products_name, products_description, products_url, products_viewed) values ('1272', '2', 'CORTAUÑA C/LIMA', '<P>PRODUCTO: Cortauña con 2 Limas</P>
<P>PRESENTACIÓN: Blister</P>', '', '4');
insert into products_description (products_id, language_id, products_name, products_description, products_url, products_viewed) values ('1273', '2', 'CORTAUÑAS SURTIDOS', '<P>PRODUCTO: Cortauñas Surtidos</P>
<P>PRESENTACIÓN: Blister Individial (en compra al por mayor se regala expositor display)</P>
<P>MEDIDAS EXPOSITOR: 30X28X20 cm.</P>
<P>&nbsp;</P>', '', '3');
insert into products_description (products_id, language_id, products_name, products_description, products_url, products_viewed) values ('1274', '2', 'JUEGO MANICURA 15 PCS', '<P>PRODUCTO: Juego de Manicura </P>
<P>CONTIENE: 15 Piezas Surtidas</P>
<P>PRESENTACIÓN: Estuche</P>', '', '2');
insert into products_description (products_id, language_id, products_name, products_description, products_url, products_viewed) values ('1275', '2', 'JUEGO MANICURA COLOR 5 PCS', '<P>PRODUCTO: Juego Manicura 5 Piezas</P>
<P>COLORES: Surtidos</P>
<P>PRESENTACIÓN: Blister Individual (en compra al por mayor se regala expositor display)</P>
<P>MEDIDAS BLISTER: 21,5X9X3 cm.</P>
<P>MEDIDAS EXPOSITOR: 39X29X22 cm.</P>', '', '7');
insert into products_description (products_id, language_id, products_name, products_description, products_url, products_viewed) values ('1276', '2', 'SET MANICURA 5 PCS', '<P>PRODUCTO: Juego Manicura 5 Piezas</P>
<P>COLORES: Surtidos</P>
<P>PRESENTACIÓN: Blister Individual (en compra al por mayor se regala expositor display)</P>
<P>MEDIDAS BLISTER: 18X4,5X3,5 cm.</P>
<P>MEDIDAS EXPOSITOR: 36X29X22 cm.</P>', '', '8');
insert into products_description (products_id, language_id, products_name, products_description, products_url, products_viewed) values ('1277', '2', 'GRAN ESTUCHE MANICURA', '<P>PRODUCTO: Estuche Manicura.</P>
<P>MEDIDAS: 2,5X15X8 cm.</P>
<P>PRESENTACIÓN: Blister</P>', '', '1');
insert into products_description (products_id, language_id, products_name, products_description, products_url, products_viewed) values ('1278', '2', 'SET MANICURA 4 PCS', '<P>PRODUCTO: Juego Manicura&nbsp;4 Piezas</P>
<P>COLORES: Surtidos</P>
<P>PRESENTACIÓN: Blister Individual (en compra al por mayor se regala expositor display)</P>
<P>MEDIDAS EXPOSITOR: 31X31X22 cm.</P>', '', '1');
insert into products_description (products_id, language_id, products_name, products_description, products_url, products_viewed) values ('1279', '2', 'JUEGO MANICURA 5 PCS C/ESTUCHE', '<P>PRODUCTO: Juego Manicura 5 Piezas con Estuche</P>
<P>COLORES: Surtidos</P>
<P>PRESENTACIÓN: Blister Individual (en compra al por mayor se regala expositor display)</P>
<P>MEDIDAS EXPOSITOR:&nbsp;31X31X22 cm. </P>', '', '7');
insert into products_description (products_id, language_id, products_name, products_description, products_url, products_viewed) values ('1280', '2', 'SET MANICURA 8 PCS C/ESTUCHE', '<P>PRODUCTO: Juego Manicura&nbsp;8 Piezas con Estuche</P>
<P>COLORES: Surtidos</P>
<P>PRESENTACIÓN: Blister Individual (en compra al por mayor se regala expositor display)</P>
<P>MEDIDAS EXPOSITOR:&nbsp;29,5X31X22 cm. </P>', '', '5');
insert into products_description (products_id, language_id, products_name, products_description, products_url, products_viewed) values ('1281', '2', 'LIMA UÑAS 4 CARAS', '<P>PRODUCTO: Lima de Uñas&nbsp;4 Caras</P>
<P>COLORES: Surtidos</P>
<P>PRESENTACIÓN: Blister Individual (en compra al por mayor se regala expositor display)</P>
<P>MEDIDAS EXPOSITOR: 30X28X20 cm.</P>', '', '2');
insert into products_description (products_id, language_id, products_name, products_description, products_url, products_viewed) values ('1282', '2', 'LIMAS UÑAS 4 UNDS. SURT.', '<P>PRODUCTO: 4 Limas de Uñas Surtidas</P>
<P>COLORES: Surtidos</P>
<P>PRESENTACIÓN: Blister Individual (en compra al por mayor se regala expositor display)</P>
<P>MEDIDAS EXPOSITOR: 30X28X20 cm.</P>', '', '3');
insert into products_description (products_id, language_id, products_name, products_description, products_url, products_viewed) values ('1283', '2', 'SUJETADEDOS C/LIMA', '<P>PRODUCTO: Sujetadedos con Lima</P>
<P>PRESENTACIÓN: Blister Individual</P>', '', '1');
insert into products_description (products_id, language_id, products_name, products_description, products_url, products_viewed) values ('1284', '2', 'TIJERA MANICURA COLOR', '<P>PRODUCTO: Tijera Manicura</P>
<P>COLORES: Surtidos</P>
<P>PRESENTACIÓN: Blister Individual (en compra al por mayor se regala expositor display)</P>
<P>MEDIDAS EXPOSITOR: 29X27X20 cm.</P>
<P>MEDIDAS BLISTER: 14X6 cm.</P>', '', '2');
insert into products_description (products_id, language_id, products_name, products_description, products_url, products_viewed) values ('1285', '2', 'TIJERA MANICURA', '<P>PRODUCTO: Tijera Manicura</P>
<P>COLORES: Surtidos</P>
<P>PRESENTACIÓN: Blister Individual (en compra al por mayor se regala expositor display)</P>
<P>MEDIDAS EXPOSITOR: 29X27X20 cm.</P>
<P>MEDIDAS BLISTER: 14X6 cm. </P>', '', '2');
insert into products_description (products_id, language_id, products_name, products_description, products_url, products_viewed) values ('1286', '2', 'BLISTER TIJERA MANICURA', '<P>PRODUCTO: Tijera Manicura 9 cm.</P>
<P>PRESENTACIÓN: Blister Individual </P>', '', '7');
insert into products_description (products_id, language_id, products_name, products_description, products_url, products_viewed) values ('1287', '2', 'TOALLITAS DESMAQUILL. ALOE-VERA', '<P>PRODUCTO: Suaves Toallitas Desmaquillantes</P>
<P>CARACTERISTICAS: Aloe-Vera</P>
<P>CANTIDAD: 15 Unidades</P>', '', '3');
insert into products_description (products_id, language_id, products_name, products_description, products_url, products_viewed) values ('1288', '2', 'TOALLITAS REFRESCANTES 20 UNDS.', '<P>PRODUCTO: Toallitas Refrescantes</P>
<P>CAPACIDAD: 20 Unidades cada Blister</P>
<P>PRESENTACIÓN: Blister Individual (en compra al por mayor se regala expositor display)</P>', '', '7');
insert into products_description (products_id, language_id, products_name, products_description, products_url, products_viewed) values ('1289', '2', 'BOLSO DE PELUCHE', '<P>PRODUCTO: Bolso de Peluche</P>
<P>COLORES: Surtidos</P>
<P>MEDIDAS: 24X30X10 cm.</P>', '', '9');
insert into products_description (products_id, language_id, products_name, products_description, products_url, products_viewed) values ('1290', '2', 'BOLSO CASUAL SUMMER', '<P>PRODUCTO: Bolso Casual Summer</P>
<P>COLORES: Surtidos</P>
<P>MEDIDAS: 16X13,5X4 cm.</P>', '', '17');
insert into products_description (products_id, language_id, products_name, products_description, products_url, products_viewed) values ('1291', '2', 'BOLSO CASUAL SUMMER TWO', '<P>PRODUCTO: Bolso Casual Summer</P>
<P>COLORES: Surtidos</P>
<P>MEDIDAS: 17X14X5 cm.</P>', '', '15');
insert into products_description (products_id, language_id, products_name, products_description, products_url, products_viewed) values ('1292', '2', 'BOLSO CASUAL SUMMER THREE', '<P>PRODUCTO: Bolso Casual Summer</P>
<P>COLORES: Surtidos</P>
<P>MEDIDAS: 17X14X5 cm.</P>', '', '9');
insert into products_description (products_id, language_id, products_name, products_description, products_url, products_viewed) values ('1293', '2', 'BOLSA COSMETICA PVC', '<P>PRODUCTO: Bolsa Cosmética</P>
<P>CARACTERISTICAS: PVC</P>
<P>MODELOS: Colores y Modelos Surtidos</P>
<P>MEDIDAS: 16,5X12 cm.</P>', '', '8');
insert into products_description (products_id, language_id, products_name, products_description, products_url, products_viewed) values ('1058', '2', 'GAFAS DE SOL FASHION TWO', '<P>PRODUCTO: Gafas de Sol</P>
<P>CARACTERISTICAS: Alta Calidad.</P>
<P>MODELOS: Modelos y Colores Surtidos</P>
<P>PRESENTACIÓN: Percha Expositora Individual </P>', '', '13');
insert into products_description (products_id, language_id, products_name, products_description, products_url, products_viewed) values ('1059', '2', 'GAFAS DE SOL FASHION THREE', '<P>PRODUCTO: Gafas de Sol</P>
<P>CARACTERISTICAS: Alta Calidad.</P>
<P>PRESENTACIÓN: Percha Expositora Individual</P>', '', '17');
insert into products_description (products_id, language_id, products_name, products_description, products_url, products_viewed) values ('1060', '2', 'GAFAS DE SOL WHITE', '<P>PRODUCTO: Gafas de Sol White</P>
<P>CARACTERISTICAS: Alta Calidad.</P>
<P>MODELOS: Modelos Surtidos</P>
<P>PRESENTACIÓN: Percha Expositora Individual</P>', '', '21');
insert into products_description (products_id, language_id, products_name, products_description, products_url, products_viewed) values ('1061', '2', 'GAFAS DE SOL FASHION STDS', '<P>PRODUCTO: Gafas de Sol</P>
<P>CARACTERISTICAS: Alta Calidad.</P>
<P>MODELOS: Modelos y Colores Surtidos</P>
<P>PRESENTACIÓN: Percha Expositora Individual </P>', '', '12');
insert into products_description (products_id, language_id, products_name, products_description, products_url, products_viewed) values ('1062', '2', 'GAFAS DE SOL FASHION FOUR', '<P>PRODUCTO: Gafas de Sol</P>
<P>CARACTERISTICAS: Alta Calidad.</P>
<P>MODELOS: Modelos y Colores Surtidos</P>
<P>PRESENTACIÓN: Percha Expositora Individual </P>', '', '8');
insert into products_description (products_id, language_id, products_name, products_description, products_url, products_viewed) values ('1063', '2', 'BOLSO VERANO FRESH', '<P>PRODUCTO: Bolso de Verano.</P>
<P>COLORES: Colores Surtidos</P>
<P>MEDIDAS: 28X47X13 cm.</P>', '', '1');
insert into products_description (products_id, language_id, products_name, products_description, products_url, products_viewed) values ('1064', '2', 'SOMBRERO PAPER SURT.', '<P>PRODUCTO: Sombrero Paper</P>
<P>COLORES: Surtidos</P>', '', '14');
insert into products_description (products_id, language_id, products_name, products_description, products_url, products_viewed) values ('1065', '2', 'SOMBRERO PAPER SUMMER', '<P>PRODUCTO: Sombrero Paper Summer</P>
<P>COLORES: Surtidos</P>', '', '14');
insert into products_description (products_id, language_id, products_name, products_description, products_url, products_viewed) values ('1066', '2', 'SOMBRERO PAPER ALT', '<P>PRODUCTO: Sombrero Paper Summer</P>
<P>COLORES: Surtidos</P>', '', '14');
insert into products_description (products_id, language_id, products_name, products_description, products_url, products_viewed) values ('1067', '2', 'BOLSO VERANO FLOR', '<P>PRODUCTO: Bolso de Verano</P>
<P>MODELO: Colores Surtidos</P>
<P>MEDIDAS: 34X42X13 cm. </P>', '', '17');
insert into products_description (products_id, language_id, products_name, products_description, products_url, products_viewed) values ('1068', '2', 'BOLSO PLAYA ANCLA', '<P>PRODUCTO: Bolso de Playa</P>
<P>MODELO: Surtidos a Elegir</P>
<P>MEDIDAS: 44X44 cm.</P>', '', '5');
insert into products_description (products_id, language_id, products_name, products_description, products_url, products_viewed) values ('1069', '2', 'BOLSO PLAYA RAYAS', '<P>PRODUCTO: Bolso de Verano</P>
<P>COLORES. Surtidos a Elegir</P>
<P>MEDIDAS: 37X48 cm.</P>', '', '6');
insert into products_description (products_id, language_id, products_name, products_description, products_url, products_viewed) values ('1070', '2', 'BOLSO PLAYA GIRL', '<P>PRODUCTO: Bolso Playa</P>
<P>COLORES: Surtidos a Elegir</P>
<P>MEDIDAS: 36X46X15 cm.</P>', '', '7');
insert into products_description (products_id, language_id, products_name, products_description, products_url, products_viewed) values ('1071', '2', 'BOLSO PLAYA LAZOS', '<P>PRODUCTO: Bolso Playa</P>
<P>COLORES: Surtidos a Elegir</P>
<P>MEDIDAS: 33X46 cm.</P>', '', '7');
insert into products_description (products_id, language_id, products_name, products_description, products_url, products_viewed) values ('1072', '2', 'BOLSO SUMMER', '<P>PRODUCTO: Bolso Summer</P>
<P>COLORES: Surtidos a Elegir</P>
<P>MEDIDAS: 35X48X12 cm.</P>', '', '8');
insert into products_description (products_id, language_id, products_name, products_description, products_url, products_viewed) values ('1073', '2', 'BOLSO STAR', '<P>PRODUCTO: Bolso </P>
<P>COLORES: Surtidos a Elegir</P>
<P>MEDIDAS: 37X50 cm.</P>', '', '8');
insert into products_description (products_id, language_id, products_name, products_description, products_url, products_viewed) values ('1074', '2', 'BOLSO ESTERILLA PLAYA C/SANDALIAS', '<P>PRODUCTO: Bolso Desplegable en Esterilla Playa con Sandalias</P>
<P>COLORES: Surtidos a Elegir</P>
<P>&nbsp;</P>', '', '17');
insert into products_description (products_id, language_id, products_name, products_description, products_url, products_viewed) values ('1075', '2', 'BOLSO ESTERILLA C/ZAPATILLAS + GORRO', '<P>PRODUCTO: Bolso Desplegable en Esterilla Playa con Sandalias y Gorro</P>
<P>COLORES: Surtidos a Elegir</P>
<P>MEDIDAS ESTERILLA: 180X70 cm.</P>', '', '31');
insert into products_description (products_id, language_id, products_name, products_description, products_url, products_viewed) values ('1076', '2', 'PAMELA C/LAZO', '<P>PRODUCTO: Pamela con Lazo</P>
<P>MODELOS: Colores y Motivos en Lazos Surtidos<BR></P>', '', '10');
insert into products_description (products_id, language_id, products_name, products_description, products_url, products_viewed) values ('1077', '2', 'SOMBRERO JUVENIL PAPER', '<P>PRODUCTO: Sombrero Juvenil</P>
<P>COLORES: Surtidos a Elegir</P>', '', '8');
insert into products_description (products_id, language_id, products_name, products_description, products_url, products_viewed) values ('1078', '2', 'CHANCLAS RAYAS', '<P>PRODUCTO: Chanclas Verano</P>
<P>COLORES: Surtidos a Elegir</P>
<P>TALLAS: Surtidas a Elegir</P>', '', '10');
insert into products_description (products_id, language_id, products_name, products_description, products_url, products_viewed) values ('1079', '2', 'NECESER 3 DEPARTAMENTOS', '<P>PRODUCTO: Neceser</P>
<P>CARACTERISTICAS: 3 Departamentos</P>
<P>COLORES: Surtidos a Elegir</P>', '', '14');
insert into products_description (products_id, language_id, products_name, products_description, products_url, products_viewed) values ('1080', '2', 'ABANICO LACADO MARIPOSA', '<P>PRODUCTO: Abanico</P>
<P>CARACTERISTICAS: Lacado</P>
<P>COLORES: Surtidos</P>
<P>PRESENTACIÓN: Estuche Individual</P>
<P>MEDIDAS:&nbsp;43X22 cm.</P>', '', '9');
insert into products_description (products_id, language_id, products_name, products_description, products_url, products_viewed) values ('1081', '2', 'ABANICO LACADO 2 CARAS FLORES', '<P>PRODUCTO: Abanico</P>
<P>CARACTERISTICAS: Lacado 2 Caras</P>
<P>COLORES: Surtidos</P>
<P>PRESENTACIÓN: Estuche Individual</P>
<P>MEDIDAS: 42X22 cm.</P>', '', '11');
insert into products_description (products_id, language_id, products_name, products_description, products_url, products_viewed) values ('1082', '2', 'ABANICO FONDO FLORES', '<P>PRODUCTO: Abanico</P>
<P>COLORES: Surtidos</P>
<P>PRESENTACIÓN: Estuche Individual</P>
<P>MEDIDAS:&nbsp;43X22 cm</P>', '', '11');
insert into products_description (products_id, language_id, products_name, products_description, products_url, products_viewed) values ('1083', '2', 'ABANICO MADELA CALADO COLOR', '<P>PRODUCTO: Abanico</P>
<P>CARACTERISTICAS: Madera Calado</P>
<P>COLORES: Surtidos</P>
<P>PRESENTACIÓN: Estuche Individual</P>
<P>MEDIDAS: 43X22 cm.</P>', '', '4');
insert into products_description (products_id, language_id, products_name, products_description, products_url, products_viewed) values ('1084', '2', 'ABANICO PERFUMADO C/CAJA', '<P>PRODUCTO: Abanico</P>
<P>CARACTERISTICAS: Perfumado</P>
<P>COLORES: Surtidos</P>
<P>PRESENTACIÓN: Estuche Individual</P>', '', '6');
insert into products_description (products_id, language_id, products_name, products_description, products_url, products_viewed) values ('1085', '2', 'ABANICO LACADO', '<P>PRODUCTO: Abanico</P>
<P>CARACTERISTICAS: Lacado</P>
<P>COLORES: Surtidos</P>
<P>PRESENTACIÓN: Estuche Individual</P>
<P>MEDIDAS: 43X22 cm.</P>', '', '13');
insert into products_description (products_id, language_id, products_name, products_description, products_url, products_viewed) values ('1086', '2', 'ABANICO LACADO STAR', '<P>PRODUCTO: Abanico</P>
<P>CARACTERISTICAS: Lacado</P>
<P>COLORES: Surtidos</P>
<P>PRESENTACIÓN: Estuche Individual</P>
<P>MEDIDAS:&nbsp;43X22 cm.</P>', '', '6');
insert into products_description (products_id, language_id, products_name, products_description, products_url, products_viewed) values ('1087', '2', 'ABANICO MAD. CALADO SURT.', '<P>PRODUCTO: Abanico</P>
<P>CARACTERISTICAS: Madera Calado</P>
<P>COLORES: Surtidos</P>
<P>PRESENTACIÓN: Estuche Individual</P>
<P>MEDIDAS: 42X23 cm.</P>', '', '6');
insert into products_description (products_id, language_id, products_name, products_description, products_url, products_viewed) values ('1088', '2', 'ABANICO MADERA LISO SURT.', '<P>PRODUCTO: Abanico</P>
<P>CARACTERISTICAS: Madera Liso</P>
<P>COLORES: Surtidos</P>
<P>PRESENTACIÓN: Estuche Individual</P>
<P>MEDIDAS: 34,5X19 cm.</P>', '', '1');
insert into products_description (products_id, language_id, products_name, products_description, products_url, products_viewed) values ('1089', '2', 'ABANICO MADERA BOLSO SURTIDOS', '<P>PRODUCTO: Abanico</P>
<P>CARACTERISTICAS: Madera </P>
<P>COLORES: Surtidos</P>
<P>PRESENTACIÓN: Estuche Individual</P>
<P>MEDIDAS: 34,5X19 cm.</P>', '', '1');
insert into products_description (products_id, language_id, products_name, products_description, products_url, products_viewed) values ('1090', '2', 'ABANICO MADERA TELA CALADO', '<P>PRODUCTO: Abanico</P>
<P>CARACTERISTICAS: Madera con Tela. Calado</P>
<P>COLORES: Surtidos</P>
<P>PRESENTACIÓN: Estuche Individual</P>
<P>MEDIDAS: 42X22 cm.</P>', '', '1');
insert into products_description (products_id, language_id, products_name, products_description, products_url, products_viewed) values ('1091', '2', 'ABANICO MADERA GRABADO LACA', '<P>PRODUCTO: Abanico</P>
<P>CARACTERISTICAS: Madera. Grabado Laca</P>
<P>COLORES: Surtidos</P>
<P>PRESENTACIÓN: Estuche Individual</P>
<P>MEDIDAS:&nbsp;43X22&nbsp;cm.</P>', '', '2');
insert into products_description (products_id, language_id, products_name, products_description, products_url, products_viewed) values ('1092', '2', 'ABANICO PLASTICO COLORES SURTIDOS', '<P>PRODUCTO: Abanico</P>
<P>CARACTERISTICAS: Plástico</P>
<P>COLORES: Surtidos</P>
<P>MEDIDAS:&nbsp;43X22 cm.</P>', '', '3');
insert into products_description (products_id, language_id, products_name, products_description, products_url, products_viewed) values ('1093', '2', 'ABANICO MADERA SURT.', '<P>PRODUCTO: Abanico</P>
<P>CARACTERISTICAS: Madera </P>
<P>COLORES: Surtidos</P>
<P>PRESENTACIÓN: Estuche Individual</P>
<P>MEDIDAS: 42X22 cm.</P>', '', '1');
insert into products_description (products_id, language_id, products_name, products_description, products_url, products_viewed) values ('1094', '2', 'ABANICO LACADO FLORAL', '<P>PRODUCTO: Abanico</P>
<P>CARACTERISTICAS: Lacado</P>
<P>COLORES: Surtidos</P>
<P>PRESENTACIÓN: Estuche Individual</P>
<P>MEDIDAS:&nbsp;43X22 &nbsp;cm.</P>', '', '9');
insert into products_description (products_id, language_id, products_name, products_description, products_url, products_viewed) values ('1095', '2', 'ABANICO LACADO 2 CARAS', '<P>PRODUCTO: Abanico</P>
<P>CARACTERISTICAS: Lacado 2 Caras</P>
<P>COLORES: Surtidos</P>
<P>PRESENTACIÓN: Estuche Individual</P>
<P>MEDIDAS: 43X22 cm. </P>', '', '12');
insert into products_description (products_id, language_id, products_name, products_description, products_url, products_viewed) values ('1096', '2', 'ABANICO MADERA BOLSO CALADO', '<P>PRODUCTO: Abanico</P>
<P>CARACTERISTICAS: Madera Calado</P>
<P>COLORES: Surtidos</P>
<P>PRESENTACIÓN: Estuche Individual</P>
<P>MEDIDAS: 34,5X19 cm.</P>', '', '2');
insert into products_description (products_id, language_id, products_name, products_description, products_url, products_viewed) values ('1097', '2', 'ABANICO MADERA CALADO SUR', '<P>PRODUCTO: Abanico</P>
<P>CARACTERISTICAS: Madera Calado</P>
<P>COLORES: Surtidos</P>
<P>PRESENTACIÓN: Estuche Individual</P>
<P>MEDIDAS: 43X22 cm.&nbsp; </P>', '', '5');
insert into products_description (products_id, language_id, products_name, products_description, products_url, products_viewed) values ('1098', '2', 'ABANICO LACADO GREEN', '<P>PRODUCTO: Abanico</P>
<P>CARACTERISTICAS: Lacado</P>
<P>PRESENTACIÓN: Estuche Individual</P>
<P>MEDIDAS: 43X22 cm.&nbsp;</P>', '', '12');
insert into products_description (products_id, language_id, products_name, products_description, products_url, products_viewed) values ('1099', '2', 'ABANICO LACADO FELINO', '<P>PRODUCTO: Abanico</P>
<P>CARACTERISTICAS: Lacado</P>
<P>PRESENTACIÓN: Estuche Individual</P>
<P>MEDIDAS: 43X22 cm.&nbsp; </P>', '', '16');
insert into products_description (products_id, language_id, products_name, products_description, products_url, products_viewed) values ('1100', '2', 'SOMBRERO PAPER RAYAS', '<P>PRODUCTO: Sombrero Paper </P>
<P>COLORES: Surtidos</P>', '', '8');
insert into products_description (products_id, language_id, products_name, products_description, products_url, products_viewed) values ('1101', '2', 'SOMBRERO PAPER FASHION', '<P>PRODUCTO: Sombrero Paper Fashion</P>
<P>COLORES: Surtidos</P>', '', '6');
insert into products_description (products_id, language_id, products_name, products_description, products_url, products_viewed) values ('1102', '2', 'SOMBRERO PAPER SOL', '<P>PRODUCTO: Sombrero Paper </P>
<P>COLORES: Surtidos </P>', '', '8');
insert into products_description (products_id, language_id, products_name, products_description, products_url, products_viewed) values ('1103', '2', 'GORRO JEANS SUMMER', '<P>PRODUCTO: Gorro </P>
<P>CARACTERISTICAS: Confeccionado en Tela Vaquera</P>', '', '8');
insert into products_description (products_id, language_id, products_name, products_description, products_url, products_viewed) values ('1104', '2', 'GORRA JEANS SUMMER', '<P>PRODUCTO: Gorra</P>
<P>CARACTERISTICAS: Confeccionada en Tela Vaquera</P>
<P>MODELO: Surtidos</P>', '', '11');
insert into products_description (products_id, language_id, products_name, products_description, products_url, products_viewed) values ('1105', '2', 'GORRA SUMMER LONA', '<P>PRODUCTO: Gorra Lona</P>
<P>COLORES: Surtidos</P>', '', '14');
insert into products_description (products_id, language_id, products_name, products_description, products_url, products_viewed) values ('1106', '2', 'SANDALIAS LEOPARDO', '<P>PRODUCTO: Sandalias </P>
<P>MODELO: Leopardo</P>
<P>COLORES: Surtidos</P>
<P>TALLAS: 36 a 41</P>', '', '12');
insert into products_description (products_id, language_id, products_name, products_description, products_url, products_viewed) values ('1107', '2', 'SANDALIAS LUNARES', '<P>PRODUCTO: Sandalias </P>
<P>MODELO: Lunares</P>
<P>COLORES: Surtidos</P>
<P>TALLAS: 36 a 41</P>', '', '17');
insert into products_description (products_id, language_id, products_name, products_description, products_url, products_viewed) values ('1108', '2', 'SANDALIAS ELEGANCE', '<P>PRODUCTO: Sandalias</P>
<P>MODELO: Elegance</P>
<P>COLORES: Surtidos</P>
<P>TALLAS: 36 a 41</P>', '', '32');
insert into products_description (products_id, language_id, products_name, products_description, products_url, products_viewed) values ('1109', '2', 'SANDALIAS FRESH', '<P>PRODUCTO: Sandalias</P>
<P>MODELO: Fresh</P>
<P>COLORES: Surtidos</P>
<P>TALLAS: 36 a 41</P>', '', '30');
insert into products_description (products_id, language_id, products_name, products_description, products_url, products_viewed) values ('1110', '2', 'NECESER BLUE', '<P>PRODUCTO: Neceser</P>
<P>COLOR: Azul</P>
<P>MEDIDAS: 17,5X28,5X10 cm.</P>
<P>PRESENTACIÓN: Estuche Transparente</P>', '', '9');
insert into products_description (products_id, language_id, products_name, products_description, products_url, products_viewed) values ('1111', '2', 'NECESER GREEN', '<P>PRODUCTO: Neceser</P>
<P>COLOR: Verde</P>
<P>MEDIDAS: 21,5X28,5X7,5 cm.</P>
<P>PRESENTACIÓN: Estuche Transparente</P>', '', '6');
insert into products_description (products_id, language_id, products_name, products_description, products_url, products_viewed) values ('1112', '2', 'NECESER ELEGANCE GR.', '<P>PRODUCTO: Neceser</P>
<P>COLOR: Surtidos</P>
<P>MEDIDAS: 23,5X17X13,5 cm.</P>', '', '11');
insert into products_description (products_id, language_id, products_name, products_description, products_url, products_viewed) values ('1113', '2', 'ZAPATILLAS PLAYA', '<P>PRODUCTO: Zapatillas Playa</P>
<P>COLORES: Surtidos</P>
<P>TALLAS: 35 a 40</P>', '', '15');
insert into products_description (products_id, language_id, products_name, products_description, products_url, products_viewed) values ('1114', '2', 'CEPILLO PELO 4 SURT.', '<P>PRODUCTO: Cepillo Pelo</P>
<P>MODELO: 4 Modelos y Colores Surtidos</P>
<P>PRESENTACIÓN: En Venta al Por Mayor se Regalo Expositor Metálico</P>', '', '16');
insert into products_description (products_id, language_id, products_name, products_description, products_url, products_viewed) values ('1115', '2', 'JUEGO 4 CEPILLOS PELO', '<P>PRODUCTO: Juego 4 Cepillos Pelo</P>
<P>COLORES: Surtidos</P>
<P>PRESENTACIÓN: Estuche</P>
<P>MEDIDAS: 28X22,5X6 cm.</P>', '', '12');
insert into products_description (products_id, language_id, products_name, products_description, products_url, products_viewed) values ('1116', '2', '24 MINI PINZAS RAYAS', '<P>PRODUCTO: 24 Mini Pinzas</P>
<P>COLORES: Surtidos</P>
<P>PRESENTACIÓN: Blister</P>', '', '27');
insert into products_description (products_id, language_id, products_name, products_description, products_url, products_viewed) values ('1117', '2', 'SET PELO SURTIDO', '<P>PRODUCTO: Set Accesorios Pelo Surtidos</P>
<P>COLORES: Surtidos</P>
<P>PRESENTACIÓN: Blister</P>
<P>MEDIDAS: 20,5X10X2,7 cm.</P>', '', '45');
insert into products_description (products_id, language_id, products_name, products_description, products_url, products_viewed) values ('1118', '2', 'PULSERA METAL FASHION ONE', '<P>PRODUCTO: Pulsera Metálica</P>
<P>MODELO: Surtidos</P>
<P>MEDIDAS: 22 cm. Longitud</P>
<P>PRESENTACIÓN: Blister</P>', '', '17');
insert into products_description (products_id, language_id, products_name, products_description, products_url, products_viewed) values ('1119', '2', 'PULSERA METAL SURTIDAS', '<P>PRODUCTO: Pulsera</P>
<P>CARACTERISTICAS: Metálica</P>
<P>MODELO: Surtidos</P>
<P>MEDIDAS: 22 cm.</P>
<P>PRESENTACIÓN: Blister Individual (en venta al por mayor se regala expositor metálico)</P>', '', '7');
insert into products_description (products_id, language_id, products_name, products_description, products_url, products_viewed) values ('1120', '2', 'PULSERA METAL SOFT', '<P>PRODUCTO: Pulsera</P>
<P>CARACTERISTICAS: Metal</P>
<P>COLORES: Surtidos</P>
<P>PRESENTACIÓN: Blister</P>', '', '8');
insert into products_description (products_id, language_id, products_name, products_description, products_url, products_viewed) values ('1121', '2', 'PULSERA METAL TOP', '<P>PRODUCTO: Pulsera</P>
<P>CARACTERISTICAS: Metálica</P>
<P>MODELO: Surtidos</P>
<P>MEDIDAS:&nbsp;18 cm.</P>
<P>PRESENTACIÓN: Blister Individual (en venta al por mayor se regala expositor metálico)</P>', '', '7');
insert into products_description (products_id, language_id, products_name, products_description, products_url, products_viewed) values ('1122', '2', 'PULSERA METAL DEC', '<P>PRODUCTO: Pulsera</P>
<P>CARACTERISTICAS: Metal Dec.</P>
<P>COLORES: Surtidos</P>
<P>PRESENTACIÓN: Estuche Blister</P>', '', '5');
insert into products_description (products_id, language_id, products_name, products_description, products_url, products_viewed) values ('1123', '2', 'COLLAR FASHION', '<P>PRODUCTO: Collar / Colgante</P>
<P>MODELO: Modelos y Colores Surtidos</P>
<P>MEDIDAS: 20X12,5 cm.</P>
<P>PRESENTACIÓN: Blister</P>', '', '8');
insert into products_description (products_id, language_id, products_name, products_description, products_url, products_viewed) values ('1124', '2', 'COLLAR C/INICIAL', '<P>PRODUCTO: Collar con Letra Inicial</P>
<P>MODELO: Letras Surtidas</P>
<P>MEDIDAS: 20X12,5 cm.</P>
<P>PRESENTACIÓN: Blister</P>', '', '11');
insert into products_description (products_id, language_id, products_name, products_description, products_url, products_viewed) values ('1125', '2', 'PULSERA METAL DESIGN', '<P>PRODUCTO: Pulsera</P>
<P>CARACTERISTICAS: Metálica</P>
<P>MODELO: Surtidos</P>
<P>MEDIDAS:&nbsp;21cm.</P>
<P>PRESENTACIÓN: Blister Individual (en venta al por mayor se regala expositor metálico)</P>', '', '16');
insert into products_description (products_id, language_id, products_name, products_description, products_url, products_viewed) values ('1126', '2', 'PULSERA MOTIVE', '<P>PRODUCTO: Pulsera</P>
<P>MODELO: Surtidos</P>
<P>MEDIDAS:&nbsp;24 cm.</P>
<P>PRESENTACIÓN: Blister Individual (en venta al por mayor se regala expositor metálico) </P>', '', '2');
insert into products_description (products_id, language_id, products_name, products_description, products_url, products_viewed) values ('1127', '2', 'PULSERA BISUTERIA STAR', '<P>PRODUCTO: Pulsera</P>
<P>CARACTERISTICAS: Metálica</P>
<P>MODELO: Surtidos</P>
<P>PRESENTACIÓN: Blister Individual </P>', '', '18');
insert into products_description (products_id, language_id, products_name, products_description, products_url, products_viewed) values ('1128', '2', 'PULSERA BISUTERIA TOP', '<P>PRODUCTO: Pulsera</P>
<P>MODELO: Surtidos</P>
<P>COLORES: Surtidos</P>
<P>MEDIDAS:&nbsp;16X8X2 cm.</P>
<P>PRESENTACIÓN: Blister Estuche </P>', '', '21');
insert into products_description (products_id, language_id, products_name, products_description, products_url, products_viewed) values ('1129', '2', 'PULSERA COLOR', '<P>PRODUCTO: Pulsera</P>
<P>COLORES: Surtidos</P>
<P>MEDIDAS:&nbsp;18 cm.</P>
<P>PRESENTACIÓN: Blister Individual (en venta al por mayor se regala expositor metálico) </P>', '', '21');
insert into products_description (products_id, language_id, products_name, products_description, products_url, products_viewed) values ('1130', '2', 'COLLAR & PULSERA COLORES', '<P>PRODUCTO: Collar + Pulsera Juveniles</P>
<P>COLORES: Colores Surtidos</P>', '', '29');
insert into products_description (products_id, language_id, products_name, products_description, products_url, products_viewed) values ('1131', '2', 'COLLAR FANTASIA', '<P>PRODUCTO: Collar Fantasia</P>
<P>MODELO: 4 Modelos Surtidos</P>', '', '12');
insert into products_description (products_id, language_id, products_name, products_description, products_url, products_viewed) values ('1132', '2', 'COLLAR MADERA FASHION', '<P>PRODUCTO: Collar</P>
<P>CARACTERÍSTICAS: Madera</P>
<P>COLORES: Surtidos</P>
<P>PRESENTACIÓN: Blister Individual</P>', '', '7');
insert into products_description (products_id, language_id, products_name, products_description, products_url, products_viewed) values ('1133', '2', 'COLLAR & PULSERA FASHION', '<P>PRODUCTO: Collar &amp; Pulsera</P>
<P>COLORES: Surtidos</P>
<P>PRESENTACIÓN: Blister</P>', '', '27');
insert into products_description (products_id, language_id, products_name, products_description, products_url, products_viewed) values ('1134', '2', 'COLLAR C/PENDIENTES FASHION ONE', '<P>PRODUCTOS: Collar &amp; Pendientes</P>
<P>COLORES: Surtidos</P>
<P>PRESENTACIÓN: Blister</P>
<P>MEDIDAS: 20X9,5 cm.</P>', '', '20');
insert into products_description (products_id, language_id, products_name, products_description, products_url, products_viewed) values ('1135', '2', 'COLLAR C/PENDIENTES FASHION TWO', '<P>PRODUCTOS: Collar &amp; Pendientes</P>
<P>COLORES: Surtidos</P>
<P>PRESENTACIÓN: Blister</P>
<P>MEDIDAS:&nbsp;21,5X8 cm.</P>', '', '25');
insert into products_description (products_id, language_id, products_name, products_description, products_url, products_viewed) values ('1136', '2', 'COLLAR STAR', '<P>PRODUCTO: Collar</P>
<P>COLORES: Colores Surtidos</P>
<P>PRESENTACIÓN: Blister</P>', '', '6');
insert into products_description (products_id, language_id, products_name, products_description, products_url, products_viewed) values ('1137', '2', 'COLLAR C/PENDIENTES FASHION THREE', '<P>PRODUCTOS: Collar &amp; Pendientes</P>
<P>COLORES: Surtidos</P>
<P>PRESENTACIÓN: Blister</P>
<P>MEDIDAS:&nbsp;20X9,5 cm.</P>', '', '12');
insert into products_description (products_id, language_id, products_name, products_description, products_url, products_viewed) values ('1138', '2', 'COLLAR C/PENDIENTES FASHION FOUR', '<P>PRODUCTOS: Collar &amp; Pendientes</P>
<P>COLORES: Surtidos</P>
<P>PRESENTACIÓN: Blister</P>
<P>MEDIDAS:&nbsp;20X8,5 cm. </P>', '', '12');
insert into products_description (products_id, language_id, products_name, products_description, products_url, products_viewed) values ('1139', '2', 'COLLAR C/PENDIENTES FASHION FIVE', '<P>PRODUCTOS: Collar &amp; Pendientes</P>
<P>COLORES: Surtidos</P>
<P>PRESENTACIÓN: Blister</P>
<P>MEDIDAS:&nbsp;20X8,5 cm. </P>', '', '15');
insert into products_description (products_id, language_id, products_name, products_description, products_url, products_viewed) values ('1140', '2', 'COLLAR C/PENDIENTES FASHION SIX', '<P>PRODUCTOS: Collar &amp; Pendientes</P>
<P>COLORES: Surtidos</P>
<P>PRESENTACIÓN: Blister</P>
<P>MEDIDAS:&nbsp;21,5X8 cm. </P>', '', '15');
insert into products_description (products_id, language_id, products_name, products_description, products_url, products_viewed) values ('1141', '2', 'COLLAR MADERA FAN', '<P>PRODUCTOS: Collar </P>
<P>CARACTERISTICAS:&nbsp;Madera</P>
<P>PRESENTACIÓN: Blister</P>', '', '6');
insert into products_description (products_id, language_id, products_name, products_description, products_url, products_viewed) values ('1142', '2', 'COLLAR HOW', '<P>PRODUCTO: Collar</P>
<P>MEDIDAS: 20,5X6 cm.</P>
<P>COLORES Surtidos</P>
<P>PRESENTACIÓN: Blister Individual (en venta al por mayor se regala expositor metálico).</P>', '', '6');
insert into products_description (products_id, language_id, products_name, products_description, products_url, products_viewed) values ('1143', '2', 'COLLAR BISUTERIA SURT.', '<P>PRODUCTO: Colgante</P>
<P>MODELO: Modelos y Colores Surtidos</P>
<P>MEDIDAS: 45 cm. de Longitud</P>
<P>PRESENTACIÓN: Blister Individual</P>', '', '22');
insert into products_description (products_id, language_id, products_name, products_description, products_url, products_viewed) values ('1144', '2', 'COLLAR BISUTERIA TOP', '<P>PRODUCTO: Collar / Colgante</P>
<P>MODELO: Modelos Surtidos</P>
<P>MEDIDAS: 20X12,5 cm.</P>
<P>PRESENTACIÓN: Blister</P>', '', '15');
insert into products_description (products_id, language_id, products_name, products_description, products_url, products_viewed) values ('1145', '2', 'COLLAR CORAZONES', '<P>PRODUCTO: Collar / Colgante</P>
<P>MODELO:&nbsp; Colores Surtidos</P>
<P>MEDIDAS:&nbsp;23X15 cm.</P>
<P>PRESENTACIÓN: Blister </P>', '', '9');
insert into products_description (products_id, language_id, products_name, products_description, products_url, products_viewed) values ('1146', '2', 'COLLAR C/PENDIENTES TOP ONE', '<P>PRODUCTOS: Collar &amp; Pendientes</P>
<P>COLORES: Surtidos</P>
<P>PRESENTACIÓN: Blister</P>
<P>MEDIDAS BLISTER:&nbsp;10X20 cm.</P>', '', '12');
insert into products_description (products_id, language_id, products_name, products_description, products_url, products_viewed) values ('1147', '2', 'COLLAR C/PENDIENTES TOP TWO', '<P>PRODUCTOS: Collar &amp; Pendientes</P>
<P>COLORES: Surtidos</P>
<P>PRESENTACIÓN: Blister</P>
<P>MEDIDAS BLISTER:&nbsp;10X20 cm. </P>', '', '13');
insert into products_description (products_id, language_id, products_name, products_description, products_url, products_viewed) values ('1148', '2', 'COLLAR C/PENDIENTES TOP THREE', '<P>PRODUCTOS: Collar &amp; Pendientes</P>
<P>COLORES: Surtidos</P>
<P>PRESENTACIÓN: Blister</P>
<P>MEDIDAS BLISTER:&nbsp;10X20 cm. </P>', '', '15');
insert into products_description (products_id, language_id, products_name, products_description, products_url, products_viewed) values ('1149', '2', 'COLLAR C/PENDIENTES TOP FOUR', '<P>PRODUCTOS: Collar &amp; Pendientes</P>
<P>COLORES: Surtidos</P>
<P>PRESENTACIÓN: Blister</P>
<P>MEDIDAS BLISTER:&nbsp;10X20 cm. </P>', '', '11');
insert into products_description (products_id, language_id, products_name, products_description, products_url, products_viewed) values ('1150', '2', 'COLLAR C/PENDIENTES TOP FIVE', '<P>PRODUCTOS: Collar &amp; Pendientes</P>
<P>COLORES: Surtidos</P>
<P>PRESENTACIÓN: Blister</P>
<P>MEDIDAS BLISTER:&nbsp;10X20 cm. </P>', '', '14');
insert into products_description (products_id, language_id, products_name, products_description, products_url, products_viewed) values ('1151', '2', 'COLGANTE C/PENDIENTES BISUTERIA ONE', '<P>PRODUCTOS:&nbsp;Colgante &amp; Pendientes</P>
<P>PRESENTACIÓN: Blister</P>
<P>MEDIDAS: 20,5X6 cm.</P>
<P>&nbsp;</P>', '', '26');
insert into products_description (products_id, language_id, products_name, products_description, products_url, products_viewed) values ('1152', '2', 'COLGANTE C/PENDIENTES BISUTERIA TWO', '<P>PRODUCTOS:&nbsp;Colgante &amp; Pendientes</P>
<P>PRESENTACIÓN: Blister</P>
<P>MEDIDAS: 20,5X6 cm.</P>', '', '35');
insert into products_description (products_id, language_id, products_name, products_description, products_url, products_viewed) values ('1153', '2', 'COLLAR STRONG', '<P>PRODUCTO: Colgante </P>
<P>MODELO: Modelos Surtidos</P>
<P>PRESENTACIÓN: Blister Individual</P>', '', '6');
insert into products_description (products_id, language_id, products_name, products_description, products_url, products_viewed) values ('1154', '2', 'PULSERA SPRING ONE', '<P>PRODUCTO: Pulsera </P>
<P>COLORES: Surtidos</P>
<P>MEDIDAS BLISTER&nbsp;21X3 cm.</P>
<P>PRESENTACIÓN: Blister Individual (en compra al por mayor se regala expositor metálico)</P>', '', '5');
insert into products_description (products_id, language_id, products_name, products_description, products_url, products_viewed) values ('1155', '2', 'PULSERA SPRING TWO', '<P>PRODUCTO: Pulsera </P>
<P>COLORES: Surtidos</P>
<P>MEDIDAS BLISTER&nbsp;21X3 cm.</P>
<P>PRESENTACIÓN: Blister Individual (en compra al por mayor se regala expositor metálico)</P>', '', '4');
insert into products_description (products_id, language_id, products_name, products_description, products_url, products_viewed) values ('1156', '2', 'PULSERA SPRING THREE', '<P>PRODUCTO: Pulsera </P>
<P>COLORES: Surtidos</P>
<P>MEDIDAS BLISTER&nbsp;21X3 cm.</P>
<P>PRESENTACIÓN: Blister Individual (en compra al por mayor se regala expositor metálico)</P>', '', '2');
insert into products_description (products_id, language_id, products_name, products_description, products_url, products_viewed) values ('1157', '2', 'PULSERA SPRING FOUR', '<P>PRODUCTO: Pulsera </P>
<P>COLORES: Surtidos</P>
<P>MEDIDAS BLISTER&nbsp;21X3 cm.</P>
<P>PRESENTACIÓN: Blister Individual (en compra al por mayor se regala expositor metálico) </P>', '', '3');
insert into products_description (products_id, language_id, products_name, products_description, products_url, products_viewed) values ('1158', '2', 'PULSERA SPRING FIVE', '<P>PRODUCTO: Pulsera </P>
<P>COLORES: Surtidos</P>
<P>MEDIDAS BLISTER&nbsp;21X3 cm.</P>
<P>PRESENTACIÓN: Blister Individual (en compra al por mayor se regala expositor metálico) </P>', '', '4');
insert into products_description (products_id, language_id, products_name, products_description, products_url, products_viewed) values ('1159', '2', 'PULSERA SPRING SIX', '<P>PRODUCTO: Pulsera </P>
<P>COLORES: Surtidos</P>
<P>MEDIDAS BLISTER&nbsp;21X3 cm.</P>
<P>PRESENTACIÓN: Blister Individual (en compra al por mayor se regala expositor metálico)</P>', '', '2');
insert into products_description (products_id, language_id, products_name, products_description, products_url, products_viewed) values ('1160', '2', 'JUEGO 9 PULSERAS TIPO ORO VIEJO', '<P>PRODUCTO: Juego 9 Pulseras</P>
<P>MODELO: Tipo Oro Viejo</P>
<P>CARACTERISTICAS: 40 gr.</P>
<P>PRESENTACIÓN: Blister</P>', '', '13');
insert into products_description (products_id, language_id, products_name, products_description, products_url, products_viewed) values ('1161', '2', 'PULSERA SPRING SEVEN', '<P>PRODUCTO: Pulsera </P>
<P>COLORES: Surtidos</P>
<P>MEDIDAS BLISTER&nbsp;21X3 cm.</P>
<P>PRESENTACIÓN: Blister Individual (en compra al por mayor se regala expositor metálico)</P>', '', '10');
insert into products_description (products_id, language_id, products_name, products_description, products_url, products_viewed) values ('1162', '2', '2 PULSERAS C/ACCESORIOS', '<P>PRODUCTO: Juego 2 Pulseras con Accesorios</P>
<P>CARACTERISTICAS: Madera</P>
<P>PRESENTACIÓN: Blister</P>
<P>MEDIDAS: 14X9 cm.</P>', '', '42');
insert into products_description (products_id, language_id, products_name, products_description, products_url, products_viewed) values ('1163', '2', 'PULSERA FASHION 2,3 CM.', '<P>PRODUCTO: Pulsera</P>
<P>COLORES: Surtidos</P>
<P>MEDIDAS: 8X2,3 cm.</P>
<P>PRESENTACIÓN: Blister Individual</P>', '', '6');
insert into products_description (products_id, language_id, products_name, products_description, products_url, products_viewed) values ('1164', '2', 'PULSERA SPRING EIGHT', '<P>PRODUCTO: Pulsera </P>
<P>COLORES: Surtidos</P>
<P>MEDIDAS BLISTER&nbsp;21X3 cm.</P>
<P>PRESENTACIÓN: Blister Individual (en compra al por mayor se regala expositor metálico)</P>', '', '7');
insert into products_description (products_id, language_id, products_name, products_description, products_url, products_viewed) values ('1165', '2', 'PULSERA SPRING NINE', '<P>PRODUCTO: Pulsera </P>
<P>COLORES: Surtidos</P>
<P>MEDIDAS BLISTER&nbsp;21X3 cm.</P>
<P>PRESENTACIÓN: Blister Individual (en compra al por mayor se regala expositor metálico) </P>', '', '3');
insert into products_description (products_id, language_id, products_name, products_description, products_url, products_viewed) values ('1166', '2', 'PULSERA SPRING TEN', '<P>PRODUCTO: Pulsera </P>
<P>COLORES: Surtidos</P>
<P>MEDIDAS BLISTER&nbsp;21X3 cm.</P>
<P>PRESENTACIÓN: Blister Individual (en compra al por mayor se regala expositor metálico) </P>', '', '2');
insert into products_description (products_id, language_id, products_name, products_description, products_url, products_viewed) values ('1167', '2', 'PULSERA BLACK', '<P>PRODUCTO: Pulsera</P>
<P>PRESENTACIÓN: Blister</P>', '', '19');
insert into products_description (products_id, language_id, products_name, products_description, products_url, products_viewed) values ('1168', '2', 'PULSERA SPRING ELEVEN', '<P>PRODUCTO: Pulsera </P>
<P>COLORES: Surtidos</P>
<P>MEDIDAS BLISTER&nbsp;21X3 cm.</P>
<P>PRESENTACIÓN: Blister Individual (en compra al por mayor se regala expositor metálico) </P>', '', '5');
insert into products_description (products_id, language_id, products_name, products_description, products_url, products_viewed) values ('1169', '2', 'PULSERA SPRING TWELVE', '<P>PRODUCTO: Pulsera </P>
<P>COLORES: Surtidos</P>
<P>MEDIDAS BLISTER&nbsp;21X3 cm.</P>
<P>PRESENTACIÓN: Blister Individual (en compra al por mayor se regala expositor metálico) </P>', '', '8');
insert into products_description (products_id, language_id, products_name, products_description, products_url, products_viewed) values ('1170', '2', 'PULSERA TOP ONE', '<P>PRODUCTO: Pulsera </P>
<P>COLORES: Surtidos</P>
<P>MEDIDAS BLISTER&nbsp;21X3 cm.</P>
<P>PRESENTACIÓN: Blister Individual (en compra al por mayor se regala expositor metálico) </P>', '', '1');
insert into products_description (products_id, language_id, products_name, products_description, products_url, products_viewed) values ('1171', '2', 'PULSERA FASHION ONE', '<P>PRODUCTO: Pulsera</P>
<P>MODELO: Colores Surtidos</P>
<P>PRESENTACIÓN: Blister Individual</P>', '', '12');
insert into products_description (products_id, language_id, products_name, products_description, products_url, products_viewed) values ('1172', '2', 'PULSERA FASHION TWO', '<P>PRODUCTO: Pulsera </P>
<P>COLORES: Surtidos</P>
<P>PRESENTACIÓN: Blister Individual </P>', '', '6');
insert into products_description (products_id, language_id, products_name, products_description, products_url, products_viewed) values ('1173', '2', 'PULSERA FASHION THREE', '<P>PRODUCTO: Pulsera </P>
<P>COLORES: Surtidos</P>
<P>PRESENTACIÓN: Blister Individual</P>', '', '9');
insert into products_description (products_id, language_id, products_name, products_description, products_url, products_viewed) values ('1174', '2', 'PULSERA TOP THREE', '<P>PRODUCTO: Pulsera </P>
<P>COLORES: Surtidos</P>
<P>MEDIDAS: 24 cm. Longitud</P>
<P>PRESENTACIÓN: Blister Individual (en compra al por mayor se regala expositor metálico) </P>', '', '6');
insert into products_description (products_id, language_id, products_name, products_description, products_url, products_viewed) values ('1175', '2', 'PULSERA FASHION FOUR', '<P>PRODUCTO: Pulsera </P>
<P>COLORES: Surtidos</P>
<P>PRESENTACIÓN: Blister Individual </P>', '', '10');
insert into products_description (products_id, language_id, products_name, products_description, products_url, products_viewed) values ('1176', '2', 'PULSERA METAL FASHION TWO', '<P>PRODUCTO: Pulsera Metálica</P>
<P>MODELO: Surtidos</P>
<P>MEDIDAS: 22 cm. Longitud</P>
<P>PRESENTACIÓN: Blister </P>', '', '5');
insert into products_description (products_id, language_id, products_name, products_description, products_url, products_viewed) values ('1177', '2', 'PULSERA METAL FASHION THREE', '<P>PRODUCTO: Pulsera Metálica</P>
<P>MODELO: Surtidos</P>
<P>MEDIDAS: 22 cm. Longitud</P>
<P>PRESENTACIÓN: Blister </P>', '', '9');
insert into products_description (products_id, language_id, products_name, products_description, products_url, products_viewed) values ('1178', '2', 'PULSERA METAL FASHION FOUR', '<P>PRODUCTO: Pulsera Metálica</P>
<P>MODELO: Surtidos</P>
<P>MEDIDAS: 22 cm. Longitud</P>
<P>PRESENTACIÓN: Blister (en compra al por mayor se regala expositor metálico)</P>', '', '10');
insert into products_description (products_id, language_id, products_name, products_description, products_url, products_viewed) values ('1179', '2', 'PULSERA METAL TREBOL', '<P>PRODUCTO: Pulsera Metálica</P>
<P>COLORES:&nbsp;Surtidos</P>
<P>PRESENTACIÓN: Blister </P>', '', '3');
insert into products_description (products_id, language_id, products_name, products_description, products_url, products_viewed) values ('1180', '2', 'PULSERA METAL STAR', '<P>PRODUCTO: Pulsera Metálica</P>
<P>MODELO: Surtidos</P>
<P>PRESENTACIÓN: Blister</P>', '', '10');
insert into products_description (products_id, language_id, products_name, products_description, products_url, products_viewed) values ('1181', '2', 'PULSERA METAL VIVA', '<P>PRODUCTO: Pulsera Metálica</P>
<P>MODELO: Surtidos</P>
<P>PRESENTACIÓN: Blister</P>', '', '2');
insert into products_description (products_id, language_id, products_name, products_description, products_url, products_viewed) values ('1182', '2', 'PULSERA METAL SOFT TWO', '<P>PRODUCTO: Pulsera Metálica</P>
<P>MODELO: Surtidos</P>
<P>PRESENTACIÓN: Blister</P>', '', '6');
insert into products_description (products_id, language_id, products_name, products_description, products_url, products_viewed) values ('1183', '2', 'PULSERA BISUTERIA DOBLE TWO', '<P>PRODUCTO: Pulsera Bisutería</P>
<P>MODELO: Modelos Surtidos</P>
<P>PRESENTACIÓN: Blister Individual </P>', '', '10');
insert into products_description (products_id, language_id, products_name, products_description, products_url, products_viewed) values ('1184', '2', 'PULSERA BISUTERIA DOBLE THREE', '<P>PRODUCTO: Pulsera Bisutería</P>
<P>MODELO: Modelos Surtidos</P>
<P>PRESENTACIÓN: Blister Individual</P>', '', '21');
insert into products_description (products_id, language_id, products_name, products_description, products_url, products_viewed) values ('1185', '2', 'PULSERA METAL ELEGANCE', '<P>PRODUCTO: Pulsera</P>
<P>CARACTERISTICAS: METAL</P>
<P>MEDIDAS: 18 cm. de Longitud</P>
<P>PRESENTACIÓN: Blister Individual</P>', '', '11');
insert into products_description (products_id, language_id, products_name, products_description, products_url, products_viewed) values ('1186', '2', 'PULSERA METAL FASHION FIVE', '<P>PRODUCTO: Pulsera Metálica</P>
<P>MODELO: Surtidos</P>
<P>MEDIDAS: 20 cm. Longitud</P>
<P>PRESENTACIÓN: Blister (en compra al por mayor se regala expositor metálico)</P>', '', '20');
insert into products_description (products_id, language_id, products_name, products_description, products_url, products_viewed) values ('1187', '2', 'PULSERA SPRING FOURTEEN', '<P>PRODUCTO: Pulsera </P>
<P>COLORES: Surtidos</P>
<P>MEDIDAS: 23 cm. Longitud</P>
<P>PRESENTACIÓN: Blister Individual (en compra al por mayor se regala expositor metálico)&nbsp; </P>', '', '2');
insert into products_description (products_id, language_id, products_name, products_description, products_url, products_viewed) values ('1188', '2', 'PULSERA METAL FASHION SIX', '<P>PRODUCTO: Pulsera Metálica</P>
<P>MODELO: Surtidos</P>
<P>MEDIDAS: 21 cm. Longitud</P>
<P>PRESENTACIÓN: Blister (en compra al por mayor se regala expositor metálico)</P>', '', '9');
insert into products_description (products_id, language_id, products_name, products_description, products_url, products_viewed) values ('1189', '2', 'PULSERA SPRING SIXTEEN', '<P>PRODUCTO: Pulsera </P>
<P>MEDIDAS: 21 cm. Longitud</P>
<P>PRESENTACIÓN: Blister (en compra al por mayor se regala expositor metálico) </P>', '', '2');
insert into products_description (products_id, language_id, products_name, products_description, products_url, products_viewed) values ('1190', '2', 'PULSERA METAL FASHION SEVEN', '<P>PRODUCTO: Pulsera Metálica</P>
<P>MODELO: Surtidos</P>
<P>MEDIDAS: 21 cm. Longitud</P>
<P>PRESENTACIÓN: Blister (en compra al por mayor se regala expositor metálico) </P>', '', '6');
insert into products_description (products_id, language_id, products_name, products_description, products_url, products_viewed) values ('1191', '2', 'PULSERA METAL FASHION EIGHT', '<P>PRODUCTO: Pulsera Metálica</P>
<P>MODELO: Surtidos</P>
<P>MEDIDAS: 22 cm. Longitud</P>
<P>PRESENTACIÓN: Blister (en compra al por mayor se regala expositor metálico) </P>', '', '16');
insert into products_description (products_id, language_id, products_name, products_description, products_url, products_viewed) values ('1192', '2', 'PULSERA METAL FASHION NINE', '<P>PRODUCTO: Pulsera Metálica</P>
<P>MODELO: Surtidos</P>
<P>MEDIDAS: 22 cm. Longitud</P>
<P>PRESENTACIÓN: Blister (en compra al por mayor se regala expositor metálico) </P>', '', '6');
insert into products_description (products_id, language_id, products_name, products_description, products_url, products_viewed) values ('1193', '2', 'COLGANTE C/PENDIENTES FRESH', '<P>PRODUCTO: Colgante con Pendientes</P>
<P>COLORES: Surtidos</P>
<P>PRESENTACIÓN: Blister</P>
<P>MEDIDAS BLISTER: 8X23 cm.</P>', '', '22');
insert into products_description (products_id, language_id, products_name, products_description, products_url, products_viewed) values ('1194', '2', 'COLGANTE C/PENDIENTES NATUR', '<P>PRODUCTO: Colgante con Pendientes</P>
<P>COLORES: Surtidos</P>
<P>PRESENTACIÓN: Blister</P>
<P>MEDIDAS BLISTER: 8X23 cm. </P>', '', '30');
insert into products_description (products_id, language_id, products_name, products_description, products_url, products_viewed) values ('1195', '2', 'COLGANTE C/PENDIENTES NATUR TWO', '<P>PRODUCTO: Colgante con Pendientes</P>
<P>COLORES: Surtidos</P>
<P>PRESENTACIÓN: Blister</P>
<P>MEDIDAS BLISTER: 8X23 cm. </P>', '', '26');
insert into products_description (products_id, language_id, products_name, products_description, products_url, products_viewed) values ('1196', '2', 'COLGANTE C/PENDIENTES FRESH TWO', '<P>PRODUCTO: Colgante con Pendientes</P>
<P>COLORES: Surtidos</P>
<P>PRESENTACIÓN: Blister</P>
<P>MEDIDAS BLISTER: 8X23 cm.</P>', '', '39');
insert into products_description (products_id, language_id, products_name, products_description, products_url, products_viewed) values ('1197', '2', 'MONEDEROS FLORES BRILLANTES', '<P>PRODUCTO: Monedero</P>
<P>COLORES: Surtidos</P>
<P>MEDIDAS:&nbsp;9,5X8 cm.</P>', '', '11');
insert into products_description (products_id, language_id, products_name, products_description, products_url, products_viewed) values ('1198', '2', 'MONEDERO FLOR', '<P>PRODUCTO: Monedero</P>
<P>COLORES: Surtidos</P>
<P>MEDIDAS:&nbsp;9,5X8 cm. </P>', '', '21');
insert into products_description (products_id, language_id, products_name, products_description, products_url, products_viewed) values ('1199', '2', 'MONEDERO PAPER MULTIUSO', '<P>PRODUCTO: Monedero</P>
<P>COLORES:&nbsp;Colores y Motivos Surtidos</P>
<P>MEDIDAS:&nbsp;11X18X1 cm.</P>', '', '10');
insert into products_description (products_id, language_id, products_name, products_description, products_url, products_viewed) values ('1200', '2', 'MONEDERO CLIP METAL', '<P>PRODUCTO: Monedero</P>
<P>COLORES: Surtidos</P>
<P>MEDIDAS:&nbsp;11X12X1 cm.</P>', '', '20');
insert into products_description (products_id, language_id, products_name, products_description, products_url, products_viewed) values ('1201', '2', 'TOALLA BOLSO FRESH', '<P><FONT face=\"Verdana, Arial, Helvetica, sans-serif\" size=2>PRODUCTO: Toalla Bolso</FONT></P>
<P><FONT face=Verdana size=2>COLORES: Surtidos</FONT></P>
<P><FONT face=Verdana size=2>MEDIDAS: 150X75 cm.</FONT></P>', '', '14');
insert into products_description (products_id, language_id, products_name, products_description, products_url, products_viewed) values ('1202', '2', 'SANDALIAS TOP', '<P>PRODUCTO: Sandalias</P>
<P>MODELO: Top</P>
<P>COLORES: Surtidos</P>
<P>TALLAS: 36 a 41</P>', '', '11');
insert into products_description (products_id, language_id, products_name, products_description, products_url, products_viewed) values ('1203', '2', 'SANDALIAS HOW', '<P>PRODUCTO: Sandalias</P>
<P>MODELO: How</P>
<P>COLORES: Surtidos</P>
<P>TALLAS: 36 a 41</P>', '', '5');
insert into products_description (products_id, language_id, products_name, products_description, products_url, products_viewed) values ('1204', '2', 'CHANCLAS FRESH', '<P>PRODUCTO: Chanclas Verano</P>
<P>COLORES: Surtidos a Elegir</P>
<P>TALLAS: Surtidas a Elegir</P>', '', '16');
insert into products_description (products_id, language_id, products_name, products_description, products_url, products_viewed) values ('1205', '2', 'CHANCLAS FRESH TWO', '<P>PRODUCTO: Chanclas Verano</P>
<P>COLORES: Surtidos a Elegir</P>
<P>TALLAS: Surtidas a Elegir</P>', '', '3');
insert into products_description (products_id, language_id, products_name, products_description, products_url, products_viewed) values ('1206', '2', 'CHANCLAS FRESH THREE', '<P>PRODUCTO: Chanclas Verano</P>
<P>COLORES: Surtidos a Elegir</P>
<P>TALLAS: Surtidas a Elegir </P>', '', '2');
insert into products_description (products_id, language_id, products_name, products_description, products_url, products_viewed) values ('1207', '2', 'CHANCLAS ELEGANCE', '<P>PRODUCTO: Chanclas Verano</P>
<P>COLORES: Surtidos a Elegir</P>
<P>TALLAS: Surtidas a Elegir </P>', '', '15');
insert into products_description (products_id, language_id, products_name, products_description, products_url, products_viewed) values ('1208', '2', 'CHANCLAS FRESH FOUR', '<P>PRODUCTO: Chanclas Verano</P>
<P>COLORES: Surtidos a Elegir</P>
<P>TALLAS: Surtidas a Elegir </P>', '', '7');
insert into products_description (products_id, language_id, products_name, products_description, products_url, products_viewed) values ('1209', '2', 'CHANCLAS FASHION', '<P>PRODUCTO: Chanclas Verano</P>
<P>COLORES: Surtidos a Elegir</P>
<P>TALLAS: Surtidas a Elegir </P>', '', '5');
insert into products_description (products_id, language_id, products_name, products_description, products_url, products_viewed) values ('1210', '2', 'SANDALIA LONA FRESH', '<P>PRODUCTO: Sandalias Lona</P>
<P>COLORES: Surtidos a Elegir</P>
<P>TALLAS: Surtidas a Elegir</P>', '', '16');
insert into products_description (products_id, language_id, products_name, products_description, products_url, products_viewed) values ('1211', '2', 'CHANCLAS SLIPPER', '<P>PRODUCTO: Chanclas Verano</P>
<P>TALLAS: Surtidas a Elegir</P>', '', '1');
insert into products_description (products_id, language_id, products_name, products_description, products_url, products_viewed) values ('1212', '2', 'SANDALIAS STOP', '<P>PRODUCTO: Sandalias</P>
<P>COLORES: Surtidos</P>
<P>TALLAS: 36 a 41</P>', '', '15');
insert into products_description (products_id, language_id, products_name, products_description, products_url, products_viewed) values ('1213', '2', 'SANDALIAS FLOR', '<P>PRODUCTO: Sandalias</P>
<P>COLORES: Surtidos</P>
<P>TALLAS: 36 a 41</P>', '', '6');
insert into products_description (products_id, language_id, products_name, products_description, products_url, products_viewed) values ('1214', '2', 'SANDALIAS FASHION', '<P>PRODUCTO: Sandalias</P>
<P>COLORES: Surtidos</P>
<P>TALLAS: 36 a 41 </P>', '', '9');
insert into products_description (products_id, language_id, products_name, products_description, products_url, products_viewed) values ('1215', '2', 'SANDALIAS FLOWER', '<P>PRODUCTO: Sandalias</P>
<P>COLORES: Surtidos</P>
<P>TALLAS: 36 a 41 </P>', '', '4');
insert into products_description (products_id, language_id, products_name, products_description, products_url, products_viewed) values ('1216', '2', 'ZAPATILLAS SUMMER', '<P>PRODUCTO: Zapatillas</P>
<P>COLORES: Surtidos</P>
<P>TALLAS: 36 a 41</P>', '', '16');
insert into products_description (products_id, language_id, products_name, products_description, products_url, products_viewed) values ('1217', '2', 'SANDALIAS FASHION TWO', '<P>PRODUCTO: Sandalias</P>
<P>COLORES: Surtidos</P>
<P>TALLAS: 36 a 41 </P>', '', '27');
insert into products_description (products_id, language_id, products_name, products_description, products_url, products_viewed) values ('1218', '2', 'SANDALIAS RAYAS', '<P>PRODUCTO: Sandalias</P>
<P>COLORES: Surtidos</P>
<P>TALLAS: 36 a 41 </P>', '', '2');
insert into products_description (products_id, language_id, products_name, products_description, products_url, products_viewed) values ('1219', '2', 'ZAPATILLAS FRESH', '<P>PRODUCTO: Zapatillas</P>
<P>COLORES: Surtidos</P>
<P>TALLAS: 36 a 41 </P>', '', '15');
insert into products_description (products_id, language_id, products_name, products_description, products_url, products_viewed) values ('1220', '2', 'SANDALIAS FASHION THREE', '<P>PRODUCTO: Sandalias</P>
<P>COLORES: Surtidos</P>
<P>TALLAS: 36 a 41 </P>', '', '15');
insert into products_description (products_id, language_id, products_name, products_description, products_url, products_viewed) values ('1221', '2', 'CHANCLA GREEN', '<P>PRODUCTO: Chanclas Verano</P>
<P>COLORES: Surtidos a Elegir</P>
<P>TALLAS: Surtidas a Elegir </P>', '', '14');
insert into products_description (products_id, language_id, products_name, products_description, products_url, products_viewed) values ('1222', '2', 'CHANCLAS STAR', '<P>PRODUCTO: Chanclas Verano</P>
<P>COLORES: Surtidos a Elegir</P>
<P>TALLAS: Surtidas a Elegir </P>', '', '3');
insert into products_description (products_id, language_id, products_name, products_description, products_url, products_viewed) values ('1223', '2', 'CHANCLAS STAR TWO', '<P>PRODUCTO: Chanclas Verano</P>
<P>COLORES: Surtidos a Elegir</P>
<P>TALLAS: Surtidas a Elegir </P>', '', '3');
insert into products_description (products_id, language_id, products_name, products_description, products_url, products_viewed) values ('1224', '2', 'CHANCLAS STAR THREE', '<P>PRODUCTO: Chanclas Verano</P>
<P>COLORES: Surtidos a Elegir</P>
<P>TALLAS: Surtidas a Elegir </P>', '', '1');
insert into products_description (products_id, language_id, products_name, products_description, products_url, products_viewed) values ('1225', '2', 'CHANCLAS WOW', '<P>PRODUCTO: Chanclas Verano</P>
<P>COLORES: Surtidos a Elegir</P>
<P>TALLAS: Surtidas a Elegir </P>', '', '10');
insert into products_description (products_id, language_id, products_name, products_description, products_url, products_viewed) values ('1226', '2', 'BOLSO PLAYA CARA II', '<P>PRODUCTO: Bolsa de Playa o Piscina</P>
<P>COLORES: Surtidos a Elegir</P>
<P>MEDIDAS: 39X38,5X10 cm. </P>', '', '3');
insert into products_description (products_id, language_id, products_name, products_description, products_url, products_viewed) values ('1227', '2', 'BOLSO STAR TWO', '<P>PRODUCTO: Bolsa de Playa o Piscina</P>
<P>COLORES: Surtidos a Elegir</P>
<P>MEDIDAS:&nbsp;38X53X16 cm.</P>', '', '4');
insert into products_description (products_id, language_id, products_name, products_description, products_url, products_viewed) values ('1228', '2', 'BOLSO GIRL ROCK', '<P>PRODUCTO: Bolsa de Playa o Piscina</P>
<P>COLORES: Surtidos a Elegir</P>
<P>MEDIDAS:&nbsp;37X49 cm.</P>', '', '6');
insert into products_description (products_id, language_id, products_name, products_description, products_url, products_viewed) values ('1229', '2', 'BOLSO NATURE', '<P>PRODUCTO: Bolso </P>
<P>MEDIDAS:&nbsp;33X51 cm.</P>', '', '12');
insert into products_description (products_id, language_id, products_name, products_description, products_url, products_viewed) values ('1230', '2', 'BOLSO NATURE TWO', '<P>PRODUCTO: Bolso </P>
<P>MEDIDAS:&nbsp;33X51 cm.</P>', '', '8');
insert into products_description (products_id, language_id, products_name, products_description, products_url, products_viewed) values ('1231', '2', 'BOLSO NATURE THREE', '<P>PRODUCTO: Bolso </P>
<P>MEDIDAS:&nbsp;33X51 cm.</P>', '', '11');
insert into products_description (products_id, language_id, products_name, products_description, products_url, products_viewed) values ('1232', '2', 'SOMBRERO PAPER STOP', '<P>PRODUCTO: Sombrero Paper</P>
<P>COLORES: Surtidos </P>', '', '8');
insert into products_description (products_id, language_id, products_name, products_description, products_url, products_viewed) values ('1233', '2', '2 PINZAS FASHION', '<P>PRODUCTO: Set&nbsp;2 Pinzas Pelo</P>
<P>COLORES: Colores y Motivos Surtidos</P>
<P>MEDIDAS PINZA:&nbsp;5,5 cm.</P>
<P>PRESENTACIÓN: Blister</P>', '', '17');
insert into products_description (products_id, language_id, products_name, products_description, products_url, products_viewed) values ('1234', '2', '8 PINZAS STAR', '<P>PRODUCTO: Set&nbsp;8 Pinzas Pelo</P>
<P>COLORES: Colores y Motivos Surtidos</P>
<P>MEDIDAS PINZA:&nbsp;7,5 cm.</P>
<P>PRESENTACIÓN: Blister</P>', '', '5');
insert into products_description (products_id, language_id, products_name, products_description, products_url, products_viewed) values ('1235', '2', '4 PINZAS SUMMER', '<P>PRODUCTO: Set&nbsp;4 Pinzas Pelo</P>
<P>COLORES: Colores Surtidos</P>
<P>MEDIDAS BLISTER:&nbsp;21,5X10X4,5 cm.</P>
<P>PRESENTACIÓN: Blister </P>', '', '11');
insert into products_description (products_id, language_id, products_name, products_description, products_url, products_viewed) values ('1034', '2', 'ZAPATILLAS VERANO LEOPARDO', '<P>PRODUCTO: Zapatillas de Verano</P>
<P>MODELO: Leopardo</P>
<P>TALLAS: Surtidas a Elegir</P>
<P>&nbsp;</P>', '', '10');
insert into products_description (products_id, language_id, products_name, products_description, products_url, products_viewed) values ('1057', '2', 'GAFAS DE SOL FASHION ONE', '<P>PRODUCTO: Gafas de Sol</P>
<P>CARACTERISTICAS: Alta Calidad.</P>
<P>MODELOS: Modelos y Colores Surtidos</P>
<P>PRESENTACIÓN: Percha Expositora Individual</P>', '', '12');
insert into products_description (products_id, language_id, products_name, products_description, products_url, products_viewed) values ('1038', '2', 'BOLSA PLAYA PVC PRINTED RAYAS', '<P>PRODUCTO: Bolsa de Playa o Piscina</P>
<P>CARACTERISTICAS: PVC</P>
<P>COLORES: Surtidos a Elegir</P>
<P>MEDIDAS: 44X34 cm.</P>', '', '12');
insert into products_description (products_id, language_id, products_name, products_description, products_url, products_viewed) values ('1039', '2', 'BOLSA PLAYA TOP MODEL', '<P>PRODUCTO: Bolsa de Playa o Piscina</P>
<P>COLORES: Surtidos a Elegir</P>
<P>MEDIDAS:&nbsp;40X35 cm.</P>', '', '20');
insert into products_description (products_id, language_id, products_name, products_description, products_url, products_viewed) values ('1040', '2', 'BOLSO PLAYA CORAZON FLORES', '<P>PRODUCTO: Bolsa de Playa o Piscina</P>
<P>COLORES: Surtidos a Elegir</P>
<P>MEDIDAS:&nbsp;37X48 cm.</P>', '', '9');
insert into products_description (products_id, language_id, products_name, products_description, products_url, products_viewed) values ('1041', '2', 'BOLSO PLAYA CUAD. TOP MODEL', '<P>PRODUCTO: Bolsa de Playa o Piscina </P>
<P>COLORES: Surtidos a Elegir</P>
<P>MEDIDAS: 31,5X3,5X10 cm.</P>', '', '15');
insert into products_description (products_id, language_id, products_name, products_description, products_url, products_viewed) values ('1042', '2', 'BOLSO PLAYA CARA', '<P>PRODUCTO: Bolsa de Playa o Piscina</P>
<P>COLORES: Surtidos a Elegir</P>
<P>MEDIDAS: 36X47X9,5 cm.</P>', '', '9');
insert into products_description (products_id, language_id, products_name, products_description, products_url, products_viewed) values ('1043', '2', 'BOLSA PLAYA PVC PRINTED CIRCULOS', '<P>PRODUCTO: Bolsa de Playa o Piscina</P>
<P>CARACTERISTICAS: PVC</P>
<P>COLORES: Surtidos a Elegir</P>
<P>MEDIDAS: 44X34 cm</P>', '', '19');
insert into products_description (products_id, language_id, products_name, products_description, products_url, products_viewed) values ('1044', '2', 'BOLSO PLAYA NATURAL', '<P>PRODUCTO: Bolsa de Playa o Piscina</P>
<P>MEDIDAS: 34X44 cm.</P>', '', '8');
insert into products_description (products_id, language_id, products_name, products_description, products_url, products_viewed) values ('1045', '2', 'SOMBRERO COWBOY WOMAN ARMY SUMMER', '<P>PRODUCTO: Sombrero Cowboy Woman</P>
<P>COLORES: Surtidos a Elegir</P>
<P>MEDIDAS: 13X38X24 cm.</P>', '', '15');
insert into products_description (products_id, language_id, products_name, products_description, products_url, products_viewed) values ('1046', '2', 'PULSERA FASHION', '<P>PRODUCTO: Pulsera Fashion</P>
<P>MODELO: Motivos Surtidos</P>
<P>MEDIDAS: 26,5X3,5 cm.</P>
<P>PRESENTACIÓN: Blister Individual (en venta al por mayor se obsequia expositor metálico).</P>', '', '26');
insert into products_description (products_id, language_id, products_name, products_description, products_url, products_viewed) values ('1047', '2', 'PULSERA NATURAL CULTURE', '<P>PRODUCTO: Pulsera Natural Culture</P>
<P>MODELO: Motivos Surtidos</P>
<P>PRESENTACIÓN: Blister Individual</P>', '', '7');
insert into products_description (products_id, language_id, products_name, products_description, products_url, products_viewed) values ('1048', '2', 'PULSERA MADERA NATURAL CULTURE', '<P>PRODUCTO: Pulsera Madera Natural Culture</P>
<P>COLORES: Tonos Surtidos a Elegir</P>
<P>PRESENTACIÓN: Blister Individual</P>', '', '11');
insert into products_description (products_id, language_id, products_name, products_description, products_url, products_viewed) values ('1049', '2', 'COLGANTE METAL WOMAN', '<P>PRODUCTO: Colgante Woman</P>
<P>MODELO: Modelos y Colores Surtidos</P>
<P>PRESENTACIÓN: Blister Individual</P>', '', '10');
insert into products_description (products_id, language_id, products_name, products_description, products_url, products_viewed) values ('1050', '2', '3 COLETEROS C/BOLAS', '<P>PRODUCTO: Set 3 Coleteros con Bolas</P>
<P>MODELOS: Modelos Surtidos</P>
<P>PRESENTACIÓN: Blister</P>', '', '14');
insert into products_description (products_id, language_id, products_name, products_description, products_url, products_viewed) values ('1051', '2', 'PULSERA FASHION 3,5 CM.', '<P>PRODUCTO: Pulsera</P>
<P>COLORES: Surtidos</P>
<P>MEDIDAS: 8X3 cm.</P>
<P>PRESENTACIÓN: Blister Individual</P>', '', '10');
insert into products_description (products_id, language_id, products_name, products_description, products_url, products_viewed) values ('1052', '2', 'PULSERA BISUTERIA DOBLE', '<P>PRODUCTO: Pulsera Bisutería</P>
<P>MODELO: Modelos Surtidos</P>
<P>PRESENTACIÓN: Blister Individual</P>', '', '27');
insert into products_description (products_id, language_id, products_name, products_description, products_url, products_viewed) values ('1053', '2', 'COLETEROS SUMMER 3 PCS', '<P>PRODUCTO: Set 3 Coleteros</P>
<P>MODELOS: Modelos Surtidos</P>
<P>PRESENTACIÓN: Blister</P>', '', '17');
insert into products_description (products_id, language_id, products_name, products_description, products_url, products_viewed) values ('1054', '2', 'BLISTER 3 PINZAS 7,5', '<P>PRODUCTO: Set 3 Pinzas Pelo</P>
<P>COLORES: Colores Surtidos</P>
<P>MEDIDAS PINZA: 7,5 cm.</P>
<P>PRESENTACIÓN: Blister</P>', '', '14');
insert into products_description (products_id, language_id, products_name, products_description, products_url, products_viewed) values ('1055', '2', 'PULSERAS MADERA 3 PCS', '<P>PRODUCTO: Set 3 Pulseras de Madera</P>
<P>COLORES: Colores Surtidos</P>
<P>PRESENTACIÓN: Blister</P>', '', '7');
insert into products_description (products_id, language_id, products_name, products_description, products_url, products_viewed) values ('1056', '2', 'BLISTER 3 PINZAS SURT.', '<P>PRODUCTO: Set 3 Pinzas Pelo</P>
<P>COLORES: Colores y Formas Surtidas</P>
<P>MEDIDAS BLISTER: 21,5X9 cm.</P>
<P>PRESENTACIÓN: Blister</P>', '', '15');
drop table if exists products_extra_images;
create table products_extra_images (
  products_extra_images_id int(11) not null auto_increment,
  products_id int(11) ,
  products_extra_image varchar(64) ,
  KEY products_extra_images_id (products_extra_images_id)
);

insert into products_extra_images (products_extra_images_id, products_id, products_extra_image) values ('1', '1143', '2127.jpg');
insert into products_extra_images (products_extra_images_id, products_id, products_extra_image) values ('2', '1143', '2128.jpg');
insert into products_extra_images (products_extra_images_id, products_id, products_extra_image) values ('3', '1143', '2129.jpg');
insert into products_extra_images (products_extra_images_id, products_id, products_extra_image) values ('4', '1210', '2204a.jpg');
insert into products_extra_images (products_extra_images_id, products_id, products_extra_image) values ('5', '1210', '2204b.jpg');
insert into products_extra_images (products_extra_images_id, products_id, products_extra_image) values ('6', '1210', '2204c.jpg');
insert into products_extra_images (products_extra_images_id, products_id, products_extra_image) values ('7', '1210', '2204d.jpg');
drop table if exists products_group_prices_cg_3;
create table products_group_prices_cg_3 (
  products_id int(11) default '0' not null ,
  products_price decimal(15,4) default '0.0000' not null ,
  specials_new_products_price decimal(15,4) ,
  status tinyint(4) ,
  PRIMARY KEY (products_id)
);

insert into products_group_prices_cg_3 (products_id, products_price, specials_new_products_price, status) values ('1230', '4.9900', NULL, NULL);
insert into products_group_prices_cg_3 (products_id, products_price, specials_new_products_price, status) values ('1231', '4.9900', NULL, NULL);
insert into products_group_prices_cg_3 (products_id, products_price, specials_new_products_price, status) values ('1232', '3.5000', NULL, NULL);
insert into products_group_prices_cg_3 (products_id, products_price, specials_new_products_price, status) values ('1233', '0.9900', NULL, NULL);
insert into products_group_prices_cg_3 (products_id, products_price, specials_new_products_price, status) values ('1234', '0.9900', NULL, NULL);
insert into products_group_prices_cg_3 (products_id, products_price, specials_new_products_price, status) values ('1235', '0.9900', NULL, NULL);
insert into products_group_prices_cg_3 (products_id, products_price, specials_new_products_price, status) values ('1236', '0.9900', NULL, NULL);
insert into products_group_prices_cg_3 (products_id, products_price, specials_new_products_price, status) values ('1237', '0.9900', NULL, NULL);
insert into products_group_prices_cg_3 (products_id, products_price, specials_new_products_price, status) values ('1238', '0.9900', NULL, NULL);
insert into products_group_prices_cg_3 (products_id, products_price, specials_new_products_price, status) values ('1239', '0.9900', NULL, NULL);
insert into products_group_prices_cg_3 (products_id, products_price, specials_new_products_price, status) values ('1240', '0.9900', NULL, NULL);
insert into products_group_prices_cg_3 (products_id, products_price, specials_new_products_price, status) values ('1241', '0.9900', NULL, NULL);
insert into products_group_prices_cg_3 (products_id, products_price, specials_new_products_price, status) values ('1242', '1.4900', NULL, NULL);
insert into products_group_prices_cg_3 (products_id, products_price, specials_new_products_price, status) values ('1243', '0.9900', NULL, NULL);
insert into products_group_prices_cg_3 (products_id, products_price, specials_new_products_price, status) values ('1244', '0.9900', NULL, NULL);
insert into products_group_prices_cg_3 (products_id, products_price, specials_new_products_price, status) values ('1245', '3.5000', NULL, NULL);
insert into products_group_prices_cg_3 (products_id, products_price, specials_new_products_price, status) values ('1246', '4.9500', NULL, NULL);
insert into products_group_prices_cg_3 (products_id, products_price, specials_new_products_price, status) values ('1247', '4.5000', NULL, NULL);
insert into products_group_prices_cg_3 (products_id, products_price, specials_new_products_price, status) values ('1248', '3.8000', NULL, NULL);
insert into products_group_prices_cg_3 (products_id, products_price, specials_new_products_price, status) values ('1249', '4.5000', NULL, NULL);
insert into products_group_prices_cg_3 (products_id, products_price, specials_new_products_price, status) values ('1250', '1.1200', NULL, NULL);
insert into products_group_prices_cg_3 (products_id, products_price, specials_new_products_price, status) values ('1251', '0.9900', NULL, NULL);
insert into products_group_prices_cg_3 (products_id, products_price, specials_new_products_price, status) values ('1252', '0.9900', NULL, NULL);
insert into products_group_prices_cg_3 (products_id, products_price, specials_new_products_price, status) values ('1253', '0.9900', NULL, NULL);
insert into products_group_prices_cg_3 (products_id, products_price, specials_new_products_price, status) values ('1254', '0.9900', NULL, NULL);
insert into products_group_prices_cg_3 (products_id, products_price, specials_new_products_price, status) values ('1255', '0.9900', NULL, NULL);
insert into products_group_prices_cg_3 (products_id, products_price, specials_new_products_price, status) values ('1256', '0.9900', NULL, NULL);
insert into products_group_prices_cg_3 (products_id, products_price, specials_new_products_price, status) values ('1257', '0.9900', NULL, NULL);
insert into products_group_prices_cg_3 (products_id, products_price, specials_new_products_price, status) values ('1258', '0.9900', NULL, NULL);
insert into products_group_prices_cg_3 (products_id, products_price, specials_new_products_price, status) values ('1259', '0.9900', NULL, NULL);
insert into products_group_prices_cg_3 (products_id, products_price, specials_new_products_price, status) values ('1260', '0.9900', NULL, NULL);
insert into products_group_prices_cg_3 (products_id, products_price, specials_new_products_price, status) values ('1261', '0.9900', NULL, NULL);
insert into products_group_prices_cg_3 (products_id, products_price, specials_new_products_price, status) values ('1262', '1.4900', NULL, NULL);
insert into products_group_prices_cg_3 (products_id, products_price, specials_new_products_price, status) values ('1263', '0.9900', NULL, NULL);
insert into products_group_prices_cg_3 (products_id, products_price, specials_new_products_price, status) values ('1264', '0.9900', NULL, NULL);
insert into products_group_prices_cg_3 (products_id, products_price, specials_new_products_price, status) values ('1265', '4.9500', NULL, NULL);
insert into products_group_prices_cg_3 (products_id, products_price, specials_new_products_price, status) values ('1266', '0.9900', NULL, NULL);
insert into products_group_prices_cg_3 (products_id, products_price, specials_new_products_price, status) values ('1267', '4.9500', NULL, NULL);
insert into products_group_prices_cg_3 (products_id, products_price, specials_new_products_price, status) values ('1268', '0.9900', NULL, NULL);
insert into products_group_prices_cg_3 (products_id, products_price, specials_new_products_price, status) values ('1269', '0.9900', NULL, NULL);
insert into products_group_prices_cg_3 (products_id, products_price, specials_new_products_price, status) values ('1270', '3.2500', NULL, NULL);
insert into products_group_prices_cg_3 (products_id, products_price, specials_new_products_price, status) values ('1271', '0.9900', NULL, NULL);
insert into products_group_prices_cg_3 (products_id, products_price, specials_new_products_price, status) values ('1272', '0.9900', NULL, NULL);
insert into products_group_prices_cg_3 (products_id, products_price, specials_new_products_price, status) values ('1273', '0.9900', NULL, NULL);
insert into products_group_prices_cg_3 (products_id, products_price, specials_new_products_price, status) values ('1274', '2.5000', NULL, NULL);
insert into products_group_prices_cg_3 (products_id, products_price, specials_new_products_price, status) values ('1275', '1.1200', NULL, NULL);
insert into products_group_prices_cg_3 (products_id, products_price, specials_new_products_price, status) values ('1276', '1.3000', NULL, NULL);
insert into products_group_prices_cg_3 (products_id, products_price, specials_new_products_price, status) values ('1277', '4.9500', NULL, NULL);
insert into products_group_prices_cg_3 (products_id, products_price, specials_new_products_price, status) values ('1278', '1.2500', NULL, NULL);
insert into products_group_prices_cg_3 (products_id, products_price, specials_new_products_price, status) values ('1279', '1.2500', NULL, NULL);
insert into products_group_prices_cg_3 (products_id, products_price, specials_new_products_price, status) values ('1280', '1.6900', NULL, NULL);
insert into products_group_prices_cg_3 (products_id, products_price, specials_new_products_price, status) values ('1281', '0.4900', NULL, NULL);
insert into products_group_prices_cg_3 (products_id, products_price, specials_new_products_price, status) values ('1282', '0.9900', NULL, NULL);
insert into products_group_prices_cg_3 (products_id, products_price, specials_new_products_price, status) values ('1283', '0.9900', NULL, NULL);
insert into products_group_prices_cg_3 (products_id, products_price, specials_new_products_price, status) values ('1284', '0.9900', NULL, NULL);
insert into products_group_prices_cg_3 (products_id, products_price, specials_new_products_price, status) values ('1285', '0.9900', NULL, NULL);
insert into products_group_prices_cg_3 (products_id, products_price, specials_new_products_price, status) values ('1286', '0.9900', NULL, NULL);
insert into products_group_prices_cg_3 (products_id, products_price, specials_new_products_price, status) values ('1287', '0.9900', NULL, NULL);
insert into products_group_prices_cg_3 (products_id, products_price, specials_new_products_price, status) values ('1288', '0.9900', NULL, NULL);
insert into products_group_prices_cg_3 (products_id, products_price, specials_new_products_price, status) values ('1289', '3.9900', NULL, NULL);
insert into products_group_prices_cg_3 (products_id, products_price, specials_new_products_price, status) values ('1290', '2.9500', NULL, NULL);
insert into products_group_prices_cg_3 (products_id, products_price, specials_new_products_price, status) values ('1291', '2.9500', NULL, NULL);
insert into products_group_prices_cg_3 (products_id, products_price, specials_new_products_price, status) values ('1292', '2.9500', NULL, NULL);
insert into products_group_prices_cg_3 (products_id, products_price, specials_new_products_price, status) values ('1293', '2.5000', NULL, NULL);
insert into products_group_prices_cg_3 (products_id, products_price, specials_new_products_price, status) values ('1294', '4.9900', NULL, NULL);
insert into products_group_prices_cg_3 (products_id, products_price, specials_new_products_price, status) values ('1295', '2.5000', NULL, NULL);
insert into products_group_prices_cg_3 (products_id, products_price, specials_new_products_price, status) values ('1296', '3.5000', NULL, NULL);
insert into products_group_prices_cg_3 (products_id, products_price, specials_new_products_price, status) values ('1297', '3.5000', NULL, NULL);
insert into products_group_prices_cg_3 (products_id, products_price, specials_new_products_price, status) values ('1298', '3.8000', NULL, NULL);
insert into products_group_prices_cg_3 (products_id, products_price, specials_new_products_price, status) values ('1299', '3.5000', NULL, NULL);
insert into products_group_prices_cg_3 (products_id, products_price, specials_new_products_price, status) values ('1226', '2.9000', NULL, NULL);
insert into products_group_prices_cg_3 (products_id, products_price, specials_new_products_price, status) values ('1227', '4.9900', NULL, NULL);
insert into products_group_prices_cg_3 (products_id, products_price, specials_new_products_price, status) values ('1228', '4.9900', NULL, NULL);
insert into products_group_prices_cg_3 (products_id, products_price, specials_new_products_price, status) values ('1229', '4.9900', NULL, NULL);
insert into products_group_prices_cg_3 (products_id, products_price, specials_new_products_price, status) values ('1201', '6.9500', NULL, NULL);
insert into products_group_prices_cg_3 (products_id, products_price, specials_new_products_price, status) values ('1202', '7.5000', NULL, NULL);
insert into products_group_prices_cg_3 (products_id, products_price, specials_new_products_price, status) values ('1203', '7.5000', NULL, NULL);
insert into products_group_prices_cg_3 (products_id, products_price, specials_new_products_price, status) values ('1204', '2.9000', NULL, NULL);
insert into products_group_prices_cg_3 (products_id, products_price, specials_new_products_price, status) values ('1205', '2.9000', NULL, NULL);
insert into products_group_prices_cg_3 (products_id, products_price, specials_new_products_price, status) values ('1206', '2.9000', NULL, NULL);
insert into products_group_prices_cg_3 (products_id, products_price, specials_new_products_price, status) values ('1207', '3.5000', NULL, NULL);
insert into products_group_prices_cg_3 (products_id, products_price, specials_new_products_price, status) values ('1208', '2.9000', NULL, NULL);
insert into products_group_prices_cg_3 (products_id, products_price, specials_new_products_price, status) values ('1209', '3.5000', NULL, NULL);
insert into products_group_prices_cg_3 (products_id, products_price, specials_new_products_price, status) values ('1210', '5.9000', NULL, NULL);
insert into products_group_prices_cg_3 (products_id, products_price, specials_new_products_price, status) values ('1211', '2.9000', NULL, NULL);
insert into products_group_prices_cg_3 (products_id, products_price, specials_new_products_price, status) values ('1212', '7.5000', NULL, NULL);
insert into products_group_prices_cg_3 (products_id, products_price, specials_new_products_price, status) values ('1213', '7.5000', NULL, NULL);
insert into products_group_prices_cg_3 (products_id, products_price, specials_new_products_price, status) values ('1214', '7.5000', NULL, NULL);
insert into products_group_prices_cg_3 (products_id, products_price, specials_new_products_price, status) values ('1215', '7.5000', NULL, NULL);
insert into products_group_prices_cg_3 (products_id, products_price, specials_new_products_price, status) values ('1216', '7.5000', NULL, NULL);
insert into products_group_prices_cg_3 (products_id, products_price, specials_new_products_price, status) values ('1217', '7.5000', NULL, NULL);
insert into products_group_prices_cg_3 (products_id, products_price, specials_new_products_price, status) values ('1218', '7.5000', NULL, NULL);
insert into products_group_prices_cg_3 (products_id, products_price, specials_new_products_price, status) values ('1219', '6.9500', NULL, NULL);
insert into products_group_prices_cg_3 (products_id, products_price, specials_new_products_price, status) values ('1220', '7.5000', NULL, NULL);
insert into products_group_prices_cg_3 (products_id, products_price, specials_new_products_price, status) values ('1221', '3.5000', NULL, NULL);
insert into products_group_prices_cg_3 (products_id, products_price, specials_new_products_price, status) values ('1222', '2.9000', NULL, NULL);
insert into products_group_prices_cg_3 (products_id, products_price, specials_new_products_price, status) values ('1223', '2.9000', NULL, NULL);
insert into products_group_prices_cg_3 (products_id, products_price, specials_new_products_price, status) values ('1224', '2.9000', NULL, NULL);
insert into products_group_prices_cg_3 (products_id, products_price, specials_new_products_price, status) values ('1225', '3.5000', NULL, NULL);
insert into products_group_prices_cg_3 (products_id, products_price, specials_new_products_price, status) values ('1200', '0.9900', NULL, NULL);
insert into products_group_prices_cg_3 (products_id, products_price, specials_new_products_price, status) values ('1199', '0.9900', NULL, NULL);
insert into products_group_prices_cg_3 (products_id, products_price, specials_new_products_price, status) values ('1196', '1.4900', NULL, NULL);
insert into products_group_prices_cg_3 (products_id, products_price, specials_new_products_price, status) values ('1197', '0.9900', NULL, NULL);
insert into products_group_prices_cg_3 (products_id, products_price, specials_new_products_price, status) values ('1198', '0.9900', NULL, NULL);
insert into products_group_prices_cg_3 (products_id, products_price, specials_new_products_price, status) values ('1179', '1.4900', NULL, NULL);
insert into products_group_prices_cg_3 (products_id, products_price, specials_new_products_price, status) values ('1180', '2.5000', NULL, NULL);
insert into products_group_prices_cg_3 (products_id, products_price, specials_new_products_price, status) values ('1181', '2.5000', NULL, NULL);
insert into products_group_prices_cg_3 (products_id, products_price, specials_new_products_price, status) values ('1182', '0.9900', NULL, NULL);
insert into products_group_prices_cg_3 (products_id, products_price, specials_new_products_price, status) values ('1183', '1.4900', NULL, NULL);
insert into products_group_prices_cg_3 (products_id, products_price, specials_new_products_price, status) values ('1184', '1.4900', NULL, NULL);
insert into products_group_prices_cg_3 (products_id, products_price, specials_new_products_price, status) values ('1185', '1.4900', NULL, NULL);
insert into products_group_prices_cg_3 (products_id, products_price, specials_new_products_price, status) values ('1186', '1.4900', NULL, NULL);
insert into products_group_prices_cg_3 (products_id, products_price, specials_new_products_price, status) values ('1187', '0.9900', NULL, NULL);
insert into products_group_prices_cg_3 (products_id, products_price, specials_new_products_price, status) values ('1188', '1.4900', NULL, NULL);
insert into products_group_prices_cg_3 (products_id, products_price, specials_new_products_price, status) values ('1189', '0.9900', NULL, NULL);
insert into products_group_prices_cg_3 (products_id, products_price, specials_new_products_price, status) values ('1190', '1.4900', NULL, NULL);
insert into products_group_prices_cg_3 (products_id, products_price, specials_new_products_price, status) values ('1191', '1.4900', NULL, NULL);
insert into products_group_prices_cg_3 (products_id, products_price, specials_new_products_price, status) values ('1192', '1.4900', NULL, NULL);
insert into products_group_prices_cg_3 (products_id, products_price, specials_new_products_price, status) values ('1193', '1.4900', NULL, NULL);
insert into products_group_prices_cg_3 (products_id, products_price, specials_new_products_price, status) values ('1194', '1.4900', NULL, NULL);
insert into products_group_prices_cg_3 (products_id, products_price, specials_new_products_price, status) values ('1195', '1.4900', NULL, NULL);
insert into products_group_prices_cg_3 (products_id, products_price, specials_new_products_price, status) values ('1178', '1.4900', NULL, NULL);
insert into products_group_prices_cg_3 (products_id, products_price, specials_new_products_price, status) values ('1161', '0.9900', NULL, NULL);
insert into products_group_prices_cg_3 (products_id, products_price, specials_new_products_price, status) values ('1162', '0.9900', NULL, NULL);
insert into products_group_prices_cg_3 (products_id, products_price, specials_new_products_price, status) values ('1163', '1.4900', NULL, NULL);
insert into products_group_prices_cg_3 (products_id, products_price, specials_new_products_price, status) values ('1164', '0.9900', NULL, NULL);
insert into products_group_prices_cg_3 (products_id, products_price, specials_new_products_price, status) values ('1165', '0.9900', NULL, NULL);
insert into products_group_prices_cg_3 (products_id, products_price, specials_new_products_price, status) values ('1166', '0.9900', NULL, NULL);
insert into products_group_prices_cg_3 (products_id, products_price, specials_new_products_price, status) values ('1167', '1.4900', NULL, NULL);
insert into products_group_prices_cg_3 (products_id, products_price, specials_new_products_price, status) values ('1168', '0.9900', NULL, NULL);
insert into products_group_prices_cg_3 (products_id, products_price, specials_new_products_price, status) values ('1169', '0.9900', NULL, NULL);
insert into products_group_prices_cg_3 (products_id, products_price, specials_new_products_price, status) values ('1170', '0.9900', NULL, NULL);
insert into products_group_prices_cg_3 (products_id, products_price, specials_new_products_price, status) values ('1171', '1.4900', NULL, NULL);
insert into products_group_prices_cg_3 (products_id, products_price, specials_new_products_price, status) values ('1172', '1.4900', NULL, NULL);
insert into products_group_prices_cg_3 (products_id, products_price, specials_new_products_price, status) values ('1173', '1.4900', NULL, NULL);
insert into products_group_prices_cg_3 (products_id, products_price, specials_new_products_price, status) values ('1174', '0.9900', NULL, NULL);
insert into products_group_prices_cg_3 (products_id, products_price, specials_new_products_price, status) values ('1175', '1.4900', NULL, NULL);
insert into products_group_prices_cg_3 (products_id, products_price, specials_new_products_price, status) values ('1176', '1.4900', NULL, NULL);
insert into products_group_prices_cg_3 (products_id, products_price, specials_new_products_price, status) values ('1177', '1.4900', NULL, NULL);
insert into products_group_prices_cg_3 (products_id, products_price, specials_new_products_price, status) values ('1142', '0.9900', NULL, NULL);
insert into products_group_prices_cg_3 (products_id, products_price, specials_new_products_price, status) values ('1143', '1.4900', NULL, NULL);
insert into products_group_prices_cg_3 (products_id, products_price, specials_new_products_price, status) values ('1144', '0.9900', NULL, NULL);
insert into products_group_prices_cg_3 (products_id, products_price, specials_new_products_price, status) values ('1145', '1.4900', NULL, NULL);
insert into products_group_prices_cg_3 (products_id, products_price, specials_new_products_price, status) values ('1146', '0.9900', NULL, NULL);
insert into products_group_prices_cg_3 (products_id, products_price, specials_new_products_price, status) values ('1147', '0.9900', NULL, NULL);
insert into products_group_prices_cg_3 (products_id, products_price, specials_new_products_price, status) values ('1148', '0.9900', NULL, NULL);
insert into products_group_prices_cg_3 (products_id, products_price, specials_new_products_price, status) values ('1149', '0.9900', NULL, NULL);
insert into products_group_prices_cg_3 (products_id, products_price, specials_new_products_price, status) values ('1150', '0.9900', NULL, NULL);
insert into products_group_prices_cg_3 (products_id, products_price, specials_new_products_price, status) values ('1151', '1.4900', NULL, NULL);
insert into products_group_prices_cg_3 (products_id, products_price, specials_new_products_price, status) values ('1152', '1.4900', NULL, NULL);
insert into products_group_prices_cg_3 (products_id, products_price, specials_new_products_price, status) values ('1153', '1.4900', NULL, NULL);
insert into products_group_prices_cg_3 (products_id, products_price, specials_new_products_price, status) values ('1154', '0.9900', NULL, NULL);
insert into products_group_prices_cg_3 (products_id, products_price, specials_new_products_price, status) values ('1155', '0.9900', NULL, NULL);
insert into products_group_prices_cg_3 (products_id, products_price, specials_new_products_price, status) values ('1156', '0.9900', NULL, NULL);
insert into products_group_prices_cg_3 (products_id, products_price, specials_new_products_price, status) values ('1157', '0.9900', NULL, NULL);
insert into products_group_prices_cg_3 (products_id, products_price, specials_new_products_price, status) values ('1158', '0.9900', NULL, NULL);
insert into products_group_prices_cg_3 (products_id, products_price, specials_new_products_price, status) values ('1159', '0.9900', NULL, NULL);
insert into products_group_prices_cg_3 (products_id, products_price, specials_new_products_price, status) values ('1160', '0.9900', NULL, NULL);
insert into products_group_prices_cg_3 (products_id, products_price, specials_new_products_price, status) values ('1090', '3.5000', NULL, NULL);
insert into products_group_prices_cg_3 (products_id, products_price, specials_new_products_price, status) values ('1091', '5.9900', NULL, NULL);
insert into products_group_prices_cg_3 (products_id, products_price, specials_new_products_price, status) values ('1092', '1.9900', NULL, NULL);
insert into products_group_prices_cg_3 (products_id, products_price, specials_new_products_price, status) values ('1093', '3.9900', NULL, NULL);
insert into products_group_prices_cg_3 (products_id, products_price, specials_new_products_price, status) values ('1094', '5.9900', NULL, NULL);
insert into products_group_prices_cg_3 (products_id, products_price, specials_new_products_price, status) values ('1095', '5.9500', NULL, NULL);
insert into products_group_prices_cg_3 (products_id, products_price, specials_new_products_price, status) values ('1096', '3.9900', NULL, NULL);
insert into products_group_prices_cg_3 (products_id, products_price, specials_new_products_price, status) values ('1097', '3.9500', NULL, NULL);
insert into products_group_prices_cg_3 (products_id, products_price, specials_new_products_price, status) values ('1098', '5.9900', NULL, NULL);
insert into products_group_prices_cg_3 (products_id, products_price, specials_new_products_price, status) values ('1099', '5.9900', NULL, NULL);
insert into products_group_prices_cg_3 (products_id, products_price, specials_new_products_price, status) values ('1100', '5.9500', NULL, NULL);
insert into products_group_prices_cg_3 (products_id, products_price, specials_new_products_price, status) values ('1101', '5.9500', NULL, NULL);
insert into products_group_prices_cg_3 (products_id, products_price, specials_new_products_price, status) values ('1102', '2.9500', NULL, NULL);
insert into products_group_prices_cg_3 (products_id, products_price, specials_new_products_price, status) values ('1103', '2.9500', NULL, NULL);
insert into products_group_prices_cg_3 (products_id, products_price, specials_new_products_price, status) values ('1104', '2.4900', NULL, NULL);
insert into products_group_prices_cg_3 (products_id, products_price, specials_new_products_price, status) values ('1105', '1.4900', NULL, NULL);
insert into products_group_prices_cg_3 (products_id, products_price, specials_new_products_price, status) values ('1106', '6.9500', NULL, NULL);
insert into products_group_prices_cg_3 (products_id, products_price, specials_new_products_price, status) values ('1107', '6.9500', NULL, NULL);
insert into products_group_prices_cg_3 (products_id, products_price, specials_new_products_price, status) values ('1108', '8.6000', NULL, NULL);
insert into products_group_prices_cg_3 (products_id, products_price, specials_new_products_price, status) values ('1109', '8.5000', NULL, NULL);
insert into products_group_prices_cg_3 (products_id, products_price, specials_new_products_price, status) values ('1110', '2.9900', NULL, NULL);
insert into products_group_prices_cg_3 (products_id, products_price, specials_new_products_price, status) values ('1111', '4.9500', NULL, NULL);
insert into products_group_prices_cg_3 (products_id, products_price, specials_new_products_price, status) values ('1112', '4.9500', NULL, NULL);
insert into products_group_prices_cg_3 (products_id, products_price, specials_new_products_price, status) values ('1113', '2.9900', NULL, NULL);
insert into products_group_prices_cg_3 (products_id, products_price, specials_new_products_price, status) values ('1114', '0.9900', NULL, NULL);
insert into products_group_prices_cg_3 (products_id, products_price, specials_new_products_price, status) values ('1115', '4.9500', NULL, NULL);
insert into products_group_prices_cg_3 (products_id, products_price, specials_new_products_price, status) values ('1116', '0.9900', NULL, NULL);
insert into products_group_prices_cg_3 (products_id, products_price, specials_new_products_price, status) values ('1117', '0.9900', NULL, NULL);
insert into products_group_prices_cg_3 (products_id, products_price, specials_new_products_price, status) values ('1118', '1.4900', NULL, NULL);
insert into products_group_prices_cg_3 (products_id, products_price, specials_new_products_price, status) values ('1119', '0.9900', NULL, NULL);
insert into products_group_prices_cg_3 (products_id, products_price, specials_new_products_price, status) values ('1120', '0.9900', NULL, NULL);
insert into products_group_prices_cg_3 (products_id, products_price, specials_new_products_price, status) values ('1121', '0.9900', NULL, NULL);
insert into products_group_prices_cg_3 (products_id, products_price, specials_new_products_price, status) values ('1122', '2.6000', NULL, NULL);
insert into products_group_prices_cg_3 (products_id, products_price, specials_new_products_price, status) values ('1123', '0.9900', NULL, NULL);
insert into products_group_prices_cg_3 (products_id, products_price, specials_new_products_price, status) values ('1124', '0.9900', NULL, NULL);
insert into products_group_prices_cg_3 (products_id, products_price, specials_new_products_price, status) values ('1125', '0.9900', NULL, NULL);
insert into products_group_prices_cg_3 (products_id, products_price, specials_new_products_price, status) values ('1126', '0.9900', NULL, NULL);
insert into products_group_prices_cg_3 (products_id, products_price, specials_new_products_price, status) values ('1127', '1.1000', NULL, NULL);
insert into products_group_prices_cg_3 (products_id, products_price, specials_new_products_price, status) values ('1128', '1.9900', NULL, NULL);
insert into products_group_prices_cg_3 (products_id, products_price, specials_new_products_price, status) values ('1129', '1.4900', NULL, NULL);
insert into products_group_prices_cg_3 (products_id, products_price, specials_new_products_price, status) values ('1130', '0.9900', NULL, NULL);
insert into products_group_prices_cg_3 (products_id, products_price, specials_new_products_price, status) values ('1131', '0.9900', NULL, NULL);
insert into products_group_prices_cg_3 (products_id, products_price, specials_new_products_price, status) values ('1132', '0.9900', NULL, NULL);
insert into products_group_prices_cg_3 (products_id, products_price, specials_new_products_price, status) values ('1133', '0.9900', NULL, NULL);
insert into products_group_prices_cg_3 (products_id, products_price, specials_new_products_price, status) values ('1134', '0.9900', NULL, NULL);
insert into products_group_prices_cg_3 (products_id, products_price, specials_new_products_price, status) values ('1135', '0.9900', NULL, NULL);
insert into products_group_prices_cg_3 (products_id, products_price, specials_new_products_price, status) values ('1136', '0.9900', NULL, NULL);
insert into products_group_prices_cg_3 (products_id, products_price, specials_new_products_price, status) values ('1137', '0.9900', NULL, NULL);
insert into products_group_prices_cg_3 (products_id, products_price, specials_new_products_price, status) values ('1138', '0.9900', NULL, NULL);
insert into products_group_prices_cg_3 (products_id, products_price, specials_new_products_price, status) values ('1139', '0.9900', NULL, NULL);
insert into products_group_prices_cg_3 (products_id, products_price, specials_new_products_price, status) values ('1140', '0.9900', NULL, NULL);
insert into products_group_prices_cg_3 (products_id, products_price, specials_new_products_price, status) values ('1141', '0.9900', NULL, NULL);
insert into products_group_prices_cg_3 (products_id, products_price, specials_new_products_price, status) values ('1089', '3.9900', NULL, NULL);
insert into products_group_prices_cg_3 (products_id, products_price, specials_new_products_price, status) values ('1034', '9.9000', NULL, NULL);
insert into products_group_prices_cg_3 (products_id, products_price, specials_new_products_price, status) values ('1038', '3.9500', NULL, NULL);
insert into products_group_prices_cg_3 (products_id, products_price, specials_new_products_price, status) values ('1039', '9.9000', NULL, NULL);
insert into products_group_prices_cg_3 (products_id, products_price, specials_new_products_price, status) values ('1040', '9.9900', NULL, NULL);
insert into products_group_prices_cg_3 (products_id, products_price, specials_new_products_price, status) values ('1041', '5.9500', NULL, NULL);
insert into products_group_prices_cg_3 (products_id, products_price, specials_new_products_price, status) values ('1042', '5.9900', NULL, NULL);
insert into products_group_prices_cg_3 (products_id, products_price, specials_new_products_price, status) values ('1043', '3.9500', NULL, NULL);
insert into products_group_prices_cg_3 (products_id, products_price, specials_new_products_price, status) values ('1044', '14.9500', NULL, NULL);
insert into products_group_prices_cg_3 (products_id, products_price, specials_new_products_price, status) values ('1045', '5.9500', NULL, NULL);
insert into products_group_prices_cg_3 (products_id, products_price, specials_new_products_price, status) values ('1046', '0.9900', NULL, NULL);
insert into products_group_prices_cg_3 (products_id, products_price, specials_new_products_price, status) values ('1047', '0.9900', NULL, NULL);
insert into products_group_prices_cg_3 (products_id, products_price, specials_new_products_price, status) values ('1048', '1.9900', NULL, NULL);
insert into products_group_prices_cg_3 (products_id, products_price, specials_new_products_price, status) values ('1049', '2.9900', NULL, NULL);
insert into products_group_prices_cg_3 (products_id, products_price, specials_new_products_price, status) values ('1050', '1.9900', NULL, NULL);
insert into products_group_prices_cg_3 (products_id, products_price, specials_new_products_price, status) values ('1051', '1.9900', NULL, NULL);
insert into products_group_prices_cg_3 (products_id, products_price, specials_new_products_price, status) values ('1052', '2.9900', NULL, NULL);
insert into products_group_prices_cg_3 (products_id, products_price, specials_new_products_price, status) values ('1053', '1.9900', NULL, NULL);
insert into products_group_prices_cg_3 (products_id, products_price, specials_new_products_price, status) values ('1054', '1.9900', NULL, NULL);
insert into products_group_prices_cg_3 (products_id, products_price, specials_new_products_price, status) values ('1055', '1.9900', NULL, NULL);
insert into products_group_prices_cg_3 (products_id, products_price, specials_new_products_price, status) values ('1056', '1.9900', NULL, NULL);
insert into products_group_prices_cg_3 (products_id, products_price, specials_new_products_price, status) values ('1057', '3.9900', NULL, NULL);
insert into products_group_prices_cg_3 (products_id, products_price, specials_new_products_price, status) values ('1058', '7.9900', NULL, NULL);
insert into products_group_prices_cg_3 (products_id, products_price, specials_new_products_price, status) values ('1059', '5.9900', NULL, NULL);
insert into products_group_prices_cg_3 (products_id, products_price, specials_new_products_price, status) values ('1060', '2.9900', NULL, NULL);
insert into products_group_prices_cg_3 (products_id, products_price, specials_new_products_price, status) values ('1061', '5.9900', NULL, NULL);
insert into products_group_prices_cg_3 (products_id, products_price, specials_new_products_price, status) values ('1062', '8.9500', NULL, NULL);
insert into products_group_prices_cg_3 (products_id, products_price, specials_new_products_price, status) values ('1063', '12.9500', NULL, NULL);
insert into products_group_prices_cg_3 (products_id, products_price, specials_new_products_price, status) values ('1064', '5.9500', NULL, NULL);
insert into products_group_prices_cg_3 (products_id, products_price, specials_new_products_price, status) values ('1065', '5.9500', NULL, NULL);
insert into products_group_prices_cg_3 (products_id, products_price, specials_new_products_price, status) values ('1066', '5.9500', NULL, NULL);
insert into products_group_prices_cg_3 (products_id, products_price, specials_new_products_price, status) values ('1067', '19.9500', NULL, NULL);
insert into products_group_prices_cg_3 (products_id, products_price, specials_new_products_price, status) values ('1068', '12.9500', NULL, NULL);
insert into products_group_prices_cg_3 (products_id, products_price, specials_new_products_price, status) values ('1069', '19.5000', NULL, NULL);
insert into products_group_prices_cg_3 (products_id, products_price, specials_new_products_price, status) values ('1070', '9.5000', NULL, NULL);
insert into products_group_prices_cg_3 (products_id, products_price, specials_new_products_price, status) values ('1071', '19.5000', NULL, NULL);
insert into products_group_prices_cg_3 (products_id, products_price, specials_new_products_price, status) values ('1072', '9.9500', NULL, NULL);
insert into products_group_prices_cg_3 (products_id, products_price, specials_new_products_price, status) values ('1073', '11.2000', NULL, NULL);
insert into products_group_prices_cg_3 (products_id, products_price, specials_new_products_price, status) values ('1074', '7.9800', NULL, NULL);
insert into products_group_prices_cg_3 (products_id, products_price, specials_new_products_price, status) values ('1075', '9.9900', NULL, NULL);
insert into products_group_prices_cg_3 (products_id, products_price, specials_new_products_price, status) values ('1076', '2.9900', NULL, NULL);
insert into products_group_prices_cg_3 (products_id, products_price, specials_new_products_price, status) values ('1077', '4.9900', NULL, NULL);
insert into products_group_prices_cg_3 (products_id, products_price, specials_new_products_price, status) values ('1078', '3.9500', NULL, NULL);
insert into products_group_prices_cg_3 (products_id, products_price, specials_new_products_price, status) values ('1079', '9.9500', NULL, NULL);
insert into products_group_prices_cg_3 (products_id, products_price, specials_new_products_price, status) values ('1080', '5.9900', NULL, NULL);
insert into products_group_prices_cg_3 (products_id, products_price, specials_new_products_price, status) values ('1081', '5.9900', NULL, NULL);
insert into products_group_prices_cg_3 (products_id, products_price, specials_new_products_price, status) values ('1082', '5.9900', NULL, NULL);
insert into products_group_prices_cg_3 (products_id, products_price, specials_new_products_price, status) values ('1083', '5.9900', NULL, NULL);
insert into products_group_prices_cg_3 (products_id, products_price, specials_new_products_price, status) values ('1084', '1.9900', NULL, NULL);
insert into products_group_prices_cg_3 (products_id, products_price, specials_new_products_price, status) values ('1085', '5.9900', NULL, NULL);
insert into products_group_prices_cg_3 (products_id, products_price, specials_new_products_price, status) values ('1086', '4.6000', NULL, NULL);
insert into products_group_prices_cg_3 (products_id, products_price, specials_new_products_price, status) values ('1087', '4.6000', NULL, NULL);
insert into products_group_prices_cg_3 (products_id, products_price, specials_new_products_price, status) values ('1088', '3.9900', NULL, NULL);
drop table if exists products_groups;
create table products_groups (
  customers_group_id smallint(5) unsigned default '0' not null ,
  customers_group_price decimal(15,4) default '0.0000' not null ,
  products_id int(11) default '0' not null ,
  minorder int(4) default '1' not null ,
  PRIMARY KEY (customers_group_id, products_id)
);

insert into products_groups (customers_group_id, customers_group_price, products_id, minorder) values ('2', '7.5000', '1216', '6');
insert into products_groups (customers_group_id, customers_group_price, products_id, minorder) values ('3', '7.5000', '1216', '6');
insert into products_groups (customers_group_id, customers_group_price, products_id, minorder) values ('3', '2.9000', '1222', '6');
insert into products_groups (customers_group_id, customers_group_price, products_id, minorder) values ('2', '3.5000', '1225', '6');
insert into products_groups (customers_group_id, customers_group_price, products_id, minorder) values ('3', '7.5000', '1215', '6');
insert into products_groups (customers_group_id, customers_group_price, products_id, minorder) values ('2', '7.5000', '1215', '6');
insert into products_groups (customers_group_id, customers_group_price, products_id, minorder) values ('3', '2.9000', '1224', '6');
insert into products_groups (customers_group_id, customers_group_price, products_id, minorder) values ('2', '2.9000', '1222', '6');
insert into products_groups (customers_group_id, customers_group_price, products_id, minorder) values ('3', '0.9900', '1260', '12');
insert into products_groups (customers_group_id, customers_group_price, products_id, minorder) values ('2', '2.9000', '1224', '6');
insert into products_groups (customers_group_id, customers_group_price, products_id, minorder) values ('3', '2.9000', '1223', '6');
insert into products_groups (customers_group_id, customers_group_price, products_id, minorder) values ('3', '0.9900', '1286', '12');
insert into products_groups (customers_group_id, customers_group_price, products_id, minorder) values ('2', '2.9000', '1223', '6');
insert into products_groups (customers_group_id, customers_group_price, products_id, minorder) values ('3', '7.5000', '1214', '6');
insert into products_groups (customers_group_id, customers_group_price, products_id, minorder) values ('3', '0.9900', '1197', '12');
insert into products_groups (customers_group_id, customers_group_price, products_id, minorder) values ('2', '7.5000', '1214', '6');
insert into products_groups (customers_group_id, customers_group_price, products_id, minorder) values ('3', '7.5000', '1213', '6');
insert into products_groups (customers_group_id, customers_group_price, products_id, minorder) values ('2', '7.5000', '1213', '6');
insert into products_groups (customers_group_id, customers_group_price, products_id, minorder) values ('3', '7.5000', '1212', '6');
insert into products_groups (customers_group_id, customers_group_price, products_id, minorder) values ('2', '7.5000', '1212', '6');
insert into products_groups (customers_group_id, customers_group_price, products_id, minorder) values ('2', '0.9900', '1197', '12');
insert into products_groups (customers_group_id, customers_group_price, products_id, minorder) values ('3', '2.9000', '1211', '6');
insert into products_groups (customers_group_id, customers_group_price, products_id, minorder) values ('2', '2.9000', '1211', '6');
insert into products_groups (customers_group_id, customers_group_price, products_id, minorder) values ('3', '5.9000', '1210', '6');
insert into products_groups (customers_group_id, customers_group_price, products_id, minorder) values ('3', '1.4900', '1196', '6');
insert into products_groups (customers_group_id, customers_group_price, products_id, minorder) values ('2', '5.9000', '1210', '6');
insert into products_groups (customers_group_id, customers_group_price, products_id, minorder) values ('3', '3.5000', '1209', '6');
insert into products_groups (customers_group_id, customers_group_price, products_id, minorder) values ('2', '3.5000', '1209', '6');
insert into products_groups (customers_group_id, customers_group_price, products_id, minorder) values ('3', '2.9000', '1208', '6');
insert into products_groups (customers_group_id, customers_group_price, products_id, minorder) values ('2', '2.9000', '1208', '6');
insert into products_groups (customers_group_id, customers_group_price, products_id, minorder) values ('3', '3.5000', '1207', '6');
insert into products_groups (customers_group_id, customers_group_price, products_id, minorder) values ('2', '3.5000', '1207', '6');
insert into products_groups (customers_group_id, customers_group_price, products_id, minorder) values ('3', '2.9000', '1206', '6');
insert into products_groups (customers_group_id, customers_group_price, products_id, minorder) values ('2', '0.9900', '1199', '12');
insert into products_groups (customers_group_id, customers_group_price, products_id, minorder) values ('3', '3.5000', '1299', '2');
insert into products_groups (customers_group_id, customers_group_price, products_id, minorder) values ('2', '3.5000', '1299', '2');
insert into products_groups (customers_group_id, customers_group_price, products_id, minorder) values ('2', '0.9900', '1168', '36');
insert into products_groups (customers_group_id, customers_group_price, products_id, minorder) values ('2', '1.4900', '1167', '12');
insert into products_groups (customers_group_id, customers_group_price, products_id, minorder) values ('3', '0.9900', '1165', '36');
insert into products_groups (customers_group_id, customers_group_price, products_id, minorder) values ('3', '3.8000', '1298', '3');
insert into products_groups (customers_group_id, customers_group_price, products_id, minorder) values ('2', '3.8000', '1298', '3');
insert into products_groups (customers_group_id, customers_group_price, products_id, minorder) values ('3', '0.9900', '1264', '12');
insert into products_groups (customers_group_id, customers_group_price, products_id, minorder) values ('2', '0.9900', '1264', '12');
insert into products_groups (customers_group_id, customers_group_price, products_id, minorder) values ('3', '0.9900', '1263', '12');
insert into products_groups (customers_group_id, customers_group_price, products_id, minorder) values ('2', '0.9900', '1263', '12');
insert into products_groups (customers_group_id, customers_group_price, products_id, minorder) values ('3', '0.9900', '1272', '12');
insert into products_groups (customers_group_id, customers_group_price, products_id, minorder) values ('2', '0.9900', '1272', '12');
insert into products_groups (customers_group_id, customers_group_price, products_id, minorder) values ('3', '0.9900', '1271', '12');
insert into products_groups (customers_group_id, customers_group_price, products_id, minorder) values ('2', '0.9900', '1271', '12');
insert into products_groups (customers_group_id, customers_group_price, products_id, minorder) values ('3', '1.4900', '1191', '36');
insert into products_groups (customers_group_id, customers_group_price, products_id, minorder) values ('2', '1.4900', '1191', '36');
insert into products_groups (customers_group_id, customers_group_price, products_id, minorder) values ('3', '1.4900', '1190', '36');
insert into products_groups (customers_group_id, customers_group_price, products_id, minorder) values ('2', '1.4900', '1190', '36');
insert into products_groups (customers_group_id, customers_group_price, products_id, minorder) values ('3', '0.9900', '1189', '36');
insert into products_groups (customers_group_id, customers_group_price, products_id, minorder) values ('3', '1.4900', '1167', '12');
insert into products_groups (customers_group_id, customers_group_price, products_id, minorder) values ('3', '3.5000', '1221', '6');
insert into products_groups (customers_group_id, customers_group_price, products_id, minorder) values ('2', '3.5000', '1221', '6');
insert into products_groups (customers_group_id, customers_group_price, products_id, minorder) values ('3', '1.4900', '1188', '36');
insert into products_groups (customers_group_id, customers_group_price, products_id, minorder) values ('2', '0.9900', '1164', '36');
insert into products_groups (customers_group_id, customers_group_price, products_id, minorder) values ('2', '0.9900', '1244', '12');
insert into products_groups (customers_group_id, customers_group_price, products_id, minorder) values ('3', '4.9900', '1229', '2');
insert into products_groups (customers_group_id, customers_group_price, products_id, minorder) values ('3', '3.5000', '1296', '3');
insert into products_groups (customers_group_id, customers_group_price, products_id, minorder) values ('2', '2.5000', '1077', '4');
insert into products_groups (customers_group_id, customers_group_price, products_id, minorder) values ('2', '2.9900', '1094', '12');
insert into products_groups (customers_group_id, customers_group_price, products_id, minorder) values ('3', '7.5000', '1220', '6');
insert into products_groups (customers_group_id, customers_group_price, products_id, minorder) values ('2', '4.9900', '1229', '2');
insert into products_groups (customers_group_id, customers_group_price, products_id, minorder) values ('3', '0.9900', '1243', '12');
insert into products_groups (customers_group_id, customers_group_price, products_id, minorder) values ('3', '0.9900', '1149', '12');
insert into products_groups (customers_group_id, customers_group_price, products_id, minorder) values ('2', '0.9900', '1134', '12');
insert into products_groups (customers_group_id, customers_group_price, products_id, minorder) values ('3', '1.4900', '1192', '36');
insert into products_groups (customers_group_id, customers_group_price, products_id, minorder) values ('2', '3.5000', '1296', '3');
insert into products_groups (customers_group_id, customers_group_price, products_id, minorder) values ('2', '1.4900', '1060', '12');
insert into products_groups (customers_group_id, customers_group_price, products_id, minorder) values ('2', '0.9900', '1243', '12');
insert into products_groups (customers_group_id, customers_group_price, products_id, minorder) values ('2', '7.5000', '1220', '6');
insert into products_groups (customers_group_id, customers_group_price, products_id, minorder) values ('2', '2.9500', '1066', '4');
insert into products_groups (customers_group_id, customers_group_price, products_id, minorder) values ('2', '1.4900', '1185', '6');
insert into products_groups (customers_group_id, customers_group_price, products_id, minorder) values ('3', '2.5000', '1295', '6');
insert into products_groups (customers_group_id, customers_group_price, products_id, minorder) values ('3', '0.9900', '1133', '12');
insert into products_groups (customers_group_id, customers_group_price, products_id, minorder) values ('2', '0.9900', '1133', '12');
insert into products_groups (customers_group_id, customers_group_price, products_id, minorder) values ('2', '0.9900', '1053', '12');
insert into products_groups (customers_group_id, customers_group_price, products_id, minorder) values ('2', '0.9900', '1149', '12');
insert into products_groups (customers_group_id, customers_group_price, products_id, minorder) values ('3', '6.9500', '1219', '6');
insert into products_groups (customers_group_id, customers_group_price, products_id, minorder) values ('3', '0.9900', '1132', '12');
insert into products_groups (customers_group_id, customers_group_price, products_id, minorder) values ('3', '1.4900', '1184', '6');
insert into products_groups (customers_group_id, customers_group_price, products_id, minorder) values ('2', '1.4900', '1076', '6');
insert into products_groups (customers_group_id, customers_group_price, products_id, minorder) values ('2', '0.9900', '1166', '2');
insert into products_groups (customers_group_id, customers_group_price, products_id, minorder) values ('2', '0.9900', '1132', '12');
insert into products_groups (customers_group_id, customers_group_price, products_id, minorder) values ('3', '0.9900', '1148', '12');
insert into products_groups (customers_group_id, customers_group_price, products_id, minorder) values ('3', '4.9900', '1228', '2');
insert into products_groups (customers_group_id, customers_group_price, products_id, minorder) values ('2', '5.6000', '1073', '2');
insert into products_groups (customers_group_id, customers_group_price, products_id, minorder) values ('2', '4.9900', '1228', '2');
insert into products_groups (customers_group_id, customers_group_price, products_id, minorder) values ('3', '1.4900', '1242', '6');
insert into products_groups (customers_group_id, customers_group_price, products_id, minorder) values ('3', '4.9900', '1227', '2');
insert into products_groups (customers_group_id, customers_group_price, products_id, minorder) values ('2', '6.9500', '1219', '6');
insert into products_groups (customers_group_id, customers_group_price, products_id, minorder) values ('2', '4.9900', '1227', '2');
insert into products_groups (customers_group_id, customers_group_price, products_id, minorder) values ('2', '2.5000', '1295', '6');
insert into products_groups (customers_group_id, customers_group_price, products_id, minorder) values ('2', '0.9900', '1148', '12');
insert into products_groups (customers_group_id, customers_group_price, products_id, minorder) values ('3', '0.9900', '1131', '12');
insert into products_groups (customers_group_id, customers_group_price, products_id, minorder) values ('3', '2.9000', '1226', '2');
insert into products_groups (customers_group_id, customers_group_price, products_id, minorder) values ('2', '2.9000', '1226', '2');
insert into products_groups (customers_group_id, customers_group_price, products_id, minorder) values ('3', '4.9900', '1294', '2');
insert into products_groups (customers_group_id, customers_group_price, products_id, minorder) values ('2', '1.4900', '1192', '36');
insert into products_groups (customers_group_id, customers_group_price, products_id, minorder) values ('3', '0.9900', '1147', '12');
insert into products_groups (customers_group_id, customers_group_price, products_id, minorder) values ('2', '1.4900', '1188', '36');
insert into products_groups (customers_group_id, customers_group_price, products_id, minorder) values ('3', '7.5000', '1218', '6');
insert into products_groups (customers_group_id, customers_group_price, products_id, minorder) values ('3', '3.5000', '1225', '6');
insert into products_groups (customers_group_id, customers_group_price, products_id, minorder) values ('2', '4.9900', '1075', '2');
insert into products_groups (customers_group_id, customers_group_price, products_id, minorder) values ('2', '7.5000', '1218', '6');
insert into products_groups (customers_group_id, customers_group_price, products_id, minorder) values ('2', '0.9900', '1147', '12');
insert into products_groups (customers_group_id, customers_group_price, products_id, minorder) values ('3', '0.9900', '1187', '36');
insert into products_groups (customers_group_id, customers_group_price, products_id, minorder) values ('2', '0.9900', '1131', '12');
insert into products_groups (customers_group_id, customers_group_price, products_id, minorder) values ('3', '7.5000', '1217', '6');
insert into products_groups (customers_group_id, customers_group_price, products_id, minorder) values ('3', '0.9900', '1146', '12');
insert into products_groups (customers_group_id, customers_group_price, products_id, minorder) values ('2', '1.9900', '1093', '12');
insert into products_groups (customers_group_id, customers_group_price, products_id, minorder) values ('2', '0.9900', '1189', '36');
insert into products_groups (customers_group_id, customers_group_price, products_id, minorder) values ('3', '1.4900', '1163', '12');
insert into products_groups (customers_group_id, customers_group_price, products_id, minorder) values ('2', '1.4900', '1163', '12');
insert into products_groups (customers_group_id, customers_group_price, products_id, minorder) values ('2', '0.9900', '1162', '12');
insert into products_groups (customers_group_id, customers_group_price, products_id, minorder) values ('3', '0.9900', '1161', '36');
insert into products_groups (customers_group_id, customers_group_price, products_id, minorder) values ('2', '0.9900', '1161', '36');
insert into products_groups (customers_group_id, customers_group_price, products_id, minorder) values ('2', '2.9500', '1064', '4');
insert into products_groups (customers_group_id, customers_group_price, products_id, minorder) values ('3', '0.9900', '1130', '12');
insert into products_groups (customers_group_id, customers_group_price, products_id, minorder) values ('2', '6.5000', '1063', '2');
insert into products_groups (customers_group_id, customers_group_price, products_id, minorder) values ('2', '0.9900', '1130', '12');
insert into products_groups (customers_group_id, customers_group_price, products_id, minorder) values ('2', '4.5000', '1062', '12');
insert into products_groups (customers_group_id, customers_group_price, products_id, minorder) values ('2', '2.5000', '1293', '6');
insert into products_groups (customers_group_id, customers_group_price, products_id, minorder) values ('3', '1.4900', '1262', '6');
insert into products_groups (customers_group_id, customers_group_price, products_id, minorder) values ('2', '2.9900', '1091', '12');
insert into products_groups (customers_group_id, customers_group_price, products_id, minorder) values ('2', '1.4900', '1145', '12');
insert into products_groups (customers_group_id, customers_group_price, products_id, minorder) values ('3', '1.4900', '1129', '36');
insert into products_groups (customers_group_id, customers_group_price, products_id, minorder) values ('2', '1.4900', '1129', '36');
insert into products_groups (customers_group_id, customers_group_price, products_id, minorder) values ('2', '2.9900', '1080', '12');
insert into products_groups (customers_group_id, customers_group_price, products_id, minorder) values ('3', '1.9900', '1128', '12');
insert into products_groups (customers_group_id, customers_group_price, products_id, minorder) values ('2', '0.9900', '1139', '12');
insert into products_groups (customers_group_id, customers_group_price, products_id, minorder) values ('2', '1.9900', '1128', '12');
insert into products_groups (customers_group_id, customers_group_price, products_id, minorder) values ('2', '2.9500', '1045', '6');
insert into products_groups (customers_group_id, customers_group_price, products_id, minorder) values ('3', '0.9900', '1138', '12');
insert into products_groups (customers_group_id, customers_group_price, products_id, minorder) values ('2', '1.4900', '1052', '6');
insert into products_groups (customers_group_id, customers_group_price, products_id, minorder) values ('3', '1.1000', '1127', '12');
insert into products_groups (customers_group_id, customers_group_price, products_id, minorder) values ('2', '0.9900', '1138', '12');
insert into products_groups (customers_group_id, customers_group_price, products_id, minorder) values ('2', '1.1000', '1127', '12');
insert into products_groups (customers_group_id, customers_group_price, products_id, minorder) values ('2', '4.9500', '1079', '2');
insert into products_groups (customers_group_id, customers_group_price, products_id, minorder) values ('3', '0.9900', '1126', '36');
insert into products_groups (customers_group_id, customers_group_price, products_id, minorder) values ('2', '0.9900', '1126', '36');
insert into products_groups (customers_group_id, customers_group_price, products_id, minorder) values ('2', '9.9500', '1067', '2');
insert into products_groups (customers_group_id, customers_group_price, products_id, minorder) values ('2', '9.5000', '1071', '1');
insert into products_groups (customers_group_id, customers_group_price, products_id, minorder) values ('3', '0.9900', '1125', '36');
insert into products_groups (customers_group_id, customers_group_price, products_id, minorder) values ('2', '0.9900', '1125', '36');
insert into products_groups (customers_group_id, customers_group_price, products_id, minorder) values ('2', '2.9500', '1100', '4');
insert into products_groups (customers_group_id, customers_group_price, products_id, minorder) values ('3', '0.9900', '1124', '12');
insert into products_groups (customers_group_id, customers_group_price, products_id, minorder) values ('2', '0.9900', '1198', '12');
insert into products_groups (customers_group_id, customers_group_price, products_id, minorder) values ('2', '0.9900', '1124', '12');
insert into products_groups (customers_group_id, customers_group_price, products_id, minorder) values ('3', '0.9900', '1158', '36');
insert into products_groups (customers_group_id, customers_group_price, products_id, minorder) values ('3', '0.9900', '1123', '12');
insert into products_groups (customers_group_id, customers_group_price, products_id, minorder) values ('2', '0.9900', '1236', '12');
insert into products_groups (customers_group_id, customers_group_price, products_id, minorder) values ('2', '0.9900', '1273', '24');
insert into products_groups (customers_group_id, customers_group_price, products_id, minorder) values ('2', '0.9900', '1123', '12');
insert into products_groups (customers_group_id, customers_group_price, products_id, minorder) values ('2', '1.4900', '1262', '6');
insert into products_groups (customers_group_id, customers_group_price, products_id, minorder) values ('3', '0.9900', '1261', '12');
insert into products_groups (customers_group_id, customers_group_price, products_id, minorder) values ('2', '2.9000', '1206', '6');
insert into products_groups (customers_group_id, customers_group_price, products_id, minorder) values ('3', '2.9500', '1292', '4');
insert into products_groups (customers_group_id, customers_group_price, products_id, minorder) values ('2', '2.9500', '1292', '4');
insert into products_groups (customers_group_id, customers_group_price, products_id, minorder) values ('2', '0.9900', '1261', '12');
insert into products_groups (customers_group_id, customers_group_price, products_id, minorder) values ('3', '2.9500', '1291', '4');
insert into products_groups (customers_group_id, customers_group_price, products_id, minorder) values ('2', '0.9900', '1051', '12');
insert into products_groups (customers_group_id, customers_group_price, products_id, minorder) values ('2', '1.9900', '1096', '12');
insert into products_groups (customers_group_id, customers_group_price, products_id, minorder) values ('2', '0.9900', '1158', '36');
insert into products_groups (customers_group_id, customers_group_price, products_id, minorder) values ('3', '2.6000', '1122', '12');
insert into products_groups (customers_group_id, customers_group_price, products_id, minorder) values ('3', '2.5000', '1180', '6');
insert into products_groups (customers_group_id, customers_group_price, products_id, minorder) values ('3', '0.9900', '1144', '12');
insert into products_groups (customers_group_id, customers_group_price, products_id, minorder) values ('3', '0.9900', '1157', '36');
insert into products_groups (customers_group_id, customers_group_price, products_id, minorder) values ('2', '2.3000', '1087', '12');
insert into products_groups (customers_group_id, customers_group_price, products_id, minorder) values ('2', '0.9900', '1187', '36');
insert into products_groups (customers_group_id, customers_group_price, products_id, minorder) values ('3', '1.4900', '1186', '36');
insert into products_groups (customers_group_id, customers_group_price, products_id, minorder) values ('2', '0.9900', '1144', '12');
insert into products_groups (customers_group_id, customers_group_price, products_id, minorder) values ('2', '0.9900', '1157', '36');
insert into products_groups (customers_group_id, customers_group_price, products_id, minorder) values ('2', '2.6000', '1122', '12');
insert into products_groups (customers_group_id, customers_group_price, products_id, minorder) values ('3', '0.9900', '1121', '36');
insert into products_groups (customers_group_id, customers_group_price, products_id, minorder) values ('2', '0.9900', '1260', '12');
insert into products_groups (customers_group_id, customers_group_price, products_id, minorder) values ('3', '1.4900', '1143', '12');
insert into products_groups (customers_group_id, customers_group_price, products_id, minorder) values ('3', '0.9900', '1156', '36');
insert into products_groups (customers_group_id, customers_group_price, products_id, minorder) values ('2', '0.9900', '1050', '12');
insert into products_groups (customers_group_id, customers_group_price, products_id, minorder) values ('3', '0.9900', '1259', '12');
insert into products_groups (customers_group_id, customers_group_price, products_id, minorder) values ('3', '1.1200', '1275', '24');
insert into products_groups (customers_group_id, customers_group_price, products_id, minorder) values ('3', '0.9900', '1235', '12');
insert into products_groups (customers_group_id, customers_group_price, products_id, minorder) values ('3', '1.4900', '1195', '6');
insert into products_groups (customers_group_id, customers_group_price, products_id, minorder) values ('3', '1.4900', '1172', '12');
insert into products_groups (customers_group_id, customers_group_price, products_id, minorder) values ('3', '0.9900', '1137', '12');
insert into products_groups (customers_group_id, customers_group_price, products_id, minorder) values ('2', '0.9900', '1235', '12');
insert into products_groups (customers_group_id, customers_group_price, products_id, minorder) values ('2', '1.4900', '1172', '12');
insert into products_groups (customers_group_id, customers_group_price, products_id, minorder) values ('2', '0.9900', '1137', '12');
insert into products_groups (customers_group_id, customers_group_price, products_id, minorder) values ('3', '0.9900', '1234', '12');
insert into products_groups (customers_group_id, customers_group_price, products_id, minorder) values ('2', '1.4900', '1195', '6');
insert into products_groups (customers_group_id, customers_group_price, products_id, minorder) values ('3', '1.4900', '1171', '12');
insert into products_groups (customers_group_id, customers_group_price, products_id, minorder) values ('3', '0.9900', '1136', '12');
insert into products_groups (customers_group_id, customers_group_price, products_id, minorder) values ('2', '1.1200', '1275', '24');
insert into products_groups (customers_group_id, customers_group_price, products_id, minorder) values ('2', '0.9900', '1234', '12');
insert into products_groups (customers_group_id, customers_group_price, products_id, minorder) values ('2', '1.4900', '1171', '12');
insert into products_groups (customers_group_id, customers_group_price, products_id, minorder) values ('3', '0.9900', '1170', '12');
insert into products_groups (customers_group_id, customers_group_price, products_id, minorder) values ('2', '0.9900', '1170', '12');
insert into products_groups (customers_group_id, customers_group_price, products_id, minorder) values ('2', '0.9900', '1136', '12');
insert into products_groups (customers_group_id, customers_group_price, products_id, minorder) values ('2', '3.5000', '1232', '4');
insert into products_groups (customers_group_id, customers_group_price, products_id, minorder) values ('3', '3.5000', '1297', '3');
insert into products_groups (customers_group_id, customers_group_price, products_id, minorder) values ('2', '3.5000', '1297', '3');
insert into products_groups (customers_group_id, customers_group_price, products_id, minorder) values ('3', '4.9900', '1231', '2');
insert into products_groups (customers_group_id, customers_group_price, products_id, minorder) values ('2', '1.4900', '1193', '6');
insert into products_groups (customers_group_id, customers_group_price, products_id, minorder) values ('3', '4.9500', '1265', '6');
insert into products_groups (customers_group_id, customers_group_price, products_id, minorder) values ('2', '2.9500', '1291', '4');
insert into products_groups (customers_group_id, customers_group_price, products_id, minorder) values ('2', '0.9900', '1259', '12');
insert into products_groups (customers_group_id, customers_group_price, products_id, minorder) values ('3', '2.9500', '1290', '4');
insert into products_groups (customers_group_id, customers_group_price, products_id, minorder) values ('3', '0.9900', '1258', '12');
insert into products_groups (customers_group_id, customers_group_price, products_id, minorder) values ('2', '2.9500', '1290', '4');
insert into products_groups (customers_group_id, customers_group_price, products_id, minorder) values ('2', '0.9900', '1258', '12');
insert into products_groups (customers_group_id, customers_group_price, products_id, minorder) values ('3', '2.9000', '1205', '6');
insert into products_groups (customers_group_id, customers_group_price, products_id, minorder) values ('3', '3.9900', '1289', '6');
insert into products_groups (customers_group_id, customers_group_price, products_id, minorder) values ('3', '0.9900', '1257', '12');
insert into products_groups (customers_group_id, customers_group_price, products_id, minorder) values ('2', '2.5000', '1180', '6');
insert into products_groups (customers_group_id, customers_group_price, products_id, minorder) values ('2', '0.9900', '1257', '12');
insert into products_groups (customers_group_id, customers_group_price, products_id, minorder) values ('2', '3.9900', '1289', '6');
insert into products_groups (customers_group_id, customers_group_price, products_id, minorder) values ('2', '2.9000', '1205', '6');
insert into products_groups (customers_group_id, customers_group_price, products_id, minorder) values ('3', '0.9900', '1288', '24');
insert into products_groups (customers_group_id, customers_group_price, products_id, minorder) values ('3', '0.9900', '1256', '12');
insert into products_groups (customers_group_id, customers_group_price, products_id, minorder) values ('3', '2.9000', '1204', '6');
insert into products_groups (customers_group_id, customers_group_price, products_id, minorder) values ('2', '0.9900', '1288', '24');
insert into products_groups (customers_group_id, customers_group_price, products_id, minorder) values ('2', '0.9900', '1256', '12');
insert into products_groups (customers_group_id, customers_group_price, products_id, minorder) values ('2', '2.9000', '1204', '6');
insert into products_groups (customers_group_id, customers_group_price, products_id, minorder) values ('3', '0.9900', '1287', '12');
insert into products_groups (customers_group_id, customers_group_price, products_id, minorder) values ('3', '0.9900', '1255', '12');
insert into products_groups (customers_group_id, customers_group_price, products_id, minorder) values ('3', '3.9500', '1078', '6');
insert into products_groups (customers_group_id, customers_group_price, products_id, minorder) values ('2', '1.4900', '1143', '12');
insert into products_groups (customers_group_id, customers_group_price, products_id, minorder) values ('3', '1.4900', '1179', '12');
insert into products_groups (customers_group_id, customers_group_price, products_id, minorder) values ('2', '1.4900', '1179', '12');
insert into products_groups (customers_group_id, customers_group_price, products_id, minorder) values ('3', '0.9900', '1142', '36');
insert into products_groups (customers_group_id, customers_group_price, products_id, minorder) values ('3', '1.4900', '1178', '36');
insert into products_groups (customers_group_id, customers_group_price, products_id, minorder) values ('2', '0.9900', '1142', '36');
insert into products_groups (customers_group_id, customers_group_price, products_id, minorder) values ('2', '0.9900', '1121', '36');
insert into products_groups (customers_group_id, customers_group_price, products_id, minorder) values ('3', '0.9900', '1120', '12');
insert into products_groups (customers_group_id, customers_group_price, products_id, minorder) values ('2', '0.9900', '1156', '36');
insert into products_groups (customers_group_id, customers_group_price, products_id, minorder) values ('2', '2.3000', '1086', '12');
insert into products_groups (customers_group_id, customers_group_price, products_id, minorder) values ('2', '0.9900', '1287', '12');
insert into products_groups (customers_group_id, customers_group_price, products_id, minorder) values ('2', '0.9900', '1255', '12');
insert into products_groups (customers_group_id, customers_group_price, products_id, minorder) values ('2', '1.4900', '1178', '36');
insert into products_groups (customers_group_id, customers_group_price, products_id, minorder) values ('2', '1.4900', '1049', '6');
insert into products_groups (customers_group_id, customers_group_price, products_id, minorder) values ('2', '2.9500', '1095', '12');
insert into products_groups (customers_group_id, customers_group_price, products_id, minorder) values ('3', '0.9900', '1155', '36');
insert into products_groups (customers_group_id, customers_group_price, products_id, minorder) values ('2', '0.9900', '1120', '12');
insert into products_groups (customers_group_id, customers_group_price, products_id, minorder) values ('3', '0.9900', '1254', '12');
insert into products_groups (customers_group_id, customers_group_price, products_id, minorder) values ('3', '0.9900', '1119', '36');
insert into products_groups (customers_group_id, customers_group_price, products_id, minorder) values ('2', '0.9900', '1155', '36');
insert into products_groups (customers_group_id, customers_group_price, products_id, minorder) values ('2', '0.9900', '1254', '12');
insert into products_groups (customers_group_id, customers_group_price, products_id, minorder) values ('3', '1.4900', '1177', '12');
insert into products_groups (customers_group_id, customers_group_price, products_id, minorder) values ('2', '0.9900', '1119', '36');
insert into products_groups (customers_group_id, customers_group_price, products_id, minorder) values ('2', '2.9500', '1059', '12');
insert into products_groups (customers_group_id, customers_group_price, products_id, minorder) values ('2', '2.9500', '1065', '4');
insert into products_groups (customers_group_id, customers_group_price, products_id, minorder) values ('2', '9.9500', '1069', '2');
insert into products_groups (customers_group_id, customers_group_price, products_id, minorder) values ('2', '2.9500', '1041', '6');
insert into products_groups (customers_group_id, customers_group_price, products_id, minorder) values ('2', '2.9900', '1098', '12');
insert into products_groups (customers_group_id, customers_group_price, products_id, minorder) values ('3', '1.4900', '1118', '12');
insert into products_groups (customers_group_id, customers_group_price, products_id, minorder) values ('2', '1.4900', '1118', '12');
insert into products_groups (customers_group_id, customers_group_price, products_id, minorder) values ('3', '0.9900', '1117', '12');
insert into products_groups (customers_group_id, customers_group_price, products_id, minorder) values ('3', '0.9900', '1198', '12');
insert into products_groups (customers_group_id, customers_group_price, products_id, minorder) values ('3', '0.9900', '1240', '12');
insert into products_groups (customers_group_id, customers_group_price, products_id, minorder) values ('3', '0.9900', '1154', '36');
insert into products_groups (customers_group_id, customers_group_price, products_id, minorder) values ('2', '0.9900', '1117', '12');
insert into products_groups (customers_group_id, customers_group_price, products_id, minorder) values ('2', '2.9900', '1085', '12');
insert into products_groups (customers_group_id, customers_group_price, products_id, minorder) values ('2', '0.9900', '1048', '12');
insert into products_groups (customers_group_id, customers_group_price, products_id, minorder) values ('2', '0.9900', '1154', '36');
insert into products_groups (customers_group_id, customers_group_price, products_id, minorder) values ('3', '0.9900', '1116', '12');
insert into products_groups (customers_group_id, customers_group_price, products_id, minorder) values ('3', '0.9900', '1253', '12');
insert into products_groups (customers_group_id, customers_group_price, products_id, minorder) values ('2', '0.9900', '1116', '12');
insert into products_groups (customers_group_id, customers_group_price, products_id, minorder) values ('2', '0.9900', '1165', '36');
insert into products_groups (customers_group_id, customers_group_price, products_id, minorder) values ('2', '0.9900', '1253', '12');
insert into products_groups (customers_group_id, customers_group_price, products_id, minorder) values ('2', '0.9900', '1084', '12');
insert into products_groups (customers_group_id, customers_group_price, products_id, minorder) values ('2', '1.9500', '1097', '12');
insert into products_groups (customers_group_id, customers_group_price, products_id, minorder) values ('3', '1.4900', '1153', '12');
insert into products_groups (customers_group_id, customers_group_price, products_id, minorder) values ('3', '4.9500', '1115', '6');
insert into products_groups (customers_group_id, customers_group_price, products_id, minorder) values ('2', '0.4900', '1047', '12');
insert into products_groups (customers_group_id, customers_group_price, products_id, minorder) values ('2', '1.4900', '1186', '36');
insert into products_groups (customers_group_id, customers_group_price, products_id, minorder) values ('2', '2.9500', '1061', '12');
insert into products_groups (customers_group_id, customers_group_price, products_id, minorder) values ('2', '4.9500', '1115', '6');
insert into products_groups (customers_group_id, customers_group_price, products_id, minorder) values ('3', '0.9900', '1162', '12');
insert into products_groups (customers_group_id, customers_group_price, products_id, minorder) values ('3', '0.9900', '1114', '24');
insert into products_groups (customers_group_id, customers_group_price, products_id, minorder) values ('2', '0.9900', '1054', '12');
insert into products_groups (customers_group_id, customers_group_price, products_id, minorder) values ('2', '0.9900', '1114', '24');
insert into products_groups (customers_group_id, customers_group_price, products_id, minorder) values ('3', '2.9900', '1113', '6');
insert into products_groups (customers_group_id, customers_group_price, products_id, minorder) values ('2', '4.9500', '1039', '2');
insert into products_groups (customers_group_id, customers_group_price, products_id, minorder) values ('2', '3.9900', '1058', '12');
insert into products_groups (customers_group_id, customers_group_price, products_id, minorder) values ('2', '2.9900', '1113', '6');
insert into products_groups (customers_group_id, customers_group_price, products_id, minorder) values ('3', '4.9500', '1112', '6');
insert into products_groups (customers_group_id, customers_group_price, products_id, minorder) values ('2', '4.9500', '1112', '6');
insert into products_groups (customers_group_id, customers_group_price, products_id, minorder) values ('2', '6.9900', '1068', '2');
insert into products_groups (customers_group_id, customers_group_price, products_id, minorder) values ('2', '1.4900', '1177', '12');
insert into products_groups (customers_group_id, customers_group_price, products_id, minorder) values ('2', '1.4900', '1153', '12');
insert into products_groups (customers_group_id, customers_group_price, products_id, minorder) values ('3', '4.9500', '1111', '6');
insert into products_groups (customers_group_id, customers_group_price, products_id, minorder) values ('3', '0.9900', '1252', '12');
insert into products_groups (customers_group_id, customers_group_price, products_id, minorder) values ('2', '4.9500', '1111', '6');
insert into products_groups (customers_group_id, customers_group_price, products_id, minorder) values ('3', '7.5000', '1203', '6');
insert into products_groups (customers_group_id, customers_group_price, products_id, minorder) values ('2', '0.9900', '1286', '12');
insert into products_groups (customers_group_id, customers_group_price, products_id, minorder) values ('2', '0.9900', '1252', '12');
insert into products_groups (customers_group_id, customers_group_price, products_id, minorder) values ('3', '0.9900', '1285', '24');
insert into products_groups (customers_group_id, customers_group_price, products_id, minorder) values ('2', '7.5000', '1203', '6');
insert into products_groups (customers_group_id, customers_group_price, products_id, minorder) values ('3', '0.9900', '1251', '12');
insert into products_groups (customers_group_id, customers_group_price, products_id, minorder) values ('2', '0.9900', '1285', '24');
insert into products_groups (customers_group_id, customers_group_price, products_id, minorder) values ('3', '0.9900', '1141', '12');
insert into products_groups (customers_group_id, customers_group_price, products_id, minorder) values ('3', '7.5000', '1202', '6');
insert into products_groups (customers_group_id, customers_group_price, products_id, minorder) values ('2', '1.9500', '1038', '6');
insert into products_groups (customers_group_id, customers_group_price, products_id, minorder) values ('3', '2.9900', '1110', '6');
insert into products_groups (customers_group_id, customers_group_price, products_id, minorder) values ('2', '0.9900', '1251', '12');
insert into products_groups (customers_group_id, customers_group_price, products_id, minorder) values ('3', '0.9900', '1284', '24');
insert into products_groups (customers_group_id, customers_group_price, products_id, minorder) values ('2', '0.9900', '1141', '12');
insert into products_groups (customers_group_id, customers_group_price, products_id, minorder) values ('3', '1.1200', '1250', '24');
insert into products_groups (customers_group_id, customers_group_price, products_id, minorder) values ('2', '0.9900', '1284', '24');
insert into products_groups (customers_group_id, customers_group_price, products_id, minorder) values ('2', '2.9500', '1083', '12');
insert into products_groups (customers_group_id, customers_group_price, products_id, minorder) values ('3', '0.9900', '1140', '12');
insert into products_groups (customers_group_id, customers_group_price, products_id, minorder) values ('2', '7.5000', '1202', '6');
insert into products_groups (customers_group_id, customers_group_price, products_id, minorder) values ('3', '0.9900', '1283', '12');
insert into products_groups (customers_group_id, customers_group_price, products_id, minorder) values ('2', '2.9900', '1110', '6');
insert into products_groups (customers_group_id, customers_group_price, products_id, minorder) values ('3', '6.9500', '1201', '2');
insert into products_groups (customers_group_id, customers_group_price, products_id, minorder) values ('2', '1.1200', '1250', '24');
insert into products_groups (customers_group_id, customers_group_price, products_id, minorder) values ('2', '0.9900', '1283', '12');
insert into products_groups (customers_group_id, customers_group_price, products_id, minorder) values ('2', '2.9900', '1082', '12');
insert into products_groups (customers_group_id, customers_group_price, products_id, minorder) values ('3', '8.5000', '1109', '2');
insert into products_groups (customers_group_id, customers_group_price, products_id, minorder) values ('2', '4.9500', '1034', '6');
insert into products_groups (customers_group_id, customers_group_price, products_id, minorder) values ('2', '6.9500', '1201', '2');
insert into products_groups (customers_group_id, customers_group_price, products_id, minorder) values ('3', '4.5000', '1249', '6');
insert into products_groups (customers_group_id, customers_group_price, products_id, minorder) values ('3', '0.9900', '1135', '12');
insert into products_groups (customers_group_id, customers_group_price, products_id, minorder) values ('2', '0.9900', '1135', '12');
insert into products_groups (customers_group_id, customers_group_price, products_id, minorder) values ('3', '0.9900', '1134', '12');
insert into products_groups (customers_group_id, customers_group_price, products_id, minorder) values ('2', '8.5000', '1109', '2');
insert into products_groups (customers_group_id, customers_group_price, products_id, minorder) values ('2', '2.9500', '1101', '4');
insert into products_groups (customers_group_id, customers_group_price, products_id, minorder) values ('3', '0.9900', '1160', '12');
insert into products_groups (customers_group_id, customers_group_price, products_id, minorder) values ('2', '0.9900', '1160', '12');
insert into products_groups (customers_group_id, customers_group_price, products_id, minorder) values ('2', '1.9900', '1057', '12');
insert into products_groups (customers_group_id, customers_group_price, products_id, minorder) values ('3', '8.6000', '1108', '2');
insert into products_groups (customers_group_id, customers_group_price, products_id, minorder) values ('2', '0.9900', '1140', '12');
insert into products_groups (customers_group_id, customers_group_price, products_id, minorder) values ('3', '1.4900', '1152', '12');
insert into products_groups (customers_group_id, customers_group_price, products_id, minorder) values ('2', '8.6000', '1108', '2');
insert into products_groups (customers_group_id, customers_group_price, products_id, minorder) values ('3', '6.9500', '1107', '2');
insert into products_groups (customers_group_id, customers_group_price, products_id, minorder) values ('2', '4.5000', '1249', '6');
insert into products_groups (customers_group_id, customers_group_price, products_id, minorder) values ('3', '1.4900', '1185', '6');
insert into products_groups (customers_group_id, customers_group_price, products_id, minorder) values ('2', '3.9900', '1074', '2');
insert into products_groups (customers_group_id, customers_group_price, products_id, minorder) values ('2', '1.4900', '1242', '6');
insert into products_groups (customers_group_id, customers_group_price, products_id, minorder) values ('2', '4.9900', '1294', '2');
insert into products_groups (customers_group_id, customers_group_price, products_id, minorder) values ('2', '7.9900', '1044', '1');
insert into products_groups (customers_group_id, customers_group_price, products_id, minorder) values ('2', '4.9500', '1267', '6');
insert into products_groups (customers_group_id, customers_group_price, products_id, minorder) values ('2', '4.9900', '1231', '2');
insert into products_groups (customers_group_id, customers_group_price, products_id, minorder) values ('2', '6.9500', '1107', '2');
insert into products_groups (customers_group_id, customers_group_price, products_id, minorder) values ('2', '3.9900', '1042', '2');
insert into products_groups (customers_group_id, customers_group_price, products_id, minorder) values ('3', '0.9900', '1282', '24');
insert into products_groups (customers_group_id, customers_group_price, products_id, minorder) values ('2', '1.4900', '1152', '12');
insert into products_groups (customers_group_id, customers_group_price, products_id, minorder) values ('2', '2.9500', '1081', '12');
insert into products_groups (customers_group_id, customers_group_price, products_id, minorder) values ('3', '3.8000', '1248', '6');
insert into products_groups (customers_group_id, customers_group_price, products_id, minorder) values ('3', '1.4900', '1176', '12');
insert into products_groups (customers_group_id, customers_group_price, products_id, minorder) values ('2', '0.9900', '1282', '24');
insert into products_groups (customers_group_id, customers_group_price, products_id, minorder) values ('2', '3.8000', '1248', '6');
insert into products_groups (customers_group_id, customers_group_price, products_id, minorder) values ('2', '1.4900', '1176', '12');
insert into products_groups (customers_group_id, customers_group_price, products_id, minorder) values ('3', '1.4900', '1175', '12');
insert into products_groups (customers_group_id, customers_group_price, products_id, minorder) values ('3', '1.2500', '1279', '24');
insert into products_groups (customers_group_id, customers_group_price, products_id, minorder) values ('2', '0.9900', '1240', '12');
insert into products_groups (customers_group_id, customers_group_price, products_id, minorder) values ('3', '1.4900', '1183', '6');
insert into products_groups (customers_group_id, customers_group_price, products_id, minorder) values ('2', '1.2500', '1279', '24');
insert into products_groups (customers_group_id, customers_group_price, products_id, minorder) values ('3', '0.9900', '1239', '12');
insert into products_groups (customers_group_id, customers_group_price, products_id, minorder) values ('2', '1.4900', '1183', '6');
insert into products_groups (customers_group_id, customers_group_price, products_id, minorder) values ('3', '1.2500', '1278', '24');
insert into products_groups (customers_group_id, customers_group_price, products_id, minorder) values ('2', '0.9900', '1239', '12');
insert into products_groups (customers_group_id, customers_group_price, products_id, minorder) values ('2', '1.2500', '1278', '24');
insert into products_groups (customers_group_id, customers_group_price, products_id, minorder) values ('3', '0.9900', '1238', '12');
insert into products_groups (customers_group_id, customers_group_price, products_id, minorder) values ('3', '0.9900', '1182', '12');
insert into products_groups (customers_group_id, customers_group_price, products_id, minorder) values ('3', '4.9500', '1277', '6');
insert into products_groups (customers_group_id, customers_group_price, products_id, minorder) values ('2', '0.9900', '1238', '12');
insert into products_groups (customers_group_id, customers_group_price, products_id, minorder) values ('2', '0.9900', '1182', '12');
insert into products_groups (customers_group_id, customers_group_price, products_id, minorder) values ('2', '4.9500', '1277', '6');
insert into products_groups (customers_group_id, customers_group_price, products_id, minorder) values ('3', '0.9900', '1237', '12');
insert into products_groups (customers_group_id, customers_group_price, products_id, minorder) values ('3', '2.5000', '1181', '6');
insert into products_groups (customers_group_id, customers_group_price, products_id, minorder) values ('2', '0.9900', '1092', '12');
insert into products_groups (customers_group_id, customers_group_price, products_id, minorder) values ('3', '1.4900', '1151', '12');
insert into products_groups (customers_group_id, customers_group_price, products_id, minorder) values ('2', '0.4900', '1046', '36');
insert into products_groups (customers_group_id, customers_group_price, products_id, minorder) values ('3', '6.9500', '1106', '6');
insert into products_groups (customers_group_id, customers_group_price, products_id, minorder) values ('2', '1.4900', '1151', '12');
insert into products_groups (customers_group_id, customers_group_price, products_id, minorder) values ('3', '0.4900', '1281', '48');
insert into products_groups (customers_group_id, customers_group_price, products_id, minorder) values ('3', '4.5000', '1247', '6');
insert into products_groups (customers_group_id, customers_group_price, products_id, minorder) values ('2', '1.4900', '1175', '12');
insert into products_groups (customers_group_id, customers_group_price, products_id, minorder) values ('3', '0.9900', '1150', '12');
insert into products_groups (customers_group_id, customers_group_price, products_id, minorder) values ('2', '0.9900', '1150', '12');
insert into products_groups (customers_group_id, customers_group_price, products_id, minorder) values ('2', '0.9900', '1055', '12');
insert into products_groups (customers_group_id, customers_group_price, products_id, minorder) values ('2', '1.4900', '1184', '6');
insert into products_groups (customers_group_id, customers_group_price, products_id, minorder) values ('2', '7.5000', '1217', '6');
insert into products_groups (customers_group_id, customers_group_price, products_id, minorder) values ('2', '0.9900', '1146', '12');
insert into products_groups (customers_group_id, customers_group_price, products_id, minorder) values ('2', '6.9500', '1106', '6');
insert into products_groups (customers_group_id, customers_group_price, products_id, minorder) values ('2', '4.9500', '1072', '2');
insert into products_groups (customers_group_id, customers_group_price, products_id, minorder) values ('3', '1.4900', '1105', '6');
insert into products_groups (customers_group_id, customers_group_price, products_id, minorder) values ('2', '1.6500', '1090', '12');
insert into products_groups (customers_group_id, customers_group_price, products_id, minorder) values ('2', '1.4900', '1105', '6');
insert into products_groups (customers_group_id, customers_group_price, products_id, minorder) values ('2', '1.9900', '1089', '12');
insert into products_groups (customers_group_id, customers_group_price, products_id, minorder) values ('3', '2.4900', '1104', '60');
insert into products_groups (customers_group_id, customers_group_price, products_id, minorder) values ('2', '1.9900', '1088', '12');
insert into products_groups (customers_group_id, customers_group_price, products_id, minorder) values ('3', '0.9900', '1159', '36');
insert into products_groups (customers_group_id, customers_group_price, products_id, minorder) values ('2', '2.4900', '1104', '6');
insert into products_groups (customers_group_id, customers_group_price, products_id, minorder) values ('3', '2.9500', '1103', '6');
insert into products_groups (customers_group_id, customers_group_price, products_id, minorder) values ('2', '4.9900', '1040', '2');
insert into products_groups (customers_group_id, customers_group_price, products_id, minorder) values ('2', '2.9500', '1103', '6');
insert into products_groups (customers_group_id, customers_group_price, products_id, minorder) values ('2', '1.9500', '1043', '6');
insert into products_groups (customers_group_id, customers_group_price, products_id, minorder) values ('3', '0.9900', '1174', '36');
insert into products_groups (customers_group_id, customers_group_price, products_id, minorder) values ('2', '0.9900', '1174', '36');
insert into products_groups (customers_group_id, customers_group_price, products_id, minorder) values ('3', '1.4900', '1173', '12');
insert into products_groups (customers_group_id, customers_group_price, products_id, minorder) values ('2', '4.5000', '1247', '6');
insert into products_groups (customers_group_id, customers_group_price, products_id, minorder) values ('3', '4.9500', '1246', '6');
insert into products_groups (customers_group_id, customers_group_price, products_id, minorder) values ('2', '4.9500', '1246', '6');
insert into products_groups (customers_group_id, customers_group_price, products_id, minorder) values ('3', '3.5000', '1245', '6');
insert into products_groups (customers_group_id, customers_group_price, products_id, minorder) values ('2', '0.9900', '1268', '24');
insert into products_groups (customers_group_id, customers_group_price, products_id, minorder) values ('2', '2.9900', '1099', '12');
insert into products_groups (customers_group_id, customers_group_price, products_id, minorder) values ('3', '0.9900', '1200', '12');
insert into products_groups (customers_group_id, customers_group_price, products_id, minorder) values ('2', '0.9900', '1200', '12');
insert into products_groups (customers_group_id, customers_group_price, products_id, minorder) values ('3', '1.4900', '1145', '12');
insert into products_groups (customers_group_id, customers_group_price, products_id, minorder) values ('2', '0.9900', '1237', '12');
insert into products_groups (customers_group_id, customers_group_price, products_id, minorder) values ('3', '1.3000', '1276', '24');
insert into products_groups (customers_group_id, customers_group_price, products_id, minorder) values ('3', '0.9900', '1164', '36');
insert into products_groups (customers_group_id, customers_group_price, products_id, minorder) values ('2', '2.5000', '1181', '6');
insert into products_groups (customers_group_id, customers_group_price, products_id, minorder) values ('3', '2.5000', '1274', '6');
insert into products_groups (customers_group_id, customers_group_price, products_id, minorder) values ('3', '0.9900', '1233', '12');
insert into products_groups (customers_group_id, customers_group_price, products_id, minorder) values ('3', '1.4900', '1194', '6');
insert into products_groups (customers_group_id, customers_group_price, products_id, minorder) values ('2', '2.5000', '1274', '6');
insert into products_groups (customers_group_id, customers_group_price, products_id, minorder) values ('2', '0.9900', '1233', '12');
insert into products_groups (customers_group_id, customers_group_price, products_id, minorder) values ('2', '1.4900', '1194', '6');
insert into products_groups (customers_group_id, customers_group_price, products_id, minorder) values ('3', '0.9900', '1169', '36');
insert into products_groups (customers_group_id, customers_group_price, products_id, minorder) values ('2', '0.9900', '1169', '36');
insert into products_groups (customers_group_id, customers_group_price, products_id, minorder) values ('2', '0.4900', '1281', '48');
insert into products_groups (customers_group_id, customers_group_price, products_id, minorder) values ('2', '3.5000', '1245', '6');
insert into products_groups (customers_group_id, customers_group_price, products_id, minorder) values ('2', '1.4900', '1173', '12');
insert into products_groups (customers_group_id, customers_group_price, products_id, minorder) values ('3', '0.9900', '1168', '36');
insert into products_groups (customers_group_id, customers_group_price, products_id, minorder) values ('3', '4.9900', '1230', '2');
insert into products_groups (customers_group_id, customers_group_price, products_id, minorder) values ('3', '0.9900', '1266', '24');
insert into products_groups (customers_group_id, customers_group_price, products_id, minorder) values ('2', '3.9500', '1078', '6');
insert into products_groups (customers_group_id, customers_group_price, products_id, minorder) values ('2', '1.4900', '1196', '6');
insert into products_groups (customers_group_id, customers_group_price, products_id, minorder) values ('3', '2.9500', '1102', '4');
insert into products_groups (customers_group_id, customers_group_price, products_id, minorder) values ('2', '0.9900', '1266', '24');
insert into products_groups (customers_group_id, customers_group_price, products_id, minorder) values ('2', '4.9900', '1230', '2');
insert into products_groups (customers_group_id, customers_group_price, products_id, minorder) values ('3', '0.9900', '1273', '24');
insert into products_groups (customers_group_id, customers_group_price, products_id, minorder) values ('3', '3.5000', '1232', '4');
insert into products_groups (customers_group_id, customers_group_price, products_id, minorder) values ('3', '1.4900', '1193', '6');
insert into products_groups (customers_group_id, customers_group_price, products_id, minorder) values ('3', '0.9900', '1166', '2');
insert into products_groups (customers_group_id, customers_group_price, products_id, minorder) values ('3', '0.9900', '1236', '12');
insert into products_groups (customers_group_id, customers_group_price, products_id, minorder) values ('3', '4.9500', '1267', '6');
insert into products_groups (customers_group_id, customers_group_price, products_id, minorder) values ('2', '0.9900', '1159', '36');
insert into products_groups (customers_group_id, customers_group_price, products_id, minorder) values ('3', '3.2500', '1270', '6');
insert into products_groups (customers_group_id, customers_group_price, products_id, minorder) values ('2', '3.2500', '1270', '6');
insert into products_groups (customers_group_id, customers_group_price, products_id, minorder) values ('3', '0.9900', '1269', '12');
insert into products_groups (customers_group_id, customers_group_price, products_id, minorder) values ('2', '0.9900', '1269', '12');
insert into products_groups (customers_group_id, customers_group_price, products_id, minorder) values ('3', '0.9900', '1268', '24');
insert into products_groups (customers_group_id, customers_group_price, products_id, minorder) values ('3', '1.6900', '1280', '24');
insert into products_groups (customers_group_id, customers_group_price, products_id, minorder) values ('3', '0.9900', '1244', '12');
insert into products_groups (customers_group_id, customers_group_price, products_id, minorder) values ('3', '0.9900', '1241', '12');
insert into products_groups (customers_group_id, customers_group_price, products_id, minorder) values ('3', '2.5000', '1293', '6');
insert into products_groups (customers_group_id, customers_group_price, products_id, minorder) values ('2', '0.9900', '1241', '12');
insert into products_groups (customers_group_id, customers_group_price, products_id, minorder) values ('2', '4.9500', '1265', '6');
insert into products_groups (customers_group_id, customers_group_price, products_id, minorder) values ('2', '1.3000', '1276', '24');
insert into products_groups (customers_group_id, customers_group_price, products_id, minorder) values ('2', '0.9900', '1056', '12');
insert into products_groups (customers_group_id, customers_group_price, products_id, minorder) values ('2', '2.9500', '1102', '4');
insert into products_groups (customers_group_id, customers_group_price, products_id, minorder) values ('3', '0.9900', '1139', '12');
insert into products_groups (customers_group_id, customers_group_price, products_id, minorder) values ('3', '0.9900', '1199', '12');
insert into products_groups (customers_group_id, customers_group_price, products_id, minorder) values ('2', '1.6900', '1280', '24');
insert into products_groups (customers_group_id, customers_group_price, products_id, minorder) values ('2', '4.5000', '1070', '2');
drop table if exists products_notifications;
create table products_notifications (
  products_id int(11) default '0' not null ,
  customers_id int(11) default '0' not null ,
  date_added datetime default '0000-00-00 00:00:00' not null ,
  PRIMARY KEY (products_id, customers_id)
);

drop table if exists products_options;
create table products_options (
  products_options_id int(11) default '0' not null ,
  language_id int(11) default '1' not null ,
  products_options_name varchar(50) not null ,
  products_options_type int(5) not null ,
  products_options_length smallint(2) default '32' not null ,
  products_options_comment varchar(50) ,
  PRIMARY KEY (products_options_id, language_id)
);

insert into products_options (products_options_id, language_id, products_options_name, products_options_type, products_options_length, products_options_comment) values ('1', '2', 'Envoltorio de Regalo', '3', '20', 'Click aquí para incluir envoltorio de regalo');
insert into products_options (products_options_id, language_id, products_options_name, products_options_type, products_options_length, products_options_comment) values ('2', '2', 'Escribir Dedicatoria', '4', '100', '100 caracteres permitidos');
insert into products_options (products_options_id, language_id, products_options_name, products_options_type, products_options_length, products_options_comment) values ('3', '2', 'Incluir Dedicatoria', '3', '20', 'Click aquí para incluir dedicatoria');
insert into products_options (products_options_id, language_id, products_options_name, products_options_type, products_options_length, products_options_comment) values ('4', '2', 'Colores', '0', '20', 'Elegir color');
insert into products_options (products_options_id, language_id, products_options_name, products_options_type, products_options_length, products_options_comment) values ('5', '2', 'Modelo', '0', '0', 'Elige tu Modelo');
insert into products_options (products_options_id, language_id, products_options_name, products_options_type, products_options_length, products_options_comment) values ('6', '2', 'Talla', '0', '0', 'Elegir Talla');
drop table if exists products_options_values;
create table products_options_values (
  products_options_values_id int(11) default '0' not null ,
  language_id int(11) default '1' not null ,
  products_options_values_name varchar(64) not null ,
  PRIMARY KEY (products_options_values_id, language_id)
);

insert into products_options_values (products_options_values_id, language_id, products_options_values_name) values ('5', '2', 'Rojo');
insert into products_options_values (products_options_values_id, language_id, products_options_values_name) values ('4', '2', 'Azul');
insert into products_options_values (products_options_values_id, language_id, products_options_values_name) values ('2', '2', 'TEXT');
insert into products_options_values (products_options_values_id, language_id, products_options_values_name) values ('1', '2', 'Si');
insert into products_options_values (products_options_values_id, language_id, products_options_values_name) values ('3', '2', 'Si');
insert into products_options_values (products_options_values_id, language_id, products_options_values_name) values ('6', '2', 'Rosa');
insert into products_options_values (products_options_values_id, language_id, products_options_values_name) values ('7', '2', 'Celeste');
insert into products_options_values (products_options_values_id, language_id, products_options_values_name) values ('18', '2', 'Naranja');
insert into products_options_values (products_options_values_id, language_id, products_options_values_name) values ('19', '2', 'Lila');
insert into products_options_values (products_options_values_id, language_id, products_options_values_name) values ('20', '2', 'Blanco');
insert into products_options_values (products_options_values_id, language_id, products_options_values_name) values ('21', '2', 'Azulón');
insert into products_options_values (products_options_values_id, language_id, products_options_values_name) values ('12', '2', 'Beige');
insert into products_options_values (products_options_values_id, language_id, products_options_values_name) values ('13', '2', 'Verde');
insert into products_options_values (products_options_values_id, language_id, products_options_values_name) values ('14', '2', 'Fucsia');
insert into products_options_values (products_options_values_id, language_id, products_options_values_name) values ('15', '2', 'Amarillo');
insert into products_options_values (products_options_values_id, language_id, products_options_values_name) values ('16', '2', 'Morado');
insert into products_options_values (products_options_values_id, language_id, products_options_values_name) values ('17', '2', 'Natural');
insert into products_options_values (products_options_values_id, language_id, products_options_values_name) values ('22', '2', 'Mickey Mouse');
insert into products_options_values (products_options_values_id, language_id, products_options_values_name) values ('23', '2', 'La Sirenita');
insert into products_options_values (products_options_values_id, language_id, products_options_values_name) values ('24', '2', 'Sonrisas');
insert into products_options_values (products_options_values_id, language_id, products_options_values_name) values ('25', '2', 'Lengua');
insert into products_options_values (products_options_values_id, language_id, products_options_values_name) values ('26', '2', 'Epi');
insert into products_options_values (products_options_values_id, language_id, products_options_values_name) values ('27', '2', 'Blas');
insert into products_options_values (products_options_values_id, language_id, products_options_values_name) values ('28', '2', '2');
insert into products_options_values (products_options_values_id, language_id, products_options_values_name) values ('29', '2', '4');
insert into products_options_values (products_options_values_id, language_id, products_options_values_name) values ('30', '2', '6');
insert into products_options_values (products_options_values_id, language_id, products_options_values_name) values ('31', '2', '8');
insert into products_options_values (products_options_values_id, language_id, products_options_values_name) values ('32', '2', 'Epi');
insert into products_options_values (products_options_values_id, language_id, products_options_values_name) values ('33', '2', 'Blas');
insert into products_options_values (products_options_values_id, language_id, products_options_values_name) values ('34', '2', 'Pluto & Amigos');
insert into products_options_values (products_options_values_id, language_id, products_options_values_name) values ('35', '2', 'Spiderman');
insert into products_options_values (products_options_values_id, language_id, products_options_values_name) values ('36', '2', 'Betty Boop');
insert into products_options_values (products_options_values_id, language_id, products_options_values_name) values ('37', '2', 'La Sirenita');
insert into products_options_values (products_options_values_id, language_id, products_options_values_name) values ('38', '2', 'Piolin');
insert into products_options_values (products_options_values_id, language_id, products_options_values_name) values ('39', '2', '36');
insert into products_options_values (products_options_values_id, language_id, products_options_values_name) values ('40', '2', '37');
insert into products_options_values (products_options_values_id, language_id, products_options_values_name) values ('41', '2', '38');
insert into products_options_values (products_options_values_id, language_id, products_options_values_name) values ('42', '2', '39');
insert into products_options_values (products_options_values_id, language_id, products_options_values_name) values ('43', '2', '40');
insert into products_options_values (products_options_values_id, language_id, products_options_values_name) values ('44', '2', 'Negro');
insert into products_options_values (products_options_values_id, language_id, products_options_values_name) values ('45', '2', 'Gris');
insert into products_options_values (products_options_values_id, language_id, products_options_values_name) values ('46', '2', 'Marrón');
insert into products_options_values (products_options_values_id, language_id, products_options_values_name) values ('47', '2', 'Cuadro');
insert into products_options_values (products_options_values_id, language_id, products_options_values_name) values ('48', '2', 'Cruz');
insert into products_options_values (products_options_values_id, language_id, products_options_values_name) values ('49', '2', 'Puente Sencillo');
insert into products_options_values (products_options_values_id, language_id, products_options_values_name) values ('50', '2', 'Doble Puente');
insert into products_options_values (products_options_values_id, language_id, products_options_values_name) values ('51', '2', 'Puente Ancho');
insert into products_options_values (products_options_values_id, language_id, products_options_values_name) values ('52', '2', 'Puente Fino');
insert into products_options_values (products_options_values_id, language_id, products_options_values_name) values ('53', '2', 'Ovalado');
insert into products_options_values (products_options_values_id, language_id, products_options_values_name) values ('54', '2', 'Rectangular');
insert into products_options_values (products_options_values_id, language_id, products_options_values_name) values ('55', '2', 'Rayas');
insert into products_options_values (products_options_values_id, language_id, products_options_values_name) values ('56', '2', 'Liso');
insert into products_options_values (products_options_values_id, language_id, products_options_values_name) values ('57', '2', 'Caoba');
insert into products_options_values (products_options_values_id, language_id, products_options_values_name) values ('58', '2', 'Clara');
insert into products_options_values (products_options_values_id, language_id, products_options_values_name) values ('59', '2', 'Normal');
insert into products_options_values (products_options_values_id, language_id, products_options_values_name) values ('60', '2', '35');
insert into products_options_values (products_options_values_id, language_id, products_options_values_name) values ('61', '2', 'Oro');
insert into products_options_values (products_options_values_id, language_id, products_options_values_name) values ('62', '2', 'Corazones');
insert into products_options_values (products_options_values_id, language_id, products_options_values_name) values ('63', '2', 'Circulos');
insert into products_options_values (products_options_values_id, language_id, products_options_values_name) values ('64', '2', 'Plata');
insert into products_options_values (products_options_values_id, language_id, products_options_values_name) values ('65', '2', 'Redondo');
insert into products_options_values (products_options_values_id, language_id, products_options_values_name) values ('66', '2', 'Rectangular');
insert into products_options_values (products_options_values_id, language_id, products_options_values_name) values ('67', '2', 'Multicolor');
insert into products_options_values (products_options_values_id, language_id, products_options_values_name) values ('68', '2', 'Estrella');
insert into products_options_values (products_options_values_id, language_id, products_options_values_name) values ('69', '2', 'Lagrima');
insert into products_options_values (products_options_values_id, language_id, products_options_values_name) values ('70', '2', 'Manzana');
insert into products_options_values (products_options_values_id, language_id, products_options_values_name) values ('71', '2', 'Mano');
insert into products_options_values (products_options_values_id, language_id, products_options_values_name) values ('72', '2', 'Pez');
insert into products_options_values (products_options_values_id, language_id, products_options_values_name) values ('73', '2', 'Flor');
insert into products_options_values (products_options_values_id, language_id, products_options_values_name) values ('74', '2', 'Cerezas');
insert into products_options_values (products_options_values_id, language_id, products_options_values_name) values ('75', '2', 'Mariposa');
insert into products_options_values (products_options_values_id, language_id, products_options_values_name) values ('76', '2', 'Fresa');
insert into products_options_values (products_options_values_id, language_id, products_options_values_name) values ('77', '2', 'Osito');
insert into products_options_values (products_options_values_id, language_id, products_options_values_name) values ('78', '2', 'Circular');
insert into products_options_values (products_options_values_id, language_id, products_options_values_name) values ('79', '2', 'Colgantes');
insert into products_options_values (products_options_values_id, language_id, products_options_values_name) values ('80', '2', 'Hojas');
insert into products_options_values (products_options_values_id, language_id, products_options_values_name) values ('81', '2', 'Ambar');
insert into products_options_values (products_options_values_id, language_id, products_options_values_name) values ('82', '2', 'Bloques');
insert into products_options_values (products_options_values_id, language_id, products_options_values_name) values ('83', '2', '41');
insert into products_options_values (products_options_values_id, language_id, products_options_values_name) values ('84', '2', 'Blanco/Negro');
drop table if exists products_options_values_to_products_options;
create table products_options_values_to_products_options (
  products_options_values_to_products_options_id int(11) not null auto_increment,
  products_options_id int(11) default '0' not null ,
  products_options_values_id int(11) default '0' not null ,
  PRIMARY KEY (products_options_values_to_products_options_id)
);

insert into products_options_values_to_products_options (products_options_values_to_products_options_id, products_options_id, products_options_values_id) values ('54', '4', '5');
insert into products_options_values_to_products_options (products_options_values_to_products_options_id, products_options_id, products_options_values_id) values ('53', '4', '4');
insert into products_options_values_to_products_options (products_options_values_to_products_options_id, products_options_id, products_options_values_id) values ('50', '2', '2');
insert into products_options_values_to_products_options (products_options_values_to_products_options_id, products_options_id, products_options_values_id) values ('52', '3', '3');
insert into products_options_values_to_products_options (products_options_values_to_products_options_id, products_options_id, products_options_values_id) values ('48', '1', '1');
insert into products_options_values_to_products_options (products_options_values_to_products_options_id, products_options_id, products_options_values_id) values ('55', '4', '6');
insert into products_options_values_to_products_options (products_options_values_to_products_options_id, products_options_id, products_options_values_id) values ('56', '4', '7');
insert into products_options_values_to_products_options (products_options_values_to_products_options_id, products_options_id, products_options_values_id) values ('67', '4', '18');
insert into products_options_values_to_products_options (products_options_values_to_products_options_id, products_options_id, products_options_values_id) values ('68', '4', '19');
insert into products_options_values_to_products_options (products_options_values_to_products_options_id, products_options_id, products_options_values_id) values ('70', '4', '21');
insert into products_options_values_to_products_options (products_options_values_to_products_options_id, products_options_id, products_options_values_id) values ('69', '4', '20');
insert into products_options_values_to_products_options (products_options_values_to_products_options_id, products_options_id, products_options_values_id) values ('61', '4', '12');
insert into products_options_values_to_products_options (products_options_values_to_products_options_id, products_options_id, products_options_values_id) values ('62', '4', '13');
insert into products_options_values_to_products_options (products_options_values_to_products_options_id, products_options_id, products_options_values_id) values ('63', '4', '14');
insert into products_options_values_to_products_options (products_options_values_to_products_options_id, products_options_id, products_options_values_id) values ('64', '4', '15');
insert into products_options_values_to_products_options (products_options_values_to_products_options_id, products_options_id, products_options_values_id) values ('65', '4', '16');
insert into products_options_values_to_products_options (products_options_values_to_products_options_id, products_options_id, products_options_values_id) values ('66', '4', '17');
insert into products_options_values_to_products_options (products_options_values_to_products_options_id, products_options_id, products_options_values_id) values ('71', '5', '22');
insert into products_options_values_to_products_options (products_options_values_to_products_options_id, products_options_id, products_options_values_id) values ('72', '5', '23');
insert into products_options_values_to_products_options (products_options_values_to_products_options_id, products_options_id, products_options_values_id) values ('73', '5', '24');
insert into products_options_values_to_products_options (products_options_values_to_products_options_id, products_options_id, products_options_values_id) values ('74', '5', '25');
insert into products_options_values_to_products_options (products_options_values_to_products_options_id, products_options_id, products_options_values_id) values ('75', '5', '26');
insert into products_options_values_to_products_options (products_options_values_to_products_options_id, products_options_id, products_options_values_id) values ('76', '5', '27');
insert into products_options_values_to_products_options (products_options_values_to_products_options_id, products_options_id, products_options_values_id) values ('77', '6', '28');
insert into products_options_values_to_products_options (products_options_values_to_products_options_id, products_options_id, products_options_values_id) values ('78', '6', '29');
insert into products_options_values_to_products_options (products_options_values_to_products_options_id, products_options_id, products_options_values_id) values ('79', '6', '30');
insert into products_options_values_to_products_options (products_options_values_to_products_options_id, products_options_id, products_options_values_id) values ('80', '6', '31');
insert into products_options_values_to_products_options (products_options_values_to_products_options_id, products_options_id, products_options_values_id) values ('81', '5', '32');
insert into products_options_values_to_products_options (products_options_values_to_products_options_id, products_options_id, products_options_values_id) values ('82', '5', '33');
insert into products_options_values_to_products_options (products_options_values_to_products_options_id, products_options_id, products_options_values_id) values ('83', '5', '34');
insert into products_options_values_to_products_options (products_options_values_to_products_options_id, products_options_id, products_options_values_id) values ('84', '5', '35');
insert into products_options_values_to_products_options (products_options_values_to_products_options_id, products_options_id, products_options_values_id) values ('85', '5', '36');
insert into products_options_values_to_products_options (products_options_values_to_products_options_id, products_options_id, products_options_values_id) values ('86', '5', '37');
insert into products_options_values_to_products_options (products_options_values_to_products_options_id, products_options_id, products_options_values_id) values ('87', '5', '38');
insert into products_options_values_to_products_options (products_options_values_to_products_options_id, products_options_id, products_options_values_id) values ('88', '6', '39');
insert into products_options_values_to_products_options (products_options_values_to_products_options_id, products_options_id, products_options_values_id) values ('89', '6', '40');
insert into products_options_values_to_products_options (products_options_values_to_products_options_id, products_options_id, products_options_values_id) values ('90', '6', '41');
insert into products_options_values_to_products_options (products_options_values_to_products_options_id, products_options_id, products_options_values_id) values ('91', '6', '42');
insert into products_options_values_to_products_options (products_options_values_to_products_options_id, products_options_id, products_options_values_id) values ('92', '6', '43');
insert into products_options_values_to_products_options (products_options_values_to_products_options_id, products_options_id, products_options_values_id) values ('93', '4', '44');
insert into products_options_values_to_products_options (products_options_values_to_products_options_id, products_options_id, products_options_values_id) values ('94', '4', '45');
insert into products_options_values_to_products_options (products_options_values_to_products_options_id, products_options_id, products_options_values_id) values ('95', '4', '46');
insert into products_options_values_to_products_options (products_options_values_to_products_options_id, products_options_id, products_options_values_id) values ('96', '5', '47');
insert into products_options_values_to_products_options (products_options_values_to_products_options_id, products_options_id, products_options_values_id) values ('97', '5', '48');
insert into products_options_values_to_products_options (products_options_values_to_products_options_id, products_options_id, products_options_values_id) values ('98', '5', '49');
insert into products_options_values_to_products_options (products_options_values_to_products_options_id, products_options_id, products_options_values_id) values ('99', '5', '50');
insert into products_options_values_to_products_options (products_options_values_to_products_options_id, products_options_id, products_options_values_id) values ('100', '5', '51');
insert into products_options_values_to_products_options (products_options_values_to_products_options_id, products_options_id, products_options_values_id) values ('101', '5', '52');
insert into products_options_values_to_products_options (products_options_values_to_products_options_id, products_options_id, products_options_values_id) values ('102', '5', '53');
insert into products_options_values_to_products_options (products_options_values_to_products_options_id, products_options_id, products_options_values_id) values ('103', '5', '54');
insert into products_options_values_to_products_options (products_options_values_to_products_options_id, products_options_id, products_options_values_id) values ('104', '5', '55');
insert into products_options_values_to_products_options (products_options_values_to_products_options_id, products_options_id, products_options_values_id) values ('105', '5', '56');
insert into products_options_values_to_products_options (products_options_values_to_products_options_id, products_options_id, products_options_values_id) values ('106', '4', '57');
insert into products_options_values_to_products_options (products_options_values_to_products_options_id, products_options_id, products_options_values_id) values ('107', '4', '58');
insert into products_options_values_to_products_options (products_options_values_to_products_options_id, products_options_id, products_options_values_id) values ('108', '4', '59');
insert into products_options_values_to_products_options (products_options_values_to_products_options_id, products_options_id, products_options_values_id) values ('109', '6', '60');
insert into products_options_values_to_products_options (products_options_values_to_products_options_id, products_options_id, products_options_values_id) values ('110', '4', '61');
insert into products_options_values_to_products_options (products_options_values_to_products_options_id, products_options_id, products_options_values_id) values ('111', '5', '62');
insert into products_options_values_to_products_options (products_options_values_to_products_options_id, products_options_id, products_options_values_id) values ('112', '5', '63');
insert into products_options_values_to_products_options (products_options_values_to_products_options_id, products_options_id, products_options_values_id) values ('113', '4', '64');
insert into products_options_values_to_products_options (products_options_values_to_products_options_id, products_options_id, products_options_values_id) values ('114', '5', '65');
insert into products_options_values_to_products_options (products_options_values_to_products_options_id, products_options_id, products_options_values_id) values ('115', '5', '66');
insert into products_options_values_to_products_options (products_options_values_to_products_options_id, products_options_id, products_options_values_id) values ('116', '4', '67');
insert into products_options_values_to_products_options (products_options_values_to_products_options_id, products_options_id, products_options_values_id) values ('117', '5', '68');
insert into products_options_values_to_products_options (products_options_values_to_products_options_id, products_options_id, products_options_values_id) values ('118', '5', '69');
insert into products_options_values_to_products_options (products_options_values_to_products_options_id, products_options_id, products_options_values_id) values ('119', '5', '70');
insert into products_options_values_to_products_options (products_options_values_to_products_options_id, products_options_id, products_options_values_id) values ('120', '5', '71');
insert into products_options_values_to_products_options (products_options_values_to_products_options_id, products_options_id, products_options_values_id) values ('121', '5', '72');
insert into products_options_values_to_products_options (products_options_values_to_products_options_id, products_options_id, products_options_values_id) values ('122', '5', '73');
insert into products_options_values_to_products_options (products_options_values_to_products_options_id, products_options_id, products_options_values_id) values ('123', '5', '74');
insert into products_options_values_to_products_options (products_options_values_to_products_options_id, products_options_id, products_options_values_id) values ('124', '5', '75');
insert into products_options_values_to_products_options (products_options_values_to_products_options_id, products_options_id, products_options_values_id) values ('125', '5', '76');
insert into products_options_values_to_products_options (products_options_values_to_products_options_id, products_options_id, products_options_values_id) values ('126', '5', '77');
insert into products_options_values_to_products_options (products_options_values_to_products_options_id, products_options_id, products_options_values_id) values ('127', '5', '78');
insert into products_options_values_to_products_options (products_options_values_to_products_options_id, products_options_id, products_options_values_id) values ('128', '5', '79');
insert into products_options_values_to_products_options (products_options_values_to_products_options_id, products_options_id, products_options_values_id) values ('129', '5', '80');
insert into products_options_values_to_products_options (products_options_values_to_products_options_id, products_options_id, products_options_values_id) values ('130', '4', '81');
insert into products_options_values_to_products_options (products_options_values_to_products_options_id, products_options_id, products_options_values_id) values ('131', '5', '82');
insert into products_options_values_to_products_options (products_options_values_to_products_options_id, products_options_id, products_options_values_id) values ('132', '6', '83');
insert into products_options_values_to_products_options (products_options_values_to_products_options_id, products_options_id, products_options_values_id) values ('133', '4', '84');
drop table if exists products_to_categories;
create table products_to_categories (
  products_id int(11) default '0' not null ,
  categories_id int(11) default '0' not null ,
  PRIMARY KEY (products_id, categories_id)
);

insert into products_to_categories (products_id, categories_id) values ('1034', '287');
insert into products_to_categories (products_id, categories_id) values ('1038', '288');
insert into products_to_categories (products_id, categories_id) values ('1039', '288');
insert into products_to_categories (products_id, categories_id) values ('1040', '288');
insert into products_to_categories (products_id, categories_id) values ('1041', '288');
insert into products_to_categories (products_id, categories_id) values ('1042', '288');
insert into products_to_categories (products_id, categories_id) values ('1043', '288');
insert into products_to_categories (products_id, categories_id) values ('1044', '288');
insert into products_to_categories (products_id, categories_id) values ('1045', '301');
insert into products_to_categories (products_id, categories_id) values ('1046', '283');
insert into products_to_categories (products_id, categories_id) values ('1047', '283');
insert into products_to_categories (products_id, categories_id) values ('1048', '283');
insert into products_to_categories (products_id, categories_id) values ('1049', '281');
insert into products_to_categories (products_id, categories_id) values ('1050', '292');
insert into products_to_categories (products_id, categories_id) values ('1051', '283');
insert into products_to_categories (products_id, categories_id) values ('1052', '283');
insert into products_to_categories (products_id, categories_id) values ('1053', '292');
insert into products_to_categories (products_id, categories_id) values ('1054', '291');
insert into products_to_categories (products_id, categories_id) values ('1055', '283');
insert into products_to_categories (products_id, categories_id) values ('1056', '291');
insert into products_to_categories (products_id, categories_id) values ('1057', '304');
insert into products_to_categories (products_id, categories_id) values ('1058', '304');
insert into products_to_categories (products_id, categories_id) values ('1059', '304');
insert into products_to_categories (products_id, categories_id) values ('1060', '304');
insert into products_to_categories (products_id, categories_id) values ('1061', '304');
insert into products_to_categories (products_id, categories_id) values ('1062', '304');
insert into products_to_categories (products_id, categories_id) values ('1063', '288');
insert into products_to_categories (products_id, categories_id) values ('1064', '301');
insert into products_to_categories (products_id, categories_id) values ('1065', '301');
insert into products_to_categories (products_id, categories_id) values ('1066', '301');
insert into products_to_categories (products_id, categories_id) values ('1067', '288');
insert into products_to_categories (products_id, categories_id) values ('1068', '288');
insert into products_to_categories (products_id, categories_id) values ('1069', '288');
insert into products_to_categories (products_id, categories_id) values ('1070', '288');
insert into products_to_categories (products_id, categories_id) values ('1071', '288');
insert into products_to_categories (products_id, categories_id) values ('1072', '288');
insert into products_to_categories (products_id, categories_id) values ('1073', '288');
insert into products_to_categories (products_id, categories_id) values ('1074', '288');
insert into products_to_categories (products_id, categories_id) values ('1074', '311');
insert into products_to_categories (products_id, categories_id) values ('1075', '288');
insert into products_to_categories (products_id, categories_id) values ('1075', '301');
insert into products_to_categories (products_id, categories_id) values ('1075', '311');
insert into products_to_categories (products_id, categories_id) values ('1076', '301');
insert into products_to_categories (products_id, categories_id) values ('1077', '301');
insert into products_to_categories (products_id, categories_id) values ('1078', '311');
insert into products_to_categories (products_id, categories_id) values ('1079', '307');
insert into products_to_categories (products_id, categories_id) values ('1080', '293');
insert into products_to_categories (products_id, categories_id) values ('1081', '293');
insert into products_to_categories (products_id, categories_id) values ('1082', '293');
insert into products_to_categories (products_id, categories_id) values ('1083', '293');
insert into products_to_categories (products_id, categories_id) values ('1084', '293');
insert into products_to_categories (products_id, categories_id) values ('1085', '293');
insert into products_to_categories (products_id, categories_id) values ('1086', '293');
insert into products_to_categories (products_id, categories_id) values ('1087', '293');
insert into products_to_categories (products_id, categories_id) values ('1088', '293');
insert into products_to_categories (products_id, categories_id) values ('1089', '293');
insert into products_to_categories (products_id, categories_id) values ('1090', '293');
insert into products_to_categories (products_id, categories_id) values ('1091', '293');
insert into products_to_categories (products_id, categories_id) values ('1092', '293');
insert into products_to_categories (products_id, categories_id) values ('1093', '293');
insert into products_to_categories (products_id, categories_id) values ('1094', '293');
insert into products_to_categories (products_id, categories_id) values ('1095', '293');
insert into products_to_categories (products_id, categories_id) values ('1096', '293');
insert into products_to_categories (products_id, categories_id) values ('1097', '293');
insert into products_to_categories (products_id, categories_id) values ('1098', '293');
insert into products_to_categories (products_id, categories_id) values ('1099', '293');
insert into products_to_categories (products_id, categories_id) values ('1100', '301');
insert into products_to_categories (products_id, categories_id) values ('1101', '301');
insert into products_to_categories (products_id, categories_id) values ('1102', '301');
insert into products_to_categories (products_id, categories_id) values ('1103', '301');
insert into products_to_categories (products_id, categories_id) values ('1104', '301');
insert into products_to_categories (products_id, categories_id) values ('1105', '301');
insert into products_to_categories (products_id, categories_id) values ('1106', '285');
insert into products_to_categories (products_id, categories_id) values ('1107', '285');
insert into products_to_categories (products_id, categories_id) values ('1108', '285');
insert into products_to_categories (products_id, categories_id) values ('1109', '285');
insert into products_to_categories (products_id, categories_id) values ('1110', '307');
insert into products_to_categories (products_id, categories_id) values ('1111', '307');
insert into products_to_categories (products_id, categories_id) values ('1112', '307');
insert into products_to_categories (products_id, categories_id) values ('1113', '311');
insert into products_to_categories (products_id, categories_id) values ('1114', '312');
insert into products_to_categories (products_id, categories_id) values ('1115', '312');
insert into products_to_categories (products_id, categories_id) values ('1116', '291');
insert into products_to_categories (products_id, categories_id) values ('1117', '291');
insert into products_to_categories (products_id, categories_id) values ('1117', '292');
insert into products_to_categories (products_id, categories_id) values ('1117', '295');
insert into products_to_categories (products_id, categories_id) values ('1117', '296');
insert into products_to_categories (products_id, categories_id) values ('1117', '297');
insert into products_to_categories (products_id, categories_id) values ('1117', '312');
insert into products_to_categories (products_id, categories_id) values ('1118', '283');
insert into products_to_categories (products_id, categories_id) values ('1119', '283');
insert into products_to_categories (products_id, categories_id) values ('1120', '283');
insert into products_to_categories (products_id, categories_id) values ('1121', '283');
insert into products_to_categories (products_id, categories_id) values ('1122', '283');
insert into products_to_categories (products_id, categories_id) values ('1123', '281');
insert into products_to_categories (products_id, categories_id) values ('1124', '281');
insert into products_to_categories (products_id, categories_id) values ('1125', '283');
insert into products_to_categories (products_id, categories_id) values ('1126', '283');
insert into products_to_categories (products_id, categories_id) values ('1127', '283');
insert into products_to_categories (products_id, categories_id) values ('1128', '283');
insert into products_to_categories (products_id, categories_id) values ('1129', '283');
insert into products_to_categories (products_id, categories_id) values ('1130', '281');
insert into products_to_categories (products_id, categories_id) values ('1130', '283');
insert into products_to_categories (products_id, categories_id) values ('1130', '284');
insert into products_to_categories (products_id, categories_id) values ('1131', '281');
insert into products_to_categories (products_id, categories_id) values ('1132', '281');
insert into products_to_categories (products_id, categories_id) values ('1133', '281');
insert into products_to_categories (products_id, categories_id) values ('1133', '283');
insert into products_to_categories (products_id, categories_id) values ('1133', '284');
insert into products_to_categories (products_id, categories_id) values ('1134', '281');
insert into products_to_categories (products_id, categories_id) values ('1134', '282');
insert into products_to_categories (products_id, categories_id) values ('1134', '284');
insert into products_to_categories (products_id, categories_id) values ('1135', '281');
insert into products_to_categories (products_id, categories_id) values ('1135', '282');
insert into products_to_categories (products_id, categories_id) values ('1135', '284');
insert into products_to_categories (products_id, categories_id) values ('1136', '281');
insert into products_to_categories (products_id, categories_id) values ('1137', '281');
insert into products_to_categories (products_id, categories_id) values ('1137', '282');
insert into products_to_categories (products_id, categories_id) values ('1137', '284');
insert into products_to_categories (products_id, categories_id) values ('1138', '281');
insert into products_to_categories (products_id, categories_id) values ('1138', '282');
insert into products_to_categories (products_id, categories_id) values ('1138', '284');
insert into products_to_categories (products_id, categories_id) values ('1139', '281');
insert into products_to_categories (products_id, categories_id) values ('1139', '282');
insert into products_to_categories (products_id, categories_id) values ('1139', '284');
insert into products_to_categories (products_id, categories_id) values ('1140', '281');
insert into products_to_categories (products_id, categories_id) values ('1140', '282');
insert into products_to_categories (products_id, categories_id) values ('1140', '284');
insert into products_to_categories (products_id, categories_id) values ('1141', '281');
insert into products_to_categories (products_id, categories_id) values ('1142', '281');
insert into products_to_categories (products_id, categories_id) values ('1143', '281');
insert into products_to_categories (products_id, categories_id) values ('1144', '281');
insert into products_to_categories (products_id, categories_id) values ('1145', '281');
insert into products_to_categories (products_id, categories_id) values ('1146', '281');
insert into products_to_categories (products_id, categories_id) values ('1146', '282');
insert into products_to_categories (products_id, categories_id) values ('1146', '284');
insert into products_to_categories (products_id, categories_id) values ('1147', '281');
insert into products_to_categories (products_id, categories_id) values ('1147', '282');
insert into products_to_categories (products_id, categories_id) values ('1147', '284');
insert into products_to_categories (products_id, categories_id) values ('1148', '281');
insert into products_to_categories (products_id, categories_id) values ('1148', '282');
insert into products_to_categories (products_id, categories_id) values ('1148', '284');
insert into products_to_categories (products_id, categories_id) values ('1149', '281');
insert into products_to_categories (products_id, categories_id) values ('1149', '282');
insert into products_to_categories (products_id, categories_id) values ('1149', '284');
insert into products_to_categories (products_id, categories_id) values ('1150', '281');
insert into products_to_categories (products_id, categories_id) values ('1150', '282');
insert into products_to_categories (products_id, categories_id) values ('1150', '284');
insert into products_to_categories (products_id, categories_id) values ('1151', '281');
insert into products_to_categories (products_id, categories_id) values ('1151', '282');
insert into products_to_categories (products_id, categories_id) values ('1151', '284');
insert into products_to_categories (products_id, categories_id) values ('1152', '281');
insert into products_to_categories (products_id, categories_id) values ('1152', '282');
insert into products_to_categories (products_id, categories_id) values ('1152', '284');
insert into products_to_categories (products_id, categories_id) values ('1153', '281');
insert into products_to_categories (products_id, categories_id) values ('1154', '283');
insert into products_to_categories (products_id, categories_id) values ('1155', '283');
insert into products_to_categories (products_id, categories_id) values ('1156', '283');
insert into products_to_categories (products_id, categories_id) values ('1157', '283');
insert into products_to_categories (products_id, categories_id) values ('1158', '283');
insert into products_to_categories (products_id, categories_id) values ('1159', '283');
insert into products_to_categories (products_id, categories_id) values ('1160', '283');
insert into products_to_categories (products_id, categories_id) values ('1161', '283');
insert into products_to_categories (products_id, categories_id) values ('1162', '282');
insert into products_to_categories (products_id, categories_id) values ('1162', '283');
insert into products_to_categories (products_id, categories_id) values ('1162', '284');
insert into products_to_categories (products_id, categories_id) values ('1163', '283');
insert into products_to_categories (products_id, categories_id) values ('1164', '283');
insert into products_to_categories (products_id, categories_id) values ('1165', '283');
insert into products_to_categories (products_id, categories_id) values ('1166', '283');
insert into products_to_categories (products_id, categories_id) values ('1167', '283');
insert into products_to_categories (products_id, categories_id) values ('1168', '283');
insert into products_to_categories (products_id, categories_id) values ('1169', '283');
insert into products_to_categories (products_id, categories_id) values ('1170', '283');
insert into products_to_categories (products_id, categories_id) values ('1171', '283');
insert into products_to_categories (products_id, categories_id) values ('1172', '283');
insert into products_to_categories (products_id, categories_id) values ('1173', '283');
insert into products_to_categories (products_id, categories_id) values ('1174', '283');
insert into products_to_categories (products_id, categories_id) values ('1175', '283');
insert into products_to_categories (products_id, categories_id) values ('1176', '283');
insert into products_to_categories (products_id, categories_id) values ('1177', '283');
insert into products_to_categories (products_id, categories_id) values ('1178', '283');
insert into products_to_categories (products_id, categories_id) values ('1179', '283');
insert into products_to_categories (products_id, categories_id) values ('1180', '283');
insert into products_to_categories (products_id, categories_id) values ('1181', '283');
insert into products_to_categories (products_id, categories_id) values ('1182', '283');
insert into products_to_categories (products_id, categories_id) values ('1183', '283');
insert into products_to_categories (products_id, categories_id) values ('1184', '283');
insert into products_to_categories (products_id, categories_id) values ('1185', '283');
insert into products_to_categories (products_id, categories_id) values ('1186', '283');
insert into products_to_categories (products_id, categories_id) values ('1187', '283');
insert into products_to_categories (products_id, categories_id) values ('1188', '283');
insert into products_to_categories (products_id, categories_id) values ('1189', '283');
insert into products_to_categories (products_id, categories_id) values ('1190', '283');
insert into products_to_categories (products_id, categories_id) values ('1191', '283');
insert into products_to_categories (products_id, categories_id) values ('1192', '283');
insert into products_to_categories (products_id, categories_id) values ('1193', '281');
insert into products_to_categories (products_id, categories_id) values ('1193', '284');
insert into products_to_categories (products_id, categories_id) values ('1194', '281');
insert into products_to_categories (products_id, categories_id) values ('1194', '282');
insert into products_to_categories (products_id, categories_id) values ('1194', '284');
insert into products_to_categories (products_id, categories_id) values ('1195', '281');
insert into products_to_categories (products_id, categories_id) values ('1195', '282');
insert into products_to_categories (products_id, categories_id) values ('1195', '284');
insert into products_to_categories (products_id, categories_id) values ('1196', '281');
insert into products_to_categories (products_id, categories_id) values ('1196', '282');
insert into products_to_categories (products_id, categories_id) values ('1196', '284');
insert into products_to_categories (products_id, categories_id) values ('1197', '290');
insert into products_to_categories (products_id, categories_id) values ('1198', '290');
insert into products_to_categories (products_id, categories_id) values ('1199', '290');
insert into products_to_categories (products_id, categories_id) values ('1200', '290');
insert into products_to_categories (products_id, categories_id) values ('1201', '288');
insert into products_to_categories (products_id, categories_id) values ('1202', '285');
insert into products_to_categories (products_id, categories_id) values ('1203', '285');
insert into products_to_categories (products_id, categories_id) values ('1204', '311');
insert into products_to_categories (products_id, categories_id) values ('1205', '311');
insert into products_to_categories (products_id, categories_id) values ('1206', '311');
insert into products_to_categories (products_id, categories_id) values ('1207', '311');
insert into products_to_categories (products_id, categories_id) values ('1208', '311');
insert into products_to_categories (products_id, categories_id) values ('1209', '311');
insert into products_to_categories (products_id, categories_id) values ('1210', '285');
insert into products_to_categories (products_id, categories_id) values ('1211', '311');
insert into products_to_categories (products_id, categories_id) values ('1212', '285');
insert into products_to_categories (products_id, categories_id) values ('1213', '285');
insert into products_to_categories (products_id, categories_id) values ('1214', '285');
insert into products_to_categories (products_id, categories_id) values ('1215', '285');
insert into products_to_categories (products_id, categories_id) values ('1216', '287');
insert into products_to_categories (products_id, categories_id) values ('1217', '285');
insert into products_to_categories (products_id, categories_id) values ('1218', '285');
insert into products_to_categories (products_id, categories_id) values ('1219', '287');
insert into products_to_categories (products_id, categories_id) values ('1220', '285');
insert into products_to_categories (products_id, categories_id) values ('1221', '311');
insert into products_to_categories (products_id, categories_id) values ('1222', '311');
insert into products_to_categories (products_id, categories_id) values ('1223', '311');
insert into products_to_categories (products_id, categories_id) values ('1224', '311');
insert into products_to_categories (products_id, categories_id) values ('1225', '311');
insert into products_to_categories (products_id, categories_id) values ('1226', '288');
insert into products_to_categories (products_id, categories_id) values ('1227', '288');
insert into products_to_categories (products_id, categories_id) values ('1228', '288');
insert into products_to_categories (products_id, categories_id) values ('1229', '288');
insert into products_to_categories (products_id, categories_id) values ('1230', '288');
insert into products_to_categories (products_id, categories_id) values ('1231', '288');
insert into products_to_categories (products_id, categories_id) values ('1232', '301');
insert into products_to_categories (products_id, categories_id) values ('1233', '291');
insert into products_to_categories (products_id, categories_id) values ('1234', '291');
insert into products_to_categories (products_id, categories_id) values ('1235', '291');
insert into products_to_categories (products_id, categories_id) values ('1236', '291');
insert into products_to_categories (products_id, categories_id) values ('1237', '291');
insert into products_to_categories (products_id, categories_id) values ('1238', '291');
insert into products_to_categories (products_id, categories_id) values ('1239', '295');
insert into products_to_categories (products_id, categories_id) values ('1240', '295');
insert into products_to_categories (products_id, categories_id) values ('1241', '313');
insert into products_to_categories (products_id, categories_id) values ('1242', '296');
insert into products_to_categories (products_id, categories_id) values ('1243', '291');
insert into products_to_categories (products_id, categories_id) values ('1244', '295');
insert into products_to_categories (products_id, categories_id) values ('1245', '307');
insert into products_to_categories (products_id, categories_id) values ('1246', '307');
insert into products_to_categories (products_id, categories_id) values ('1247', '307');
insert into products_to_categories (products_id, categories_id) values ('1248', '307');
insert into products_to_categories (products_id, categories_id) values ('1249', '307');
insert into products_to_categories (products_id, categories_id) values ('1250', '313');
insert into products_to_categories (products_id, categories_id) values ('1251', '313');
insert into products_to_categories (products_id, categories_id) values ('1252', '313');
insert into products_to_categories (products_id, categories_id) values ('1253', '313');
insert into products_to_categories (products_id, categories_id) values ('1254', '292');
insert into products_to_categories (products_id, categories_id) values ('1255', '292');
insert into products_to_categories (products_id, categories_id) values ('1256', '292');
insert into products_to_categories (products_id, categories_id) values ('1257', '292');
insert into products_to_categories (products_id, categories_id) values ('1258', '292');
insert into products_to_categories (products_id, categories_id) values ('1259', '292');
insert into products_to_categories (products_id, categories_id) values ('1260', '292');
insert into products_to_categories (products_id, categories_id) values ('1261', '292');
insert into products_to_categories (products_id, categories_id) values ('1262', '292');
insert into products_to_categories (products_id, categories_id) values ('1263', '292');
insert into products_to_categories (products_id, categories_id) values ('1264', '292');
insert into products_to_categories (products_id, categories_id) values ('1265', '312');
insert into products_to_categories (products_id, categories_id) values ('1266', '312');
insert into products_to_categories (products_id, categories_id) values ('1267', '312');
insert into products_to_categories (products_id, categories_id) values ('1268', '312');
insert into products_to_categories (products_id, categories_id) values ('1269', '295');
insert into products_to_categories (products_id, categories_id) values ('1270', '312');
insert into products_to_categories (products_id, categories_id) values ('1271', '313');
insert into products_to_categories (products_id, categories_id) values ('1272', '313');
insert into products_to_categories (products_id, categories_id) values ('1273', '313');
insert into products_to_categories (products_id, categories_id) values ('1274', '313');
insert into products_to_categories (products_id, categories_id) values ('1275', '313');
insert into products_to_categories (products_id, categories_id) values ('1276', '313');
insert into products_to_categories (products_id, categories_id) values ('1277', '313');
insert into products_to_categories (products_id, categories_id) values ('1278', '313');
insert into products_to_categories (products_id, categories_id) values ('1279', '313');
insert into products_to_categories (products_id, categories_id) values ('1280', '313');
insert into products_to_categories (products_id, categories_id) values ('1281', '313');
insert into products_to_categories (products_id, categories_id) values ('1282', '313');
insert into products_to_categories (products_id, categories_id) values ('1283', '313');
insert into products_to_categories (products_id, categories_id) values ('1284', '313');
insert into products_to_categories (products_id, categories_id) values ('1285', '313');
insert into products_to_categories (products_id, categories_id) values ('1286', '313');
insert into products_to_categories (products_id, categories_id) values ('1287', '313');
insert into products_to_categories (products_id, categories_id) values ('1288', '313');
insert into products_to_categories (products_id, categories_id) values ('1289', '288');
insert into products_to_categories (products_id, categories_id) values ('1290', '288');
insert into products_to_categories (products_id, categories_id) values ('1291', '288');
insert into products_to_categories (products_id, categories_id) values ('1292', '288');
insert into products_to_categories (products_id, categories_id) values ('1293', '307');
insert into products_to_categories (products_id, categories_id) values ('1294', '288');
insert into products_to_categories (products_id, categories_id) values ('1295', '288');
insert into products_to_categories (products_id, categories_id) values ('1296', '288');
insert into products_to_categories (products_id, categories_id) values ('1297', '288');
insert into products_to_categories (products_id, categories_id) values ('1298', '288');
insert into products_to_categories (products_id, categories_id) values ('1299', '288');
drop table if exists reviews;
create table reviews (
  reviews_id int(11) not null auto_increment,
  products_id int(11) default '0' not null ,
  customers_id int(11) ,
  customers_name varchar(64) not null ,
  reviews_rating int(1) ,
  date_added datetime ,
  last_modified datetime ,
  reviews_read int(5) default '0' not null ,
  PRIMARY KEY (reviews_id)
);

drop table if exists reviews_description;
create table reviews_description (
  reviews_id int(11) default '0' not null ,
  languages_id int(11) default '0' not null ,
  reviews_text text not null ,
  PRIMARY KEY (reviews_id, languages_id)
);

drop table if exists sessions;
create table sessions (
  sesskey varchar(32) not null ,
  expiry int(11) unsigned default '0' not null ,
  value text not null ,
  PRIMARY KEY (sesskey)
);

insert into sessions (sesskey, expiry, value) values ('6985ebd3e9daf07ca508582452371787', '1218989205', 'language|s:7:\"espanol\";languages_id|s:1:\"2\";selected_box|s:13:\"configuration\";');
insert into sessions (sesskey, expiry, value) values ('a97942c58bc7b56d62287cd87201e10a', '1218989207', 'language|s:7:\"espanol\";languages_id|s:1:\"2\";selected_box|s:13:\"configuration\";');
insert into sessions (sesskey, expiry, value) values ('c809c9e9916d6074893b106a9169e75e', '1218989225', 'language|s:7:\"espanol\";languages_id|s:1:\"2\";selected_box|s:13:\"configuration\";');
insert into sessions (sesskey, expiry, value) values ('2d5dd6de049a1a9446d31a77ee661e10', '1218989226', 'language|s:7:\"espanol\";languages_id|s:1:\"2\";selected_box|s:13:\"configuration\";');
insert into sessions (sesskey, expiry, value) values ('800b3b7efaa04c4641626f05c43804e2', '1218989228', 'language|s:7:\"espanol\";languages_id|s:1:\"2\";selected_box|s:13:\"configuration\";');
insert into sessions (sesskey, expiry, value) values ('d55bc0e1a6bd13bf26d114c32e989204', '1218989228', 'language|s:7:\"espanol\";languages_id|s:1:\"2\";selected_box|s:13:\"configuration\";');
insert into sessions (sesskey, expiry, value) values ('055179865273b04455bd3f2ce8f53c19', '1218989476', 'language|s:7:\"espanol\";languages_id|s:1:\"2\";selected_box|s:5:\"tools\";');
insert into sessions (sesskey, expiry, value) values ('6d75bafe720d48ef9c06ede059ca7cd6', '1218898884', 'cart|O:12:\"shoppingCart\":4:{s:8:\"contents\";a:0:{}s:5:\"total\";i:0;s:6:\"weight\";i:0;s:12:\"content_type\";b:0;}language|s:7:\"espanol\";languages_id|s:1:\"2\";currency|s:3:\"EUR\";navigation|O:17:\"navigationHistory\":2:{s:4:\"path\";a:1:{i:0;a:4:{s:4:\"page\";s:10:\"index2.php\";s:4:\"mode\";s:6:\"NONSSL\";s:3:\"get\";a:0:{}s:4:\"post\";a:0:{}}}s:8:\"snapshot\";a:0:{}}');
insert into sessions (sesskey, expiry, value) values ('df7b0579ea13d446c7c8044ef462908f', '1218989189', 'language|s:7:\"espanol\";languages_id|s:1:\"2\";selected_box|s:13:\"configuration\";');
insert into sessions (sesskey, expiry, value) values ('7fdc2a2251ac9702dfaaf004d7b13bc2', '1218896512', 'cart|O:12:\"shoppingCart\":4:{s:8:\"contents\";a:0:{}s:5:\"total\";i:0;s:6:\"weight\";i:0;s:12:\"content_type\";b:0;}language|s:7:\"espanol\";languages_id|s:1:\"2\";currency|s:3:\"EUR\";navigation|O:17:\"navigationHistory\":2:{s:4:\"path\";a:1:{i:0;a:4:{s:4:\"page\";s:10:\"index2.php\";s:4:\"mode\";s:6:\"NONSSL\";s:3:\"get\";a:0:{}s:4:\"post\";a:0:{}}}s:8:\"snapshot\";a:0:{}}');
insert into sessions (sesskey, expiry, value) values ('52971d0c7a8888641fd156cadc54f7a6', '1218896507', 'cart|O:12:\"shoppingCart\":5:{s:8:\"contents\";a:0:{}s:5:\"total\";i:0;s:6:\"weight\";i:0;s:6:\"cartID\";N;s:12:\"content_type\";b:0;}language|s:7:\"espanol\";languages_id|s:1:\"2\";currency|s:3:\"EUR\";navigation|O:17:\"navigationHistory\":2:{s:4:\"path\";a:2:{i:0;a:4:{s:4:\"page\";s:10:\"index2.php\";s:4:\"mode\";s:6:\"NONSSL\";s:3:\"get\";a:0:{}s:4:\"post\";a:0:{}}i:1;a:4:{s:4:\"page\";s:9:\"login.php\";s:4:\"mode\";s:6:\"NONSSL\";s:3:\"get\";a:0:{}s:4:\"post\";a:0:{}}}s:8:\"snapshot\";a:0:{}}');
insert into sessions (sesskey, expiry, value) values ('75ed872b45478034965fef91079c6d16', '1218863007', 'cart|O:12:\"shoppingCart\":4:{s:8:\"contents\";a:0:{}s:5:\"total\";i:0;s:6:\"weight\";i:0;s:12:\"content_type\";b:0;}language|s:7:\"espanol\";languages_id|s:1:\"2\";currency|s:3:\"EUR\";navigation|O:17:\"navigationHistory\":2:{s:4:\"path\";a:1:{i:0;a:4:{s:4:\"page\";s:10:\"index2.php\";s:4:\"mode\";s:6:\"NONSSL\";s:3:\"get\";a:0:{}s:4:\"post\";a:0:{}}}s:8:\"snapshot\";a:0:{}}');
insert into sessions (sesskey, expiry, value) values ('494552e6c09f4cff4dd7a822a1d359b7', '1218861641', 'cart|O:12:\"shoppingCart\":4:{s:8:\"contents\";a:0:{}s:5:\"total\";i:0;s:6:\"weight\";i:0;s:12:\"content_type\";b:0;}language|s:7:\"espanol\";languages_id|s:1:\"2\";currency|s:3:\"EUR\";navigation|O:17:\"navigationHistory\":2:{s:4:\"path\";a:1:{i:0;a:4:{s:4:\"page\";s:10:\"index2.php\";s:4:\"mode\";s:6:\"NONSSL\";s:3:\"get\";a:0:{}s:4:\"post\";a:0:{}}}s:8:\"snapshot\";a:0:{}}');
insert into sessions (sesskey, expiry, value) values ('abea08270e078ed07e5bdda6629d1ff6', '1218850653', 'cart|O:12:\"shoppingCart\":4:{s:8:\"contents\";a:0:{}s:5:\"total\";i:0;s:6:\"weight\";i:0;s:12:\"content_type\";b:0;}language|s:7:\"espanol\";languages_id|s:1:\"2\";currency|s:3:\"EUR\";navigation|O:17:\"navigationHistory\":2:{s:4:\"path\";a:1:{i:0;a:4:{s:4:\"page\";s:10:\"index2.php\";s:4:\"mode\";s:6:\"NONSSL\";s:3:\"get\";a:0:{}s:4:\"post\";a:0:{}}}s:8:\"snapshot\";a:0:{}}');
insert into sessions (sesskey, expiry, value) values ('0ae5f5019699c3ad076211b223e44964', '1218855270', 'cart|O:12:\"shoppingCart\":4:{s:8:\"contents\";a:0:{}s:5:\"total\";i:0;s:6:\"weight\";i:0;s:12:\"content_type\";b:0;}language|s:7:\"espanol\";languages_id|s:1:\"2\";currency|s:3:\"EUR\";navigation|O:17:\"navigationHistory\":2:{s:4:\"path\";a:1:{i:0;a:4:{s:4:\"page\";s:10:\"index2.php\";s:4:\"mode\";s:6:\"NONSSL\";s:3:\"get\";a:0:{}s:4:\"post\";a:0:{}}}s:8:\"snapshot\";a:0:{}}');
insert into sessions (sesskey, expiry, value) values ('9ac1f99e8af6558147c61cb247329036', '1218849750', 'cart|O:12:\"shoppingCart\":4:{s:8:\"contents\";a:0:{}s:5:\"total\";i:0;s:6:\"weight\";i:0;s:12:\"content_type\";b:0;}language|s:7:\"espanol\";languages_id|s:1:\"2\";currency|s:3:\"EUR\";navigation|O:17:\"navigationHistory\":2:{s:4:\"path\";a:1:{i:0;a:4:{s:4:\"page\";s:10:\"index2.php\";s:4:\"mode\";s:6:\"NONSSL\";s:3:\"get\";a:0:{}s:4:\"post\";a:0:{}}}s:8:\"snapshot\";a:0:{}}');
insert into sessions (sesskey, expiry, value) values ('b7650a4fb049622e7cb94eb5e9e17975', '1218848852', 'cart|O:12:\"shoppingCart\":4:{s:8:\"contents\";a:0:{}s:5:\"total\";i:0;s:6:\"weight\";i:0;s:12:\"content_type\";b:0;}language|s:7:\"espanol\";languages_id|s:1:\"2\";currency|s:3:\"EUR\";navigation|O:17:\"navigationHistory\":2:{s:4:\"path\";a:1:{i:0;a:4:{s:4:\"page\";s:10:\"index2.php\";s:4:\"mode\";s:6:\"NONSSL\";s:3:\"get\";a:0:{}s:4:\"post\";a:0:{}}}s:8:\"snapshot\";a:0:{}}');
insert into sessions (sesskey, expiry, value) values ('0bfc97e03ab08c2c411f42479431d7ca', '1218849417', 'cart|O:12:\"shoppingCart\":4:{s:8:\"contents\";a:0:{}s:5:\"total\";i:0;s:6:\"weight\";i:0;s:12:\"content_type\";b:0;}language|s:7:\"espanol\";languages_id|s:1:\"2\";currency|s:3:\"EUR\";navigation|O:17:\"navigationHistory\":2:{s:4:\"path\";a:1:{i:0;a:4:{s:4:\"page\";s:10:\"index2.php\";s:4:\"mode\";s:6:\"NONSSL\";s:3:\"get\";a:0:{}s:4:\"post\";a:0:{}}}s:8:\"snapshot\";a:0:{}}');
insert into sessions (sesskey, expiry, value) values ('b5f1216ffea4f3d999de594563f054d2', '1218715544', 'cart|O:12:\"shoppingCart\":4:{s:8:\"contents\";a:0:{}s:5:\"total\";i:0;s:6:\"weight\";i:0;s:12:\"content_type\";b:0;}language|s:7:\"espanol\";languages_id|s:1:\"2\";currency|s:3:\"EUR\";navigation|O:17:\"navigationHistory\":2:{s:4:\"path\";a:1:{i:0;a:4:{s:4:\"page\";s:10:\"index2.php\";s:4:\"mode\";s:6:\"NONSSL\";s:3:\"get\";a:0:{}s:4:\"post\";a:0:{}}}s:8:\"snapshot\";a:0:{}}');
insert into sessions (sesskey, expiry, value) values ('5479cf7a50dac774b9fcb591efa75b7a', '1218713974', 'cart|O:12:\"shoppingCart\":5:{s:8:\"contents\";a:0:{}s:5:\"total\";i:0;s:6:\"weight\";i:0;s:6:\"cartID\";N;s:12:\"content_type\";b:0;}language|s:7:\"espanol\";languages_id|s:1:\"2\";currency|s:3:\"EUR\";navigation|O:17:\"navigationHistory\":2:{s:4:\"path\";a:3:{i:0;a:4:{s:4:\"page\";s:9:\"index.php\";s:4:\"mode\";s:6:\"NONSSL\";s:3:\"get\";a:1:{s:5:\"cPath\";s:3:\"278\";}s:4:\"post\";a:0:{}}i:1;a:4:{s:4:\"page\";s:9:\"index.php\";s:4:\"mode\";s:6:\"NONSSL\";s:3:\"get\";a:1:{s:5:\"cPath\";s:7:\"278_304\";}s:4:\"post\";a:0:{}}i:2;a:4:{s:4:\"page\";s:9:\"pages.php\";s:4:\"mode\";s:6:\"NONSSL\";s:3:\"get\";a:1:{s:4:\"page\";s:8:\"shipping\";}s:4:\"post\";a:0:{}}}s:8:\"snapshot\";a:0:{}}');
insert into sessions (sesskey, expiry, value) values ('29913cd098c294880312901aa5c3b8ac', '1218714043', 'cart|O:12:\"shoppingCart\":5:{s:8:\"contents\";a:0:{}s:5:\"total\";i:0;s:6:\"weight\";i:0;s:6:\"cartID\";N;s:12:\"content_type\";b:0;}language|s:7:\"espanol\";languages_id|s:1:\"2\";currency|s:3:\"EUR\";navigation|O:17:\"navigationHistory\":2:{s:4:\"path\";a:1:{i:0;a:4:{s:4:\"page\";s:14:\"contact_us.php\";s:4:\"mode\";s:6:\"NONSSL\";s:3:\"get\";a:1:{s:6:\"action\";s:4:\"send\";}s:4:\"post\";a:6:{s:4:\"name\";s:0:\"\";s:5:\"email\";s:0:\"\";s:9:\"telephone\";s:0:\"\";s:7:\"enquiry\";s:0:\"\";s:1:\"x\";s:2:\"18\";s:1:\"y\";s:1:\"8\";}}}s:8:\"snapshot\";a:4:{s:4:\"page\";s:11:\"account.php\";s:4:\"mode\";s:6:\"NONSSL\";s:3:\"get\";a:0:{}s:4:\"post\";a:0:{}}}');
insert into sessions (sesskey, expiry, value) values ('fe64d074fa89a1a833070cd27e3ff8a6', '1218702974', 'cart|O:12:\"shoppingCart\":5:{s:8:\"contents\";a:0:{}s:5:\"total\";i:0;s:6:\"weight\";i:0;s:6:\"cartID\";N;s:12:\"content_type\";b:0;}language|s:7:\"espanol\";languages_id|s:1:\"2\";currency|s:3:\"EUR\";navigation|O:17:\"navigationHistory\":2:{s:4:\"path\";a:2:{i:0;a:4:{s:4:\"page\";s:10:\"index2.php\";s:4:\"mode\";s:6:\"NONSSL\";s:3:\"get\";a:0:{}s:4:\"post\";a:0:{}}i:1;a:4:{s:4:\"page\";s:9:\"pages.php\";s:4:\"mode\";s:6:\"NONSSL\";s:3:\"get\";a:1:{s:4:\"page\";s:8:\"about_us\";}s:4:\"post\";a:0:{}}}s:8:\"snapshot\";a:0:{}}');
insert into sessions (sesskey, expiry, value) values ('1163a9e7150da705c76673dd02292889', '1218714114', 'cart|O:12:\"shoppingCart\":5:{s:8:\"contents\";a:0:{}s:5:\"total\";i:0;s:6:\"weight\";i:0;s:6:\"cartID\";N;s:12:\"content_type\";b:0;}language|s:7:\"espanol\";languages_id|s:1:\"2\";currency|s:3:\"EUR\";navigation|O:17:\"navigationHistory\":2:{s:4:\"path\";a:2:{i:0;a:4:{s:4:\"page\";s:9:\"index.php\";s:4:\"mode\";s:6:\"NONSSL\";s:3:\"get\";a:1:{s:5:\"cPath\";s:3:\"273\";}s:4:\"post\";a:0:{}}i:1;a:4:{s:4:\"page\";s:10:\"index2.php\";s:4:\"mode\";s:6:\"NONSSL\";s:3:\"get\";a:0:{}s:4:\"post\";a:0:{}}}s:8:\"snapshot\";a:0:{}}');
insert into sessions (sesskey, expiry, value) values ('11d6eaf2f7094460a671e13b0c8232c0', '1218665737', 'cart|O:12:\"shoppingCart\":5:{s:8:\"contents\";a:0:{}s:5:\"total\";i:0;s:6:\"weight\";i:0;s:6:\"cartID\";N;s:12:\"content_type\";b:0;}language|s:7:\"espanol\";languages_id|s:1:\"2\";currency|s:3:\"EUR\";navigation|O:17:\"navigationHistory\":2:{s:4:\"path\";a:1:{i:0;a:4:{s:4:\"page\";s:9:\"index.php\";s:4:\"mode\";s:6:\"NONSSL\";s:3:\"get\";a:1:{s:5:\"cPath\";s:3:\"274\";}s:4:\"post\";a:0:{}}}s:8:\"snapshot\";a:0:{}}');
insert into sessions (sesskey, expiry, value) values ('47a109e7bb2f1318e243c1add9908b71', '1218619303', 'cart|O:12:\"shoppingCart\":5:{s:8:\"contents\";a:0:{}s:5:\"total\";i:0;s:6:\"weight\";i:0;s:6:\"cartID\";N;s:12:\"content_type\";b:0;}language|s:7:\"espanol\";languages_id|s:1:\"2\";currency|s:3:\"EUR\";navigation|O:17:\"navigationHistory\":2:{s:4:\"path\";a:3:{i:0;a:4:{s:4:\"page\";s:10:\"index2.php\";s:4:\"mode\";s:6:\"NONSSL\";s:3:\"get\";a:0:{}s:4:\"post\";a:0:{}}i:1;a:4:{s:4:\"page\";s:9:\"index.php\";s:4:\"mode\";s:6:\"NONSSL\";s:3:\"get\";a:1:{s:5:\"cPath\";s:3:\"274\";}s:4:\"post\";a:0:{}}i:2;a:4:{s:4:\"page\";s:9:\"index.php\";s:4:\"mode\";s:6:\"NONSSL\";s:3:\"get\";a:1:{s:5:\"cPath\";s:7:\"274_280\";}s:4:\"post\";a:0:{}}}s:8:\"snapshot\";a:0:{}}');
insert into sessions (sesskey, expiry, value) values ('117e70d31084c62fa39eff6826109a85', '1218570186', 'cart|O:12:\"shoppingCart\":4:{s:8:\"contents\";a:0:{}s:5:\"total\";i:0;s:6:\"weight\";i:0;s:12:\"content_type\";b:0;}language|s:7:\"espanol\";languages_id|s:1:\"2\";currency|s:3:\"EUR\";navigation|O:17:\"navigationHistory\":2:{s:4:\"path\";a:1:{i:0;a:4:{s:4:\"page\";s:10:\"index2.php\";s:4:\"mode\";s:6:\"NONSSL\";s:3:\"get\";a:0:{}s:4:\"post\";a:0:{}}}s:8:\"snapshot\";a:0:{}}');
insert into sessions (sesskey, expiry, value) values ('964c9738fd25f3248700d4c1589f7ca0', '1218618359', 'cart|O:12:\"shoppingCart\":4:{s:8:\"contents\";a:0:{}s:5:\"total\";i:0;s:6:\"weight\";i:0;s:12:\"content_type\";b:0;}language|s:7:\"espanol\";languages_id|s:1:\"2\";currency|s:3:\"EUR\";navigation|O:17:\"navigationHistory\":2:{s:4:\"path\";a:1:{i:0;a:4:{s:4:\"page\";s:9:\"pages.php\";s:4:\"mode\";s:6:\"NONSSL\";s:3:\"get\";a:1:{s:4:\"page\";s:8:\"about_us\";}s:4:\"post\";a:0:{}}}s:8:\"snapshot\";a:0:{}}');
insert into sessions (sesskey, expiry, value) values ('6f2b529e483f1f6761c51d8040972f8d', '1218565652', 'cart|O:12:\"shoppingCart\":5:{s:8:\"contents\";a:0:{}s:5:\"total\";i:0;s:6:\"weight\";i:0;s:6:\"cartID\";N;s:12:\"content_type\";b:0;}language|s:7:\"espanol\";languages_id|s:1:\"2\";currency|s:3:\"EUR\";navigation|O:17:\"navigationHistory\":2:{s:4:\"path\";a:3:{i:0;a:4:{s:4:\"page\";s:11:\"account.php\";s:4:\"mode\";s:6:\"NONSSL\";s:3:\"get\";a:0:{}s:4:\"post\";a:0:{}}i:1;a:4:{s:4:\"page\";s:9:\"login.php\";s:4:\"mode\";s:6:\"NONSSL\";s:3:\"get\";a:0:{}s:4:\"post\";a:0:{}}i:2;a:4:{s:4:\"page\";s:9:\"pages.php\";s:4:\"mode\";s:6:\"NONSSL\";s:3:\"get\";a:1:{s:4:\"page\";s:8:\"about_us\";}s:4:\"post\";a:0:{}}}s:8:\"snapshot\";a:4:{s:4:\"page\";s:11:\"account.php\";s:4:\"mode\";s:6:\"NONSSL\";s:3:\"get\";a:0:{}s:4:\"post\";a:0:{}}}');
insert into sessions (sesskey, expiry, value) values ('afbf45339e71ce37a084c75466ab9a8a', '1218471768', 'cart|O:12:\"shoppingCart\":5:{s:8:\"contents\";a:0:{}s:5:\"total\";i:0;s:6:\"weight\";i:0;s:6:\"cartID\";N;s:12:\"content_type\";b:0;}language|s:7:\"espanol\";languages_id|s:1:\"2\";currency|s:3:\"EUR\";navigation|O:17:\"navigationHistory\":2:{s:4:\"path\";a:1:{i:0;a:4:{s:4:\"page\";s:10:\"index2.php\";s:4:\"mode\";s:6:\"NONSSL\";s:3:\"get\";a:0:{}s:4:\"post\";a:0:{}}}s:8:\"snapshot\";a:0:{}}');
insert into sessions (sesskey, expiry, value) values ('906def5d0ce9ed899ac22919eba330bf', '1218534606', 'cart|O:12:\"shoppingCart\":4:{s:8:\"contents\";a:0:{}s:5:\"total\";i:0;s:6:\"weight\";i:0;s:12:\"content_type\";b:0;}language|s:7:\"espanol\";languages_id|s:1:\"2\";currency|s:3:\"EUR\";navigation|O:17:\"navigationHistory\":2:{s:4:\"path\";a:1:{i:0;a:4:{s:4:\"page\";s:10:\"index2.php\";s:4:\"mode\";s:6:\"NONSSL\";s:3:\"get\";a:0:{}s:4:\"post\";a:0:{}}}s:8:\"snapshot\";a:0:{}}');
insert into sessions (sesskey, expiry, value) values ('ebdf0bcc02b7539564580024af288ae7', '1218468599', 'cart|O:12:\"shoppingCart\":5:{s:8:\"contents\";a:0:{}s:5:\"total\";i:0;s:6:\"weight\";i:0;s:6:\"cartID\";N;s:12:\"content_type\";b:0;}language|s:7:\"espanol\";languages_id|s:1:\"2\";currency|s:3:\"EUR\";navigation|O:17:\"navigationHistory\":2:{s:4:\"path\";a:1:{i:0;a:4:{s:4:\"page\";s:10:\"index2.php\";s:4:\"mode\";s:6:\"NONSSL\";s:3:\"get\";a:0:{}s:4:\"post\";a:0:{}}}s:8:\"snapshot\";a:0:{}}');
insert into sessions (sesskey, expiry, value) values ('641d8261c2ba08c9eafc7486a0d891fd', '1218452712', 'language|s:7:\"espanol\";languages_id|s:1:\"2\";selected_box|s:13:\"configuration\";');
insert into sessions (sesskey, expiry, value) values ('fa242b617391a26d71f15d4c265934b6', '1218453564', 'language|s:7:\"espanol\";languages_id|s:1:\"2\";selected_box|s:13:\"configuration\";');
insert into sessions (sesskey, expiry, value) values ('98bee537954e9f169034a59073fe3979', '1218456161', 'language|s:7:\"espanol\";languages_id|s:1:\"2\";selected_box|s:7:\"catalog\";');
insert into sessions (sesskey, expiry, value) values ('6f4f5e8a9824f8c2c946f3d43571d929', '1218414145', 'cart|O:12:\"shoppingCart\":5:{s:8:\"contents\";a:0:{}s:5:\"total\";i:0;s:6:\"weight\";i:0;s:6:\"cartID\";N;s:12:\"content_type\";b:0;}language|s:7:\"espanol\";languages_id|s:1:\"2\";currency|s:3:\"EUR\";navigation|O:17:\"navigationHistory\":2:{s:4:\"path\";a:4:{i:0;a:4:{s:4:\"page\";s:10:\"index2.php\";s:4:\"mode\";s:6:\"NONSSL\";s:3:\"get\";a:0:{}s:4:\"post\";a:0:{}}i:1;a:4:{s:4:\"page\";s:9:\"index.php\";s:4:\"mode\";s:6:\"NONSSL\";s:3:\"get\";a:0:{}s:4:\"post\";a:0:{}}i:2;a:4:{s:4:\"page\";s:9:\"login.php\";s:4:\"mode\";s:6:\"NONSSL\";s:3:\"get\";a:0:{}s:4:\"post\";a:0:{}}i:3;a:4:{s:4:\"page\";s:16:\"product_info.php\";s:4:\"mode\";s:6:\"NONSSL\";s:3:\"get\";a:1:{s:11:\"products_id\";s:4:\"1098\";}s:4:\"post\";a:0:{}}}s:8:\"snapshot\";a:0:{}}customer_id|s:3:\"150\";customer_default_address_id|s:3:\"160\";customer_first_name|s:5:\"petra\";sppc_customer_group_id|s:1:\"2\";sppc_customer_group_show_tax|i:0;sppc_customer_group_tax_exempt|i:1;sppc_customer_group_tax_rates_exempt|a:1:{i:5;b:1;}customer_country_id|s:3:\"195\";customer_zone_id|s:3:\"142\";');
insert into sessions (sesskey, expiry, value) values ('d6f09e558de1dca614292018b44a547b', '1218444683', 'cart|O:12:\"shoppingCart\":5:{s:8:\"contents\";a:0:{}s:5:\"total\";i:0;s:6:\"weight\";i:0;s:6:\"cartID\";N;s:12:\"content_type\";b:0;}language|s:7:\"espanol\";languages_id|s:1:\"2\";currency|s:3:\"EUR\";navigation|O:17:\"navigationHistory\":2:{s:4:\"path\";a:3:{i:0;a:4:{s:4:\"page\";s:10:\"index2.php\";s:4:\"mode\";s:6:\"NONSSL\";s:3:\"get\";a:0:{}s:4:\"post\";a:0:{}}i:1;a:4:{s:4:\"page\";s:9:\"index.php\";s:4:\"mode\";s:6:\"NONSSL\";s:3:\"get\";a:1:{s:5:\"cPath\";s:3:\"278\";}s:4:\"post\";a:0:{}}i:2;a:4:{s:4:\"page\";s:16:\"products_new.php\";s:4:\"mode\";s:6:\"NONSSL\";s:3:\"get\";a:0:{}s:4:\"post\";a:0:{}}}s:8:\"snapshot\";a:0:{}}');
insert into sessions (sesskey, expiry, value) values ('cdb7c131b527dc930f72c83262c6269c', '1218447648', 'cart|O:12:\"shoppingCart\":5:{s:8:\"contents\";a:0:{}s:5:\"total\";i:0;s:6:\"weight\";i:0;s:6:\"cartID\";N;s:12:\"content_type\";b:0;}language|s:7:\"espanol\";languages_id|s:1:\"2\";currency|s:3:\"EUR\";navigation|O:17:\"navigationHistory\":2:{s:4:\"path\";a:1:{i:0;a:4:{s:4:\"page\";s:10:\"index2.php\";s:4:\"mode\";s:6:\"NONSSL\";s:3:\"get\";a:0:{}s:4:\"post\";a:0:{}}}s:8:\"snapshot\";a:0:{}}');
insert into sessions (sesskey, expiry, value) values ('ef367f29759479cc3b7fcd95b50a7736', '1218448446', 'cart|O:12:\"shoppingCart\":5:{s:8:\"contents\";a:0:{}s:5:\"total\";i:0;s:6:\"weight\";i:0;s:6:\"cartID\";N;s:12:\"content_type\";b:0;}language|s:7:\"espanol\";languages_id|s:1:\"2\";currency|s:3:\"EUR\";navigation|O:17:\"navigationHistory\":2:{s:4:\"path\";a:3:{i:0;a:4:{s:4:\"page\";s:10:\"index2.php\";s:4:\"mode\";s:6:\"NONSSL\";s:3:\"get\";a:0:{}s:4:\"post\";a:0:{}}i:1;a:4:{s:4:\"page\";s:9:\"index.php\";s:4:\"mode\";s:6:\"NONSSL\";s:3:\"get\";a:1:{s:5:\"cPath\";s:3:\"276\";}s:4:\"post\";a:0:{}}i:2;a:4:{s:4:\"page\";s:9:\"index.php\";s:4:\"mode\";s:6:\"NONSSL\";s:3:\"get\";a:1:{s:5:\"cPath\";s:7:\"276_288\";}s:4:\"post\";a:0:{}}}s:8:\"snapshot\";a:0:{}}');
drop table if exists specials;
create table specials (
  specials_id int(11) not null auto_increment,
  products_id int(11) default '0' not null ,
  specials_new_products_price decimal(15,4) default '0.0000' not null ,
  specials_date_added datetime ,
  specials_last_modified datetime ,
  expires_date datetime ,
  date_status_change datetime ,
  status int(1) default '1' not null ,
  customers_group_id smallint(5) unsigned default '0' not null ,
  PRIMARY KEY (specials_id),
  KEY products_id (products_id)
);

drop table if exists specials_retail_prices;
create table specials_retail_prices (
  products_id int(11) default '0' not null ,
  specials_new_products_price decimal(15,4) default '0.0000' not null ,
  status tinyint(4) ,
  customers_group_id smallint(6) ,
  PRIMARY KEY (products_id)
);

drop table if exists tax_class;
create table tax_class (
  tax_class_id int(11) not null auto_increment,
  tax_class_title varchar(32) not null ,
  tax_class_description varchar(255) not null ,
  last_modified datetime ,
  date_added datetime default '0000-00-00 00:00:00' not null ,
  PRIMARY KEY (tax_class_id)
);

insert into tax_class (tax_class_id, tax_class_title, tax_class_description, last_modified, date_added) values ('2', 'IVA 4%', 'IVA 4%', '2008-03-12 01:15:59', '2008-03-11 00:48:50');
insert into tax_class (tax_class_id, tax_class_title, tax_class_description, last_modified, date_added) values ('3', 'IVA 7%', 'IVA 7%', '2008-03-12 01:16:15', '2008-03-11 00:48:58');
insert into tax_class (tax_class_id, tax_class_title, tax_class_description, last_modified, date_added) values ('4', 'IVA 16%', 'IVA 16%', '2008-03-12 01:16:36', '2008-03-11 00:49:04');
insert into tax_class (tax_class_id, tax_class_title, tax_class_description, last_modified, date_added) values ('5', 'R.E. 0,5%', 'R.E. 0,5%', '2008-05-06 13:59:38', '2008-05-05 16:03:03');
insert into tax_class (tax_class_id, tax_class_title, tax_class_description, last_modified, date_added) values ('6', 'R.E. 1,5%', 'R.E. 1,5%', '2008-05-06 13:59:12', '2008-05-05 16:03:18');
insert into tax_class (tax_class_id, tax_class_title, tax_class_description, last_modified, date_added) values ('7', 'R.E. 4%', 'R.E. 4%', '2008-05-06 13:58:52', '2008-05-05 16:03:31');
insert into tax_class (tax_class_id, tax_class_title, tax_class_description, last_modified, date_added) values ('9', 'R.E. 0%', 'R.E. 0%', NULL, '2008-05-13 18:45:09');
drop table if exists tax_rates;
create table tax_rates (
  tax_rates_id int(11) not null auto_increment,
  tax_zone_id int(11) default '0' not null ,
  tax_class_id int(11) default '0' not null ,
  tax_priority int(5) default '1' ,
  tax_rate decimal(7,4) default '0.0000' not null ,
  tax_description varchar(255) not null ,
  last_modified datetime ,
  date_added datetime default '0000-00-00 00:00:00' not null ,
  PRIMARY KEY (tax_rates_id),
  KEY tax_zone_id (tax_zone_id),
  KEY tax_class_id (tax_class_id)
);

insert into tax_rates (tax_rates_id, tax_zone_id, tax_class_id, tax_priority, tax_rate, tax_description, last_modified, date_added) values ('8', '1', '9', '7', '0.0000', 'R.E. 0%', NULL, '2008-05-13 18:45:58');
insert into tax_rates (tax_rates_id, tax_zone_id, tax_class_id, tax_priority, tax_rate, tax_description, last_modified, date_added) values ('2', '1', '2', '1', '4.0000', 'IVA 4%', '2008-05-10 09:33:15', '2008-03-11 00:49:39');
insert into tax_rates (tax_rates_id, tax_zone_id, tax_class_id, tax_priority, tax_rate, tax_description, last_modified, date_added) values ('3', '1', '3', '2', '7.0000', 'IVA 7%', '2008-05-10 09:33:10', '2008-03-11 00:49:49');
insert into tax_rates (tax_rates_id, tax_zone_id, tax_class_id, tax_priority, tax_rate, tax_description, last_modified, date_added) values ('4', '1', '4', '3', '16.0000', 'IVA 16%', '2008-05-10 09:33:05', '2008-03-11 00:50:07');
insert into tax_rates (tax_rates_id, tax_zone_id, tax_class_id, tax_priority, tax_rate, tax_description, last_modified, date_added) values ('5', '1', '7', '4', '4.0000', 'R.E. 4%', '2008-05-10 09:32:47', '2008-05-05 16:04:32');
insert into tax_rates (tax_rates_id, tax_zone_id, tax_class_id, tax_priority, tax_rate, tax_description, last_modified, date_added) values ('6', '1', '6', '5', '1.5000', 'R.E. 1,5%', '2008-05-10 09:32:53', '2008-05-05 16:04:53');
insert into tax_rates (tax_rates_id, tax_zone_id, tax_class_id, tax_priority, tax_rate, tax_description, last_modified, date_added) values ('7', '1', '5', '6', '0.5000', 'R.E. 0,5%', '2008-05-10 09:32:59', '2008-05-05 16:05:13');
drop table if exists whos_online;
create table whos_online (
  customer_id int(11) ,
  full_name varchar(64) not null ,
  session_id varchar(128) not null ,
  ip_address varchar(15) not null ,
  time_entry varchar(14) not null ,
  time_last_click varchar(14) not null ,
  last_page_url varchar(64) not null ,
  KEY session_id (session_id),
  KEY ip_address (ip_address),
  KEY time_last_click (time_last_click)
);

insert into whos_online (customer_id, full_name, session_id, ip_address, time_entry, time_last_click, last_page_url) values ('0', 'Guest', '', '190.41.168.98', '1218987718', '1218988016', '/~startop/index.php');
drop table if exists zones;
create table zones (
  zone_id int(11) not null auto_increment,
  zone_country_id int(11) default '0' not null ,
  zone_code varchar(32) not null ,
  zone_name varchar(32) not null ,
  PRIMARY KEY (zone_id)
);

insert into zones (zone_id, zone_country_id, zone_code, zone_name) values ('1', '223', 'AL', 'Alabama');
insert into zones (zone_id, zone_country_id, zone_code, zone_name) values ('2', '223', 'AK', 'Alaska');
insert into zones (zone_id, zone_country_id, zone_code, zone_name) values ('3', '223', 'AS', 'American Samoa');
insert into zones (zone_id, zone_country_id, zone_code, zone_name) values ('4', '223', 'AZ', 'Arizona');
insert into zones (zone_id, zone_country_id, zone_code, zone_name) values ('5', '223', 'AR', 'Arkansas');
insert into zones (zone_id, zone_country_id, zone_code, zone_name) values ('6', '223', 'AF', 'Armed Forces Africa');
insert into zones (zone_id, zone_country_id, zone_code, zone_name) values ('7', '223', 'AA', 'Armed Forces Americas');
insert into zones (zone_id, zone_country_id, zone_code, zone_name) values ('8', '223', 'AC', 'Armed Forces Canada');
insert into zones (zone_id, zone_country_id, zone_code, zone_name) values ('9', '223', 'AE', 'Armed Forces Europe');
insert into zones (zone_id, zone_country_id, zone_code, zone_name) values ('10', '223', 'AM', 'Armed Forces Middle East');
insert into zones (zone_id, zone_country_id, zone_code, zone_name) values ('11', '223', 'AP', 'Armed Forces Pacific');
insert into zones (zone_id, zone_country_id, zone_code, zone_name) values ('12', '223', 'CA', 'California');
insert into zones (zone_id, zone_country_id, zone_code, zone_name) values ('13', '223', 'CO', 'Colorado');
insert into zones (zone_id, zone_country_id, zone_code, zone_name) values ('14', '223', 'CT', 'Connecticut');
insert into zones (zone_id, zone_country_id, zone_code, zone_name) values ('15', '223', 'DE', 'Delaware');
insert into zones (zone_id, zone_country_id, zone_code, zone_name) values ('16', '223', 'DC', 'District of Columbia');
insert into zones (zone_id, zone_country_id, zone_code, zone_name) values ('17', '223', 'FM', 'Federated States Of Micronesia');
insert into zones (zone_id, zone_country_id, zone_code, zone_name) values ('18', '223', 'FL', 'Florida');
insert into zones (zone_id, zone_country_id, zone_code, zone_name) values ('19', '223', 'GA', 'Georgia');
insert into zones (zone_id, zone_country_id, zone_code, zone_name) values ('20', '223', 'GU', 'Guam');
insert into zones (zone_id, zone_country_id, zone_code, zone_name) values ('21', '223', 'HI', 'Hawaii');
insert into zones (zone_id, zone_country_id, zone_code, zone_name) values ('22', '223', 'ID', 'Idaho');
insert into zones (zone_id, zone_country_id, zone_code, zone_name) values ('23', '223', 'IL', 'Illinois');
insert into zones (zone_id, zone_country_id, zone_code, zone_name) values ('24', '223', 'IN', 'Indiana');
insert into zones (zone_id, zone_country_id, zone_code, zone_name) values ('25', '223', 'IA', 'Iowa');
insert into zones (zone_id, zone_country_id, zone_code, zone_name) values ('26', '223', 'KS', 'Kansas');
insert into zones (zone_id, zone_country_id, zone_code, zone_name) values ('27', '223', 'KY', 'Kentucky');
insert into zones (zone_id, zone_country_id, zone_code, zone_name) values ('28', '223', 'LA', 'Louisiana');
insert into zones (zone_id, zone_country_id, zone_code, zone_name) values ('29', '223', 'ME', 'Maine');
insert into zones (zone_id, zone_country_id, zone_code, zone_name) values ('30', '223', 'MH', 'Marshall Islands');
insert into zones (zone_id, zone_country_id, zone_code, zone_name) values ('31', '223', 'MD', 'Maryland');
insert into zones (zone_id, zone_country_id, zone_code, zone_name) values ('32', '223', 'MA', 'Massachusetts');
insert into zones (zone_id, zone_country_id, zone_code, zone_name) values ('33', '223', 'MI', 'Michigan');
insert into zones (zone_id, zone_country_id, zone_code, zone_name) values ('34', '223', 'MN', 'Minnesota');
insert into zones (zone_id, zone_country_id, zone_code, zone_name) values ('35', '223', 'MS', 'Mississippi');
insert into zones (zone_id, zone_country_id, zone_code, zone_name) values ('36', '223', 'MO', 'Missouri');
insert into zones (zone_id, zone_country_id, zone_code, zone_name) values ('37', '223', 'MT', 'Montana');
insert into zones (zone_id, zone_country_id, zone_code, zone_name) values ('38', '223', 'NE', 'Nebraska');
insert into zones (zone_id, zone_country_id, zone_code, zone_name) values ('39', '223', 'NV', 'Nevada');
insert into zones (zone_id, zone_country_id, zone_code, zone_name) values ('40', '223', 'NH', 'New Hampshire');
insert into zones (zone_id, zone_country_id, zone_code, zone_name) values ('41', '223', 'NJ', 'New Jersey');
insert into zones (zone_id, zone_country_id, zone_code, zone_name) values ('42', '223', 'NM', 'New Mexico');
insert into zones (zone_id, zone_country_id, zone_code, zone_name) values ('43', '223', 'NY', 'New York');
insert into zones (zone_id, zone_country_id, zone_code, zone_name) values ('44', '223', 'NC', 'North Carolina');
insert into zones (zone_id, zone_country_id, zone_code, zone_name) values ('45', '223', 'ND', 'North Dakota');
insert into zones (zone_id, zone_country_id, zone_code, zone_name) values ('46', '223', 'MP', 'Northern Mariana Islands');
insert into zones (zone_id, zone_country_id, zone_code, zone_name) values ('47', '223', 'OH', 'Ohio');
insert into zones (zone_id, zone_country_id, zone_code, zone_name) values ('48', '223', 'OK', 'Oklahoma');
insert into zones (zone_id, zone_country_id, zone_code, zone_name) values ('49', '223', 'OR', 'Oregon');
insert into zones (zone_id, zone_country_id, zone_code, zone_name) values ('50', '223', 'PW', 'Palau');
insert into zones (zone_id, zone_country_id, zone_code, zone_name) values ('51', '223', 'PA', 'Pennsylvania');
insert into zones (zone_id, zone_country_id, zone_code, zone_name) values ('52', '223', 'PR', 'Puerto Rico');
insert into zones (zone_id, zone_country_id, zone_code, zone_name) values ('53', '223', 'RI', 'Rhode Island');
insert into zones (zone_id, zone_country_id, zone_code, zone_name) values ('54', '223', 'SC', 'South Carolina');
insert into zones (zone_id, zone_country_id, zone_code, zone_name) values ('55', '223', 'SD', 'South Dakota');
insert into zones (zone_id, zone_country_id, zone_code, zone_name) values ('56', '223', 'TN', 'Tennessee');
insert into zones (zone_id, zone_country_id, zone_code, zone_name) values ('57', '223', 'TX', 'Texas');
insert into zones (zone_id, zone_country_id, zone_code, zone_name) values ('58', '223', 'UT', 'Utah');
insert into zones (zone_id, zone_country_id, zone_code, zone_name) values ('59', '223', 'VT', 'Vermont');
insert into zones (zone_id, zone_country_id, zone_code, zone_name) values ('60', '223', 'VI', 'Virgin Islands');
insert into zones (zone_id, zone_country_id, zone_code, zone_name) values ('61', '223', 'VA', 'Virginia');
insert into zones (zone_id, zone_country_id, zone_code, zone_name) values ('62', '223', 'WA', 'Washington');
insert into zones (zone_id, zone_country_id, zone_code, zone_name) values ('63', '223', 'WV', 'West Virginia');
insert into zones (zone_id, zone_country_id, zone_code, zone_name) values ('64', '223', 'WI', 'Wisconsin');
insert into zones (zone_id, zone_country_id, zone_code, zone_name) values ('65', '223', 'WY', 'Wyoming');
insert into zones (zone_id, zone_country_id, zone_code, zone_name) values ('66', '38', 'AB', 'Alberta');
insert into zones (zone_id, zone_country_id, zone_code, zone_name) values ('67', '38', 'BC', 'British Columbia');
insert into zones (zone_id, zone_country_id, zone_code, zone_name) values ('68', '38', 'MB', 'Manitoba');
insert into zones (zone_id, zone_country_id, zone_code, zone_name) values ('69', '38', 'NF', 'Newfoundland');
insert into zones (zone_id, zone_country_id, zone_code, zone_name) values ('70', '38', 'NB', 'New Brunswick');
insert into zones (zone_id, zone_country_id, zone_code, zone_name) values ('71', '38', 'NS', 'Nova Scotia');
insert into zones (zone_id, zone_country_id, zone_code, zone_name) values ('72', '38', 'NT', 'Northwest Territories');
insert into zones (zone_id, zone_country_id, zone_code, zone_name) values ('73', '38', 'NU', 'Nunavut');
insert into zones (zone_id, zone_country_id, zone_code, zone_name) values ('74', '38', 'ON', 'Ontario');
insert into zones (zone_id, zone_country_id, zone_code, zone_name) values ('75', '38', 'PE', 'Prince Edward Island');
insert into zones (zone_id, zone_country_id, zone_code, zone_name) values ('76', '38', 'QC', 'Quebec');
insert into zones (zone_id, zone_country_id, zone_code, zone_name) values ('77', '38', 'SK', 'Saskatchewan');
insert into zones (zone_id, zone_country_id, zone_code, zone_name) values ('78', '38', 'YT', 'Yukon Territory');
insert into zones (zone_id, zone_country_id, zone_code, zone_name) values ('79', '81', 'NDS', 'Niedersachsen');
insert into zones (zone_id, zone_country_id, zone_code, zone_name) values ('80', '81', 'BAW', 'Baden-W?rttemberg');
insert into zones (zone_id, zone_country_id, zone_code, zone_name) values ('81', '81', 'BAY', 'Bayern');
insert into zones (zone_id, zone_country_id, zone_code, zone_name) values ('82', '81', 'BER', 'Berlin');
insert into zones (zone_id, zone_country_id, zone_code, zone_name) values ('83', '81', 'BRG', 'Brandenburg');
insert into zones (zone_id, zone_country_id, zone_code, zone_name) values ('84', '81', 'BRE', 'Bremen');
insert into zones (zone_id, zone_country_id, zone_code, zone_name) values ('85', '81', 'HAM', 'Hamburg');
insert into zones (zone_id, zone_country_id, zone_code, zone_name) values ('86', '81', 'HES', 'Hessen');
insert into zones (zone_id, zone_country_id, zone_code, zone_name) values ('87', '81', 'MEC', 'Mecklenburg-Vorpommern');
insert into zones (zone_id, zone_country_id, zone_code, zone_name) values ('88', '81', 'NRW', 'Nordrhein-Westfalen');
insert into zones (zone_id, zone_country_id, zone_code, zone_name) values ('89', '81', 'RHE', 'Rheinland-Pfalz');
insert into zones (zone_id, zone_country_id, zone_code, zone_name) values ('90', '81', 'SAR', 'Saarland');
insert into zones (zone_id, zone_country_id, zone_code, zone_name) values ('91', '81', 'SAS', 'Sachsen');
insert into zones (zone_id, zone_country_id, zone_code, zone_name) values ('92', '81', 'SAC', 'Sachsen-Anhalt');
insert into zones (zone_id, zone_country_id, zone_code, zone_name) values ('93', '81', 'SCN', 'Schleswig-Holstein');
insert into zones (zone_id, zone_country_id, zone_code, zone_name) values ('94', '81', 'THE', 'Th?ringen');
insert into zones (zone_id, zone_country_id, zone_code, zone_name) values ('95', '14', 'WI', 'Wien');
insert into zones (zone_id, zone_country_id, zone_code, zone_name) values ('96', '14', 'NO', 'Nieder?sterreich');
insert into zones (zone_id, zone_country_id, zone_code, zone_name) values ('97', '14', 'OO', 'Ober?sterreich');
insert into zones (zone_id, zone_country_id, zone_code, zone_name) values ('98', '14', 'SB', 'Salzburg');
insert into zones (zone_id, zone_country_id, zone_code, zone_name) values ('99', '14', 'KN', 'K?rnten');
insert into zones (zone_id, zone_country_id, zone_code, zone_name) values ('100', '14', 'ST', 'Steiermark');
insert into zones (zone_id, zone_country_id, zone_code, zone_name) values ('101', '14', 'TI', 'Tirol');
insert into zones (zone_id, zone_country_id, zone_code, zone_name) values ('102', '14', 'BL', 'Burgenland');
insert into zones (zone_id, zone_country_id, zone_code, zone_name) values ('103', '14', 'VB', 'Voralberg');
insert into zones (zone_id, zone_country_id, zone_code, zone_name) values ('104', '204', 'AG', 'Aargau');
insert into zones (zone_id, zone_country_id, zone_code, zone_name) values ('105', '204', 'AI', 'Appenzell Innerrhoden');
insert into zones (zone_id, zone_country_id, zone_code, zone_name) values ('106', '204', 'AR', 'Appenzell Ausserrhoden');
insert into zones (zone_id, zone_country_id, zone_code, zone_name) values ('107', '204', 'BE', 'Bern');
insert into zones (zone_id, zone_country_id, zone_code, zone_name) values ('108', '204', 'BL', 'Basel-Landschaft');
insert into zones (zone_id, zone_country_id, zone_code, zone_name) values ('109', '204', 'BS', 'Basel-Stadt');
insert into zones (zone_id, zone_country_id, zone_code, zone_name) values ('110', '204', 'FR', 'Freiburg');
insert into zones (zone_id, zone_country_id, zone_code, zone_name) values ('111', '204', 'GE', 'Genf');
insert into zones (zone_id, zone_country_id, zone_code, zone_name) values ('112', '204', 'GL', 'Glarus');
insert into zones (zone_id, zone_country_id, zone_code, zone_name) values ('113', '204', 'JU', 'Graub?nden');
insert into zones (zone_id, zone_country_id, zone_code, zone_name) values ('114', '204', 'JU', 'Jura');
insert into zones (zone_id, zone_country_id, zone_code, zone_name) values ('115', '204', 'LU', 'Luzern');
insert into zones (zone_id, zone_country_id, zone_code, zone_name) values ('116', '204', 'NE', 'Neuenburg');
insert into zones (zone_id, zone_country_id, zone_code, zone_name) values ('117', '204', 'NW', 'Nidwalden');
insert into zones (zone_id, zone_country_id, zone_code, zone_name) values ('118', '204', 'OW', 'Obwalden');
insert into zones (zone_id, zone_country_id, zone_code, zone_name) values ('119', '204', 'SG', 'St. Gallen');
insert into zones (zone_id, zone_country_id, zone_code, zone_name) values ('120', '204', 'SH', 'Schaffhausen');
insert into zones (zone_id, zone_country_id, zone_code, zone_name) values ('121', '204', 'SO', 'Solothurn');
insert into zones (zone_id, zone_country_id, zone_code, zone_name) values ('122', '204', 'SZ', 'Schwyz');
insert into zones (zone_id, zone_country_id, zone_code, zone_name) values ('123', '204', 'TG', 'Thurgau');
insert into zones (zone_id, zone_country_id, zone_code, zone_name) values ('124', '204', 'TI', 'Tessin');
insert into zones (zone_id, zone_country_id, zone_code, zone_name) values ('125', '204', 'UR', 'Uri');
insert into zones (zone_id, zone_country_id, zone_code, zone_name) values ('126', '204', 'VD', 'Waadt');
insert into zones (zone_id, zone_country_id, zone_code, zone_name) values ('127', '204', 'VS', 'Wallis');
insert into zones (zone_id, zone_country_id, zone_code, zone_name) values ('128', '204', 'ZG', 'Zug');
insert into zones (zone_id, zone_country_id, zone_code, zone_name) values ('129', '204', 'ZH', 'Z?rich');
insert into zones (zone_id, zone_country_id, zone_code, zone_name) values ('130', '195', 'A Coruna', 'A Coruna');
insert into zones (zone_id, zone_country_id, zone_code, zone_name) values ('131', '195', 'Alava', 'Alava');
insert into zones (zone_id, zone_country_id, zone_code, zone_name) values ('132', '195', 'Albacete', 'Albacete');
insert into zones (zone_id, zone_country_id, zone_code, zone_name) values ('133', '195', 'Alicante', 'Alicante');
insert into zones (zone_id, zone_country_id, zone_code, zone_name) values ('134', '195', 'Almeria', 'Almeria');
insert into zones (zone_id, zone_country_id, zone_code, zone_name) values ('135', '195', 'Asturias', 'Asturias');
insert into zones (zone_id, zone_country_id, zone_code, zone_name) values ('136', '195', 'Avila', 'Avila');
insert into zones (zone_id, zone_country_id, zone_code, zone_name) values ('137', '195', 'Badajoz', 'Badajoz');
insert into zones (zone_id, zone_country_id, zone_code, zone_name) values ('138', '195', 'Baleares', 'Baleares');
insert into zones (zone_id, zone_country_id, zone_code, zone_name) values ('139', '195', 'Barcelona', 'Barcelona');
insert into zones (zone_id, zone_country_id, zone_code, zone_name) values ('140', '195', 'Burgos', 'Burgos');
insert into zones (zone_id, zone_country_id, zone_code, zone_name) values ('141', '195', 'Caceres', 'Caceres');
insert into zones (zone_id, zone_country_id, zone_code, zone_name) values ('142', '195', 'Cadiz', 'Cadiz');
insert into zones (zone_id, zone_country_id, zone_code, zone_name) values ('143', '195', 'Cantabria', 'Cantabria');
insert into zones (zone_id, zone_country_id, zone_code, zone_name) values ('144', '195', 'Castellon', 'Castellon');
insert into zones (zone_id, zone_country_id, zone_code, zone_name) values ('145', '195', 'Ceuta', 'Ceuta');
insert into zones (zone_id, zone_country_id, zone_code, zone_name) values ('146', '195', 'Ciudad Real', 'Ciudad Real');
insert into zones (zone_id, zone_country_id, zone_code, zone_name) values ('147', '195', 'Cordoba', 'Cordoba');
insert into zones (zone_id, zone_country_id, zone_code, zone_name) values ('148', '195', 'Cuenca', 'Cuenca');
insert into zones (zone_id, zone_country_id, zone_code, zone_name) values ('149', '195', 'Girona', 'Girona');
insert into zones (zone_id, zone_country_id, zone_code, zone_name) values ('150', '195', 'Granada', 'Granada');
insert into zones (zone_id, zone_country_id, zone_code, zone_name) values ('151', '195', 'Guadalajara', 'Guadalajara');
insert into zones (zone_id, zone_country_id, zone_code, zone_name) values ('152', '195', 'Guipuzcoa', 'Guipuzcoa');
insert into zones (zone_id, zone_country_id, zone_code, zone_name) values ('153', '195', 'Huelva', 'Huelva');
insert into zones (zone_id, zone_country_id, zone_code, zone_name) values ('154', '195', 'Huesca', 'Huesca');
insert into zones (zone_id, zone_country_id, zone_code, zone_name) values ('155', '195', 'Jaen', 'Jaen');
insert into zones (zone_id, zone_country_id, zone_code, zone_name) values ('156', '195', 'La Rioja', 'La Rioja');
insert into zones (zone_id, zone_country_id, zone_code, zone_name) values ('157', '195', 'Las Palmas', 'Las Palmas');
insert into zones (zone_id, zone_country_id, zone_code, zone_name) values ('158', '195', 'Leon', 'Leon');
insert into zones (zone_id, zone_country_id, zone_code, zone_name) values ('159', '195', 'Lleida', 'Lleida');
insert into zones (zone_id, zone_country_id, zone_code, zone_name) values ('160', '195', 'Lugo', 'Lugo');
insert into zones (zone_id, zone_country_id, zone_code, zone_name) values ('161', '195', 'Madrid', 'Madrid');
insert into zones (zone_id, zone_country_id, zone_code, zone_name) values ('162', '195', 'Malaga', 'Malaga');
insert into zones (zone_id, zone_country_id, zone_code, zone_name) values ('163', '195', 'Melilla', 'Melilla');
insert into zones (zone_id, zone_country_id, zone_code, zone_name) values ('164', '195', 'Murcia', 'Murcia');
insert into zones (zone_id, zone_country_id, zone_code, zone_name) values ('165', '195', 'Navarra', 'Navarra');
insert into zones (zone_id, zone_country_id, zone_code, zone_name) values ('166', '195', 'Ourense', 'Ourense');
insert into zones (zone_id, zone_country_id, zone_code, zone_name) values ('167', '195', 'Palencia', 'Palencia');
insert into zones (zone_id, zone_country_id, zone_code, zone_name) values ('168', '195', 'Pontevedra', 'Pontevedra');
insert into zones (zone_id, zone_country_id, zone_code, zone_name) values ('169', '195', 'Salamanca', 'Salamanca');
insert into zones (zone_id, zone_country_id, zone_code, zone_name) values ('170', '195', 'Santa Cruz de Tenerife', 'Santa Cruz de Tenerife');
insert into zones (zone_id, zone_country_id, zone_code, zone_name) values ('171', '195', 'Segovia', 'Segovia');
insert into zones (zone_id, zone_country_id, zone_code, zone_name) values ('172', '195', 'Sevilla', 'Sevilla');
insert into zones (zone_id, zone_country_id, zone_code, zone_name) values ('173', '195', 'Soria', 'Soria');
insert into zones (zone_id, zone_country_id, zone_code, zone_name) values ('174', '195', 'Tarragona', 'Tarragona');
insert into zones (zone_id, zone_country_id, zone_code, zone_name) values ('175', '195', 'Teruel', 'Teruel');
insert into zones (zone_id, zone_country_id, zone_code, zone_name) values ('176', '195', 'Toledo', 'Toledo');
insert into zones (zone_id, zone_country_id, zone_code, zone_name) values ('177', '195', 'Valencia', 'Valencia');
insert into zones (zone_id, zone_country_id, zone_code, zone_name) values ('178', '195', 'Valladolid', 'Valladolid');
insert into zones (zone_id, zone_country_id, zone_code, zone_name) values ('179', '195', 'Vizcaya', 'Vizcaya');
insert into zones (zone_id, zone_country_id, zone_code, zone_name) values ('180', '195', 'Zamora', 'Zamora');
insert into zones (zone_id, zone_country_id, zone_code, zone_name) values ('181', '195', 'Zaragoza', 'Zaragoza');
insert into zones (zone_id, zone_country_id, zone_code, zone_name) values ('182', '195', 'canarias', 'Islas Canarias');
drop table if exists zones_to_geo_zones;
create table zones_to_geo_zones (
  association_id int(11) not null auto_increment,
  zone_country_id int(11) default '0' not null ,
  zone_id int(11) ,
  geo_zone_id int(11) ,
  last_modified datetime ,
  date_added datetime default '0000-00-00 00:00:00' not null ,
  PRIMARY KEY (association_id),
  KEY geo_zone_id (geo_zone_id)
);

insert into zones_to_geo_zones (association_id, zone_country_id, zone_id, geo_zone_id, last_modified, date_added) values ('1', '195', '133', '1', '2008-03-11 21:43:09', '2005-07-07 10:38:23');
insert into zones_to_geo_zones (association_id, zone_country_id, zone_id, geo_zone_id, last_modified, date_added) values ('2', '1', NULL, '2', '2008-03-11 01:15:30', '2008-03-11 01:08:46');
insert into zones_to_geo_zones (association_id, zone_country_id, zone_id, geo_zone_id, last_modified, date_added) values ('3', '2', '0', '2', NULL, '2008-03-11 01:15:36');
insert into zones_to_geo_zones (association_id, zone_country_id, zone_id, geo_zone_id, last_modified, date_added) values ('4', '3', '0', '2', NULL, '2008-03-11 01:15:43');
insert into zones_to_geo_zones (association_id, zone_country_id, zone_id, geo_zone_id, last_modified, date_added) values ('5', '4', '0', '2', NULL, '2008-03-11 01:15:52');
insert into zones_to_geo_zones (association_id, zone_country_id, zone_id, geo_zone_id, last_modified, date_added) values ('6', '5', '0', '2', NULL, '2008-03-11 01:16:04');
insert into zones_to_geo_zones (association_id, zone_country_id, zone_id, geo_zone_id, last_modified, date_added) values ('7', '6', '0', '2', NULL, '2008-03-11 01:16:23');
insert into zones_to_geo_zones (association_id, zone_country_id, zone_id, geo_zone_id, last_modified, date_added) values ('8', '7', '0', '2', NULL, '2008-03-11 01:16:29');
insert into zones_to_geo_zones (association_id, zone_country_id, zone_id, geo_zone_id, last_modified, date_added) values ('9', '8', '0', '2', NULL, '2008-03-11 01:16:37');
insert into zones_to_geo_zones (association_id, zone_country_id, zone_id, geo_zone_id, last_modified, date_added) values ('10', '9', '0', '2', NULL, '2008-03-11 01:16:47');
insert into zones_to_geo_zones (association_id, zone_country_id, zone_id, geo_zone_id, last_modified, date_added) values ('11', '10', '0', '2', NULL, '2008-03-11 01:18:11');
insert into zones_to_geo_zones (association_id, zone_country_id, zone_id, geo_zone_id, last_modified, date_added) values ('12', '11', '0', '2', NULL, '2008-03-11 01:19:55');
insert into zones_to_geo_zones (association_id, zone_country_id, zone_id, geo_zone_id, last_modified, date_added) values ('13', '12', '0', '2', NULL, '2008-03-11 01:20:04');
insert into zones_to_geo_zones (association_id, zone_country_id, zone_id, geo_zone_id, last_modified, date_added) values ('14', '13', '0', '2', NULL, '2008-03-11 01:20:14');
insert into zones_to_geo_zones (association_id, zone_country_id, zone_id, geo_zone_id, last_modified, date_added) values ('15', '14', '0', '2', NULL, '2008-03-11 01:20:22');
insert into zones_to_geo_zones (association_id, zone_country_id, zone_id, geo_zone_id, last_modified, date_added) values ('16', '15', '0', '2', NULL, '2008-03-11 01:20:37');
insert into zones_to_geo_zones (association_id, zone_country_id, zone_id, geo_zone_id, last_modified, date_added) values ('17', '16', '0', '2', NULL, '2008-03-11 01:20:44');
insert into zones_to_geo_zones (association_id, zone_country_id, zone_id, geo_zone_id, last_modified, date_added) values ('18', '17', '0', '2', NULL, '2008-03-11 01:21:10');
insert into zones_to_geo_zones (association_id, zone_country_id, zone_id, geo_zone_id, last_modified, date_added) values ('19', '18', '0', '2', NULL, '2008-03-11 01:21:18');
insert into zones_to_geo_zones (association_id, zone_country_id, zone_id, geo_zone_id, last_modified, date_added) values ('20', '19', '0', '2', NULL, '2008-03-11 01:21:25');
insert into zones_to_geo_zones (association_id, zone_country_id, zone_id, geo_zone_id, last_modified, date_added) values ('21', '20', '0', '2', NULL, '2008-03-11 01:21:52');
insert into zones_to_geo_zones (association_id, zone_country_id, zone_id, geo_zone_id, last_modified, date_added) values ('22', '21', '0', '2', NULL, '2008-03-11 01:22:11');
insert into zones_to_geo_zones (association_id, zone_country_id, zone_id, geo_zone_id, last_modified, date_added) values ('23', '22', '0', '2', NULL, '2008-03-11 01:22:22');
insert into zones_to_geo_zones (association_id, zone_country_id, zone_id, geo_zone_id, last_modified, date_added) values ('24', '23', '0', '2', NULL, '2008-03-11 01:22:30');
insert into zones_to_geo_zones (association_id, zone_country_id, zone_id, geo_zone_id, last_modified, date_added) values ('27', '25', '0', '2', NULL, '2008-03-11 01:23:10');
insert into zones_to_geo_zones (association_id, zone_country_id, zone_id, geo_zone_id, last_modified, date_added) values ('26', '24', '0', '2', NULL, '2008-03-11 01:22:46');
insert into zones_to_geo_zones (association_id, zone_country_id, zone_id, geo_zone_id, last_modified, date_added) values ('28', '26', '0', '2', NULL, '2008-03-11 01:23:29');
insert into zones_to_geo_zones (association_id, zone_country_id, zone_id, geo_zone_id, last_modified, date_added) values ('29', '27', '0', '2', NULL, '2008-03-11 01:23:36');
insert into zones_to_geo_zones (association_id, zone_country_id, zone_id, geo_zone_id, last_modified, date_added) values ('30', '28', '0', '2', NULL, '2008-03-11 01:23:43');
insert into zones_to_geo_zones (association_id, zone_country_id, zone_id, geo_zone_id, last_modified, date_added) values ('31', '29', '0', '2', NULL, '2008-03-11 01:24:04');
insert into zones_to_geo_zones (association_id, zone_country_id, zone_id, geo_zone_id, last_modified, date_added) values ('32', '167', '0', '2', NULL, '2008-03-11 01:43:08');
insert into zones_to_geo_zones (association_id, zone_country_id, zone_id, geo_zone_id, last_modified, date_added) values ('33', '195', '138', '3', NULL, '2008-03-11 06:28:14');
insert into zones_to_geo_zones (association_id, zone_country_id, zone_id, geo_zone_id, last_modified, date_added) values ('34', '195', '145', '3', NULL, '2008-03-11 06:28:35');
insert into zones_to_geo_zones (association_id, zone_country_id, zone_id, geo_zone_id, last_modified, date_added) values ('35', '195', '163', '3', NULL, '2008-03-11 06:29:10');
insert into zones_to_geo_zones (association_id, zone_country_id, zone_id, geo_zone_id, last_modified, date_added) values ('36', '195', '182', '3', NULL, '2008-03-11 06:31:00');
insert into zones_to_geo_zones (association_id, zone_country_id, zone_id, geo_zone_id, last_modified, date_added) values ('38', '195', '131', '1', NULL, '2008-03-11 21:42:00');
insert into zones_to_geo_zones (association_id, zone_country_id, zone_id, geo_zone_id, last_modified, date_added) values ('39', '195', '132', '1', NULL, '2008-03-11 21:42:34');
insert into zones_to_geo_zones (association_id, zone_country_id, zone_id, geo_zone_id, last_modified, date_added) values ('40', '195', '130', '1', NULL, '2008-03-11 21:43:47');
insert into zones_to_geo_zones (association_id, zone_country_id, zone_id, geo_zone_id, last_modified, date_added) values ('41', '195', '134', '1', NULL, '2008-03-11 21:44:15');
insert into zones_to_geo_zones (association_id, zone_country_id, zone_id, geo_zone_id, last_modified, date_added) values ('42', '195', '135', '1', NULL, '2008-03-11 21:44:35');
insert into zones_to_geo_zones (association_id, zone_country_id, zone_id, geo_zone_id, last_modified, date_added) values ('43', '195', '136', '1', NULL, '2008-03-11 21:45:01');
insert into zones_to_geo_zones (association_id, zone_country_id, zone_id, geo_zone_id, last_modified, date_added) values ('44', '195', '137', '1', NULL, '2008-03-11 21:45:23');
insert into zones_to_geo_zones (association_id, zone_country_id, zone_id, geo_zone_id, last_modified, date_added) values ('45', '195', '139', '1', NULL, '2008-03-11 21:46:04');
insert into zones_to_geo_zones (association_id, zone_country_id, zone_id, geo_zone_id, last_modified, date_added) values ('46', '195', '140', '1', NULL, '2008-03-11 21:46:19');
insert into zones_to_geo_zones (association_id, zone_country_id, zone_id, geo_zone_id, last_modified, date_added) values ('47', '195', '141', '1', NULL, '2008-03-11 21:46:34');
insert into zones_to_geo_zones (association_id, zone_country_id, zone_id, geo_zone_id, last_modified, date_added) values ('48', '195', '142', '1', NULL, '2008-03-11 21:46:53');
insert into zones_to_geo_zones (association_id, zone_country_id, zone_id, geo_zone_id, last_modified, date_added) values ('49', '195', '143', '1', NULL, '2008-03-11 21:47:10');
insert into zones_to_geo_zones (association_id, zone_country_id, zone_id, geo_zone_id, last_modified, date_added) values ('50', '195', '144', '1', NULL, '2008-03-11 21:47:54');
insert into zones_to_geo_zones (association_id, zone_country_id, zone_id, geo_zone_id, last_modified, date_added) values ('51', '195', '146', '1', NULL, '2008-03-11 21:48:13');
insert into zones_to_geo_zones (association_id, zone_country_id, zone_id, geo_zone_id, last_modified, date_added) values ('52', '195', '147', '1', NULL, '2008-03-11 21:49:39');
insert into zones_to_geo_zones (association_id, zone_country_id, zone_id, geo_zone_id, last_modified, date_added) values ('53', '195', '148', '1', NULL, '2008-03-11 21:54:05');
insert into zones_to_geo_zones (association_id, zone_country_id, zone_id, geo_zone_id, last_modified, date_added) values ('54', '195', '149', '1', NULL, '2008-03-11 21:54:28');
insert into zones_to_geo_zones (association_id, zone_country_id, zone_id, geo_zone_id, last_modified, date_added) values ('55', '195', '150', '1', NULL, '2008-03-11 21:55:14');
insert into zones_to_geo_zones (association_id, zone_country_id, zone_id, geo_zone_id, last_modified, date_added) values ('56', '195', '151', '1', NULL, '2008-03-11 21:55:38');
insert into zones_to_geo_zones (association_id, zone_country_id, zone_id, geo_zone_id, last_modified, date_added) values ('57', '195', '152', '1', NULL, '2008-03-11 21:56:00');
insert into zones_to_geo_zones (association_id, zone_country_id, zone_id, geo_zone_id, last_modified, date_added) values ('58', '195', '153', '1', NULL, '2008-03-11 21:56:20');
insert into zones_to_geo_zones (association_id, zone_country_id, zone_id, geo_zone_id, last_modified, date_added) values ('59', '195', '154', '1', NULL, '2008-03-11 21:56:34');
insert into zones_to_geo_zones (association_id, zone_country_id, zone_id, geo_zone_id, last_modified, date_added) values ('60', '195', '155', '1', NULL, '2008-03-11 21:56:56');
insert into zones_to_geo_zones (association_id, zone_country_id, zone_id, geo_zone_id, last_modified, date_added) values ('61', '195', '156', '1', NULL, '2008-03-11 21:57:16');
insert into zones_to_geo_zones (association_id, zone_country_id, zone_id, geo_zone_id, last_modified, date_added) values ('62', '195', '157', '1', NULL, '2008-03-11 21:57:32');
insert into zones_to_geo_zones (association_id, zone_country_id, zone_id, geo_zone_id, last_modified, date_added) values ('63', '195', '158', '1', NULL, '2008-03-11 21:57:48');
insert into zones_to_geo_zones (association_id, zone_country_id, zone_id, geo_zone_id, last_modified, date_added) values ('64', '195', '159', '1', NULL, '2008-03-11 21:58:02');
insert into zones_to_geo_zones (association_id, zone_country_id, zone_id, geo_zone_id, last_modified, date_added) values ('65', '195', '160', '1', NULL, '2008-03-11 21:58:16');
insert into zones_to_geo_zones (association_id, zone_country_id, zone_id, geo_zone_id, last_modified, date_added) values ('66', '195', '161', '1', NULL, '2008-03-11 21:58:32');
insert into zones_to_geo_zones (association_id, zone_country_id, zone_id, geo_zone_id, last_modified, date_added) values ('67', '195', '162', '1', NULL, '2008-03-11 21:58:48');
insert into zones_to_geo_zones (association_id, zone_country_id, zone_id, geo_zone_id, last_modified, date_added) values ('68', '195', '164', '1', NULL, '2008-03-11 21:59:12');
insert into zones_to_geo_zones (association_id, zone_country_id, zone_id, geo_zone_id, last_modified, date_added) values ('69', '195', '165', '1', NULL, '2008-03-11 21:59:31');
insert into zones_to_geo_zones (association_id, zone_country_id, zone_id, geo_zone_id, last_modified, date_added) values ('70', '195', '166', '1', NULL, '2008-03-11 21:59:52');
insert into zones_to_geo_zones (association_id, zone_country_id, zone_id, geo_zone_id, last_modified, date_added) values ('71', '195', '167', '1', NULL, '2008-03-11 22:00:34');
insert into zones_to_geo_zones (association_id, zone_country_id, zone_id, geo_zone_id, last_modified, date_added) values ('72', '195', '168', '1', NULL, '2008-03-11 22:00:54');
insert into zones_to_geo_zones (association_id, zone_country_id, zone_id, geo_zone_id, last_modified, date_added) values ('73', '195', '169', '1', NULL, '2008-03-11 22:01:45');
insert into zones_to_geo_zones (association_id, zone_country_id, zone_id, geo_zone_id, last_modified, date_added) values ('74', '195', '170', '1', NULL, '2008-03-11 22:01:45');
insert into zones_to_geo_zones (association_id, zone_country_id, zone_id, geo_zone_id, last_modified, date_added) values ('75', '195', '171', '1', NULL, '2008-03-11 22:01:45');
insert into zones_to_geo_zones (association_id, zone_country_id, zone_id, geo_zone_id, last_modified, date_added) values ('76', '195', '172', '1', NULL, '2008-03-11 22:01:45');
insert into zones_to_geo_zones (association_id, zone_country_id, zone_id, geo_zone_id, last_modified, date_added) values ('77', '195', '173', '1', NULL, '2008-03-11 22:01:46');
insert into zones_to_geo_zones (association_id, zone_country_id, zone_id, geo_zone_id, last_modified, date_added) values ('78', '195', '174', '1', NULL, '2008-03-11 22:01:47');
insert into zones_to_geo_zones (association_id, zone_country_id, zone_id, geo_zone_id, last_modified, date_added) values ('79', '195', '175', '1', NULL, '2008-03-11 22:01:48');
insert into zones_to_geo_zones (association_id, zone_country_id, zone_id, geo_zone_id, last_modified, date_added) values ('80', '195', '176', '1', NULL, '2008-03-11 22:01:49');
insert into zones_to_geo_zones (association_id, zone_country_id, zone_id, geo_zone_id, last_modified, date_added) values ('81', '195', '177', '1', NULL, '2008-03-11 22:01:50');
insert into zones_to_geo_zones (association_id, zone_country_id, zone_id, geo_zone_id, last_modified, date_added) values ('82', '195', '178', '1', NULL, '2008-03-11 22:01:51');
insert into zones_to_geo_zones (association_id, zone_country_id, zone_id, geo_zone_id, last_modified, date_added) values ('83', '195', '179', '1', NULL, '2008-03-11 22:01:52');
insert into zones_to_geo_zones (association_id, zone_country_id, zone_id, geo_zone_id, last_modified, date_added) values ('84', '195', '180', '1', NULL, '2008-03-11 22:07:41');
insert into zones_to_geo_zones (association_id, zone_country_id, zone_id, geo_zone_id, last_modified, date_added) values ('85', '195', '181', '1', NULL, '2008-03-11 22:07:57');
insert into zones_to_geo_zones (association_id, zone_country_id, zone_id, geo_zone_id, last_modified, date_added) values ('86', '223', '0', '2', NULL, '2008-03-11 22:11:55');
insert into zones_to_geo_zones (association_id, zone_country_id, zone_id, geo_zone_id, last_modified, date_added) values ('87', '30', '0', '2', NULL, '2008-03-11 22:14:10');
insert into zones_to_geo_zones (association_id, zone_country_id, zone_id, geo_zone_id, last_modified, date_added) values ('88', '31', '0', '2', NULL, '2008-03-11 01:16:29');
insert into zones_to_geo_zones (association_id, zone_country_id, zone_id, geo_zone_id, last_modified, date_added) values ('89', '32', '0', '2', NULL, '2008-03-11 01:16:29');
insert into zones_to_geo_zones (association_id, zone_country_id, zone_id, geo_zone_id, last_modified, date_added) values ('90', '33', '0', '2', NULL, '2008-03-11 01:16:30');
insert into zones_to_geo_zones (association_id, zone_country_id, zone_id, geo_zone_id, last_modified, date_added) values ('91', '34', '0', '2', NULL, '2008-03-11 01:16:31');
insert into zones_to_geo_zones (association_id, zone_country_id, zone_id, geo_zone_id, last_modified, date_added) values ('92', '35', '0', '2', NULL, '2008-03-11 01:16:32');
insert into zones_to_geo_zones (association_id, zone_country_id, zone_id, geo_zone_id, last_modified, date_added) values ('93', '36', '0', '2', NULL, '2008-03-11 01:16:33');
insert into zones_to_geo_zones (association_id, zone_country_id, zone_id, geo_zone_id, last_modified, date_added) values ('94', '37', '0', '2', NULL, '2008-03-11 01:16:34');
insert into zones_to_geo_zones (association_id, zone_country_id, zone_id, geo_zone_id, last_modified, date_added) values ('95', '38', '0', '2', NULL, '2008-03-11 01:16:35');
insert into zones_to_geo_zones (association_id, zone_country_id, zone_id, geo_zone_id, last_modified, date_added) values ('96', '39', '0', '2', NULL, '2008-03-11 01:16:36');
insert into zones_to_geo_zones (association_id, zone_country_id, zone_id, geo_zone_id, last_modified, date_added) values ('97', '40', '0', '2', NULL, '2008-03-11 01:16:37');
insert into zones_to_geo_zones (association_id, zone_country_id, zone_id, geo_zone_id, last_modified, date_added) values ('98', '41', '0', '2', NULL, '2008-03-11 01:16:38');
insert into zones_to_geo_zones (association_id, zone_country_id, zone_id, geo_zone_id, last_modified, date_added) values ('99', '42', '0', '2', NULL, '2008-03-11 01:16:29');
insert into zones_to_geo_zones (association_id, zone_country_id, zone_id, geo_zone_id, last_modified, date_added) values ('100', '43', '0', '2', NULL, '2008-03-11 01:16:30');
insert into zones_to_geo_zones (association_id, zone_country_id, zone_id, geo_zone_id, last_modified, date_added) values ('101', '44', '0', '2', NULL, '2008-03-11 01:16:31');
insert into zones_to_geo_zones (association_id, zone_country_id, zone_id, geo_zone_id, last_modified, date_added) values ('102', '45', '0', '2', NULL, '2008-03-11 01:16:32');
insert into zones_to_geo_zones (association_id, zone_country_id, zone_id, geo_zone_id, last_modified, date_added) values ('103', '46', '0', '2', NULL, '2008-03-11 01:16:33');
insert into zones_to_geo_zones (association_id, zone_country_id, zone_id, geo_zone_id, last_modified, date_added) values ('104', '47', '0', '2', NULL, '2008-03-11 01:16:34');
insert into zones_to_geo_zones (association_id, zone_country_id, zone_id, geo_zone_id, last_modified, date_added) values ('105', '48', '0', '2', NULL, '2008-03-11 01:16:35');
insert into zones_to_geo_zones (association_id, zone_country_id, zone_id, geo_zone_id, last_modified, date_added) values ('106', '49', '0', '2', NULL, '2008-03-11 01:16:36');
insert into zones_to_geo_zones (association_id, zone_country_id, zone_id, geo_zone_id, last_modified, date_added) values ('107', '50', '0', '2', NULL, '2008-03-11 01:16:37');
insert into zones_to_geo_zones (association_id, zone_country_id, zone_id, geo_zone_id, last_modified, date_added) values ('108', '51', '0', '2', NULL, '2008-03-11 01:16:38');
insert into zones_to_geo_zones (association_id, zone_country_id, zone_id, geo_zone_id, last_modified, date_added) values ('109', '52', '0', '2', NULL, '2008-03-11 01:16:29');
insert into zones_to_geo_zones (association_id, zone_country_id, zone_id, geo_zone_id, last_modified, date_added) values ('110', '53', '0', '2', NULL, '2008-03-11 01:16:30');
insert into zones_to_geo_zones (association_id, zone_country_id, zone_id, geo_zone_id, last_modified, date_added) values ('111', '54', '0', '2', NULL, '2008-03-11 01:16:31');
insert into zones_to_geo_zones (association_id, zone_country_id, zone_id, geo_zone_id, last_modified, date_added) values ('112', '55', '0', '2', NULL, '2008-03-11 01:16:32');
insert into zones_to_geo_zones (association_id, zone_country_id, zone_id, geo_zone_id, last_modified, date_added) values ('113', '56', '0', '2', NULL, '2008-03-11 01:16:33');
insert into zones_to_geo_zones (association_id, zone_country_id, zone_id, geo_zone_id, last_modified, date_added) values ('114', '57', '0', '2', NULL, '2008-03-11 01:16:34');
insert into zones_to_geo_zones (association_id, zone_country_id, zone_id, geo_zone_id, last_modified, date_added) values ('115', '58', '0', '2', NULL, '2008-03-11 01:16:35');
insert into zones_to_geo_zones (association_id, zone_country_id, zone_id, geo_zone_id, last_modified, date_added) values ('116', '59', '0', '2', NULL, '2008-03-11 01:16:36');
insert into zones_to_geo_zones (association_id, zone_country_id, zone_id, geo_zone_id, last_modified, date_added) values ('117', '60', '0', '2', NULL, '2008-03-11 01:16:37');
insert into zones_to_geo_zones (association_id, zone_country_id, zone_id, geo_zone_id, last_modified, date_added) values ('118', '61', '0', '2', NULL, '2008-03-11 01:16:38');
insert into zones_to_geo_zones (association_id, zone_country_id, zone_id, geo_zone_id, last_modified, date_added) values ('119', '62', '0', '2', NULL, '2008-03-11 01:16:29');
insert into zones_to_geo_zones (association_id, zone_country_id, zone_id, geo_zone_id, last_modified, date_added) values ('120', '63', '0', '2', NULL, '2008-03-11 01:16:30');
insert into zones_to_geo_zones (association_id, zone_country_id, zone_id, geo_zone_id, last_modified, date_added) values ('121', '64', '0', '2', NULL, '2008-03-11 01:16:31');
insert into zones_to_geo_zones (association_id, zone_country_id, zone_id, geo_zone_id, last_modified, date_added) values ('122', '65', '0', '2', NULL, '2008-03-11 01:16:32');
insert into zones_to_geo_zones (association_id, zone_country_id, zone_id, geo_zone_id, last_modified, date_added) values ('123', '66', '0', '2', NULL, '2008-03-11 01:16:33');
insert into zones_to_geo_zones (association_id, zone_country_id, zone_id, geo_zone_id, last_modified, date_added) values ('124', '67', '0', '2', NULL, '2008-03-11 01:16:34');
insert into zones_to_geo_zones (association_id, zone_country_id, zone_id, geo_zone_id, last_modified, date_added) values ('125', '68', '0', '2', NULL, '2008-03-11 01:16:35');
insert into zones_to_geo_zones (association_id, zone_country_id, zone_id, geo_zone_id, last_modified, date_added) values ('126', '69', '0', '2', NULL, '2008-03-11 01:16:36');
insert into zones_to_geo_zones (association_id, zone_country_id, zone_id, geo_zone_id, last_modified, date_added) values ('127', '70', '0', '2', NULL, '2008-03-11 01:16:37');
insert into zones_to_geo_zones (association_id, zone_country_id, zone_id, geo_zone_id, last_modified, date_added) values ('128', '71', '0', '2', NULL, '2008-03-11 01:16:38');
insert into zones_to_geo_zones (association_id, zone_country_id, zone_id, geo_zone_id, last_modified, date_added) values ('129', '72', '0', '2', NULL, '2008-03-11 01:16:29');
insert into zones_to_geo_zones (association_id, zone_country_id, zone_id, geo_zone_id, last_modified, date_added) values ('130', '73', '0', '2', NULL, '2008-03-11 01:16:30');
insert into zones_to_geo_zones (association_id, zone_country_id, zone_id, geo_zone_id, last_modified, date_added) values ('131', '74', '0', '2', NULL, '2008-03-11 01:16:31');
insert into zones_to_geo_zones (association_id, zone_country_id, zone_id, geo_zone_id, last_modified, date_added) values ('132', '75', '0', '2', NULL, '2008-03-11 01:16:32');
insert into zones_to_geo_zones (association_id, zone_country_id, zone_id, geo_zone_id, last_modified, date_added) values ('133', '76', '0', '2', NULL, '2008-03-11 01:16:33');
insert into zones_to_geo_zones (association_id, zone_country_id, zone_id, geo_zone_id, last_modified, date_added) values ('134', '77', '0', '2', NULL, '2008-03-11 01:16:34');
insert into zones_to_geo_zones (association_id, zone_country_id, zone_id, geo_zone_id, last_modified, date_added) values ('135', '78', '0', '2', NULL, '2008-03-11 01:16:35');
insert into zones_to_geo_zones (association_id, zone_country_id, zone_id, geo_zone_id, last_modified, date_added) values ('136', '79', '0', '2', NULL, '2008-03-11 01:16:36');
insert into zones_to_geo_zones (association_id, zone_country_id, zone_id, geo_zone_id, last_modified, date_added) values ('137', '80', '0', '2', NULL, '2008-03-11 01:16:37');
insert into zones_to_geo_zones (association_id, zone_country_id, zone_id, geo_zone_id, last_modified, date_added) values ('138', '81', '0', '2', NULL, '2008-03-11 01:16:38');
insert into zones_to_geo_zones (association_id, zone_country_id, zone_id, geo_zone_id, last_modified, date_added) values ('139', '82', '0', '2', NULL, '2008-03-11 01:16:29');
insert into zones_to_geo_zones (association_id, zone_country_id, zone_id, geo_zone_id, last_modified, date_added) values ('140', '83', '0', '2', NULL, '2008-03-11 01:16:30');
insert into zones_to_geo_zones (association_id, zone_country_id, zone_id, geo_zone_id, last_modified, date_added) values ('141', '84', '0', '2', NULL, '2008-03-11 01:16:31');
insert into zones_to_geo_zones (association_id, zone_country_id, zone_id, geo_zone_id, last_modified, date_added) values ('142', '85', '0', '2', NULL, '2008-03-11 01:16:32');
insert into zones_to_geo_zones (association_id, zone_country_id, zone_id, geo_zone_id, last_modified, date_added) values ('143', '86', '0', '2', NULL, '2008-03-11 01:16:33');
insert into zones_to_geo_zones (association_id, zone_country_id, zone_id, geo_zone_id, last_modified, date_added) values ('144', '87', '0', '2', NULL, '2008-03-11 01:16:34');
insert into zones_to_geo_zones (association_id, zone_country_id, zone_id, geo_zone_id, last_modified, date_added) values ('145', '88', '0', '2', NULL, '2008-03-11 01:16:35');
insert into zones_to_geo_zones (association_id, zone_country_id, zone_id, geo_zone_id, last_modified, date_added) values ('146', '89', '0', '2', NULL, '2008-03-11 01:16:36');
insert into zones_to_geo_zones (association_id, zone_country_id, zone_id, geo_zone_id, last_modified, date_added) values ('147', '90', '0', '2', NULL, '2008-03-11 01:16:37');
insert into zones_to_geo_zones (association_id, zone_country_id, zone_id, geo_zone_id, last_modified, date_added) values ('148', '91', '0', '2', NULL, '2008-03-11 01:16:38');
insert into zones_to_geo_zones (association_id, zone_country_id, zone_id, geo_zone_id, last_modified, date_added) values ('149', '92', '0', '2', NULL, '2008-03-11 01:16:29');
insert into zones_to_geo_zones (association_id, zone_country_id, zone_id, geo_zone_id, last_modified, date_added) values ('150', '93', '0', '2', NULL, '2008-03-11 01:16:30');
insert into zones_to_geo_zones (association_id, zone_country_id, zone_id, geo_zone_id, last_modified, date_added) values ('151', '94', '0', '2', NULL, '2008-03-11 01:16:31');
insert into zones_to_geo_zones (association_id, zone_country_id, zone_id, geo_zone_id, last_modified, date_added) values ('152', '95', '0', '2', NULL, '2008-03-11 01:16:32');
insert into zones_to_geo_zones (association_id, zone_country_id, zone_id, geo_zone_id, last_modified, date_added) values ('153', '96', '0', '2', NULL, '2008-03-11 01:16:33');
insert into zones_to_geo_zones (association_id, zone_country_id, zone_id, geo_zone_id, last_modified, date_added) values ('154', '97', '0', '2', NULL, '2008-03-11 01:16:34');
insert into zones_to_geo_zones (association_id, zone_country_id, zone_id, geo_zone_id, last_modified, date_added) values ('155', '98', '0', '2', NULL, '2008-03-11 01:16:35');
insert into zones_to_geo_zones (association_id, zone_country_id, zone_id, geo_zone_id, last_modified, date_added) values ('156', '99', '0', '2', NULL, '2008-03-11 01:16:36');
insert into zones_to_geo_zones (association_id, zone_country_id, zone_id, geo_zone_id, last_modified, date_added) values ('157', '100', '0', '2', NULL, '2008-03-11 01:16:37');
insert into zones_to_geo_zones (association_id, zone_country_id, zone_id, geo_zone_id, last_modified, date_added) values ('158', '101', '0', '2', NULL, '2008-03-11 01:16:38');
insert into zones_to_geo_zones (association_id, zone_country_id, zone_id, geo_zone_id, last_modified, date_added) values ('159', '102', '0', '2', NULL, '2008-03-11 01:16:29');
insert into zones_to_geo_zones (association_id, zone_country_id, zone_id, geo_zone_id, last_modified, date_added) values ('160', '103', '0', '2', NULL, '2008-03-11 01:16:30');
insert into zones_to_geo_zones (association_id, zone_country_id, zone_id, geo_zone_id, last_modified, date_added) values ('161', '104', '0', '2', NULL, '2008-03-11 01:16:31');
insert into zones_to_geo_zones (association_id, zone_country_id, zone_id, geo_zone_id, last_modified, date_added) values ('162', '105', '0', '2', NULL, '2008-03-11 01:16:32');
insert into zones_to_geo_zones (association_id, zone_country_id, zone_id, geo_zone_id, last_modified, date_added) values ('163', '106', '0', '2', NULL, '2008-03-11 01:16:33');
insert into zones_to_geo_zones (association_id, zone_country_id, zone_id, geo_zone_id, last_modified, date_added) values ('164', '107', '0', '2', NULL, '2008-03-11 01:16:34');
insert into zones_to_geo_zones (association_id, zone_country_id, zone_id, geo_zone_id, last_modified, date_added) values ('165', '108', '0', '2', NULL, '2008-03-11 01:16:35');
insert into zones_to_geo_zones (association_id, zone_country_id, zone_id, geo_zone_id, last_modified, date_added) values ('166', '109', '0', '2', NULL, '2008-03-11 01:16:36');
insert into zones_to_geo_zones (association_id, zone_country_id, zone_id, geo_zone_id, last_modified, date_added) values ('167', '110', '0', '2', NULL, '2008-03-11 01:16:37');
insert into zones_to_geo_zones (association_id, zone_country_id, zone_id, geo_zone_id, last_modified, date_added) values ('168', '111', '0', '2', NULL, '2008-03-11 01:16:38');
insert into zones_to_geo_zones (association_id, zone_country_id, zone_id, geo_zone_id, last_modified, date_added) values ('169', '112', '0', '2', NULL, '2008-03-11 01:16:29');
insert into zones_to_geo_zones (association_id, zone_country_id, zone_id, geo_zone_id, last_modified, date_added) values ('170', '113', '0', '2', NULL, '2008-03-11 01:16:30');
insert into zones_to_geo_zones (association_id, zone_country_id, zone_id, geo_zone_id, last_modified, date_added) values ('171', '114', '0', '2', NULL, '2008-03-11 01:16:31');
insert into zones_to_geo_zones (association_id, zone_country_id, zone_id, geo_zone_id, last_modified, date_added) values ('172', '115', '0', '2', NULL, '2008-03-11 01:16:32');
insert into zones_to_geo_zones (association_id, zone_country_id, zone_id, geo_zone_id, last_modified, date_added) values ('173', '116', '0', '2', NULL, '2008-03-11 01:16:33');
insert into zones_to_geo_zones (association_id, zone_country_id, zone_id, geo_zone_id, last_modified, date_added) values ('174', '117', '0', '2', NULL, '2008-03-11 01:16:34');
insert into zones_to_geo_zones (association_id, zone_country_id, zone_id, geo_zone_id, last_modified, date_added) values ('175', '118', '0', '2', NULL, '2008-03-11 01:16:35');
insert into zones_to_geo_zones (association_id, zone_country_id, zone_id, geo_zone_id, last_modified, date_added) values ('176', '119', '0', '2', NULL, '2008-03-11 01:16:36');
insert into zones_to_geo_zones (association_id, zone_country_id, zone_id, geo_zone_id, last_modified, date_added) values ('177', '120', '0', '2', NULL, '2008-03-11 01:16:37');
insert into zones_to_geo_zones (association_id, zone_country_id, zone_id, geo_zone_id, last_modified, date_added) values ('178', '121', '0', '2', NULL, '2008-03-11 01:16:38');
insert into zones_to_geo_zones (association_id, zone_country_id, zone_id, geo_zone_id, last_modified, date_added) values ('179', '122', '0', '2', NULL, '2008-03-11 01:16:29');
insert into zones_to_geo_zones (association_id, zone_country_id, zone_id, geo_zone_id, last_modified, date_added) values ('180', '123', '0', '2', NULL, '2008-03-11 01:16:30');
insert into zones_to_geo_zones (association_id, zone_country_id, zone_id, geo_zone_id, last_modified, date_added) values ('181', '124', '0', '2', NULL, '2008-03-11 01:16:31');
insert into zones_to_geo_zones (association_id, zone_country_id, zone_id, geo_zone_id, last_modified, date_added) values ('182', '125', '0', '2', NULL, '2008-03-11 01:16:32');
insert into zones_to_geo_zones (association_id, zone_country_id, zone_id, geo_zone_id, last_modified, date_added) values ('183', '126', '0', '2', NULL, '2008-03-11 01:16:33');
insert into zones_to_geo_zones (association_id, zone_country_id, zone_id, geo_zone_id, last_modified, date_added) values ('184', '127', '0', '2', NULL, '2008-03-11 01:16:34');
insert into zones_to_geo_zones (association_id, zone_country_id, zone_id, geo_zone_id, last_modified, date_added) values ('185', '128', '0', '2', NULL, '2008-03-11 01:16:35');
insert into zones_to_geo_zones (association_id, zone_country_id, zone_id, geo_zone_id, last_modified, date_added) values ('186', '129', '0', '2', NULL, '2008-03-11 01:16:36');
insert into zones_to_geo_zones (association_id, zone_country_id, zone_id, geo_zone_id, last_modified, date_added) values ('187', '130', '0', '2', NULL, '2008-03-11 01:16:37');
insert into zones_to_geo_zones (association_id, zone_country_id, zone_id, geo_zone_id, last_modified, date_added) values ('188', '131', '0', '2', NULL, '2008-03-11 01:16:38');
insert into zones_to_geo_zones (association_id, zone_country_id, zone_id, geo_zone_id, last_modified, date_added) values ('189', '132', '0', '2', NULL, '2008-03-11 01:16:29');
insert into zones_to_geo_zones (association_id, zone_country_id, zone_id, geo_zone_id, last_modified, date_added) values ('190', '133', '0', '2', NULL, '2008-03-11 01:16:30');
insert into zones_to_geo_zones (association_id, zone_country_id, zone_id, geo_zone_id, last_modified, date_added) values ('191', '134', '0', '2', NULL, '2008-03-11 01:16:31');
insert into zones_to_geo_zones (association_id, zone_country_id, zone_id, geo_zone_id, last_modified, date_added) values ('192', '135', '0', '2', NULL, '2008-03-11 01:16:32');
insert into zones_to_geo_zones (association_id, zone_country_id, zone_id, geo_zone_id, last_modified, date_added) values ('193', '136', '0', '2', NULL, '2008-03-11 01:16:33');
insert into zones_to_geo_zones (association_id, zone_country_id, zone_id, geo_zone_id, last_modified, date_added) values ('194', '137', '0', '2', NULL, '2008-03-11 01:16:34');
insert into zones_to_geo_zones (association_id, zone_country_id, zone_id, geo_zone_id, last_modified, date_added) values ('195', '138', '0', '2', NULL, '2008-03-11 01:16:35');
insert into zones_to_geo_zones (association_id, zone_country_id, zone_id, geo_zone_id, last_modified, date_added) values ('196', '139', '0', '2', NULL, '2008-03-11 01:16:36');
insert into zones_to_geo_zones (association_id, zone_country_id, zone_id, geo_zone_id, last_modified, date_added) values ('197', '140', '0', '2', NULL, '2008-03-11 01:16:37');
insert into zones_to_geo_zones (association_id, zone_country_id, zone_id, geo_zone_id, last_modified, date_added) values ('198', '141', '0', '2', NULL, '2008-03-11 01:16:38');
insert into zones_to_geo_zones (association_id, zone_country_id, zone_id, geo_zone_id, last_modified, date_added) values ('199', '142', '0', '2', NULL, '2008-03-11 01:16:29');
insert into zones_to_geo_zones (association_id, zone_country_id, zone_id, geo_zone_id, last_modified, date_added) values ('200', '143', '0', '2', NULL, '2008-03-11 01:16:30');
insert into zones_to_geo_zones (association_id, zone_country_id, zone_id, geo_zone_id, last_modified, date_added) values ('201', '144', '0', '2', NULL, '2008-03-11 01:16:31');
insert into zones_to_geo_zones (association_id, zone_country_id, zone_id, geo_zone_id, last_modified, date_added) values ('202', '145', '0', '2', NULL, '2008-03-11 01:16:32');
insert into zones_to_geo_zones (association_id, zone_country_id, zone_id, geo_zone_id, last_modified, date_added) values ('203', '146', '0', '2', NULL, '2008-03-11 01:16:33');
insert into zones_to_geo_zones (association_id, zone_country_id, zone_id, geo_zone_id, last_modified, date_added) values ('204', '147', '0', '2', NULL, '2008-03-11 01:16:34');
insert into zones_to_geo_zones (association_id, zone_country_id, zone_id, geo_zone_id, last_modified, date_added) values ('205', '148', '0', '2', NULL, '2008-03-11 01:16:35');
insert into zones_to_geo_zones (association_id, zone_country_id, zone_id, geo_zone_id, last_modified, date_added) values ('206', '149', '0', '2', NULL, '2008-03-11 01:16:36');
insert into zones_to_geo_zones (association_id, zone_country_id, zone_id, geo_zone_id, last_modified, date_added) values ('207', '150', '0', '2', NULL, '2008-03-11 01:16:37');
insert into zones_to_geo_zones (association_id, zone_country_id, zone_id, geo_zone_id, last_modified, date_added) values ('208', '151', '0', '2', NULL, '2008-03-11 01:16:38');
insert into zones_to_geo_zones (association_id, zone_country_id, zone_id, geo_zone_id, last_modified, date_added) values ('209', '152', '0', '2', NULL, '2008-03-11 01:16:29');
insert into zones_to_geo_zones (association_id, zone_country_id, zone_id, geo_zone_id, last_modified, date_added) values ('210', '153', '0', '2', NULL, '2008-03-11 01:16:30');
insert into zones_to_geo_zones (association_id, zone_country_id, zone_id, geo_zone_id, last_modified, date_added) values ('211', '154', '0', '2', NULL, '2008-03-11 01:16:31');
insert into zones_to_geo_zones (association_id, zone_country_id, zone_id, geo_zone_id, last_modified, date_added) values ('212', '155', '0', '2', NULL, '2008-03-11 01:16:32');
insert into zones_to_geo_zones (association_id, zone_country_id, zone_id, geo_zone_id, last_modified, date_added) values ('213', '156', '0', '2', NULL, '2008-03-11 01:16:33');
insert into zones_to_geo_zones (association_id, zone_country_id, zone_id, geo_zone_id, last_modified, date_added) values ('214', '157', '0', '2', NULL, '2008-03-11 01:16:34');
insert into zones_to_geo_zones (association_id, zone_country_id, zone_id, geo_zone_id, last_modified, date_added) values ('215', '158', '0', '2', NULL, '2008-03-11 01:16:35');
insert into zones_to_geo_zones (association_id, zone_country_id, zone_id, geo_zone_id, last_modified, date_added) values ('216', '159', '0', '2', NULL, '2008-03-11 01:16:36');
insert into zones_to_geo_zones (association_id, zone_country_id, zone_id, geo_zone_id, last_modified, date_added) values ('217', '160', '0', '2', NULL, '2008-03-11 01:16:37');
insert into zones_to_geo_zones (association_id, zone_country_id, zone_id, geo_zone_id, last_modified, date_added) values ('218', '161', '0', '2', NULL, '2008-03-11 01:16:38');
insert into zones_to_geo_zones (association_id, zone_country_id, zone_id, geo_zone_id, last_modified, date_added) values ('219', '162', '0', '2', NULL, '2008-03-11 01:16:29');
insert into zones_to_geo_zones (association_id, zone_country_id, zone_id, geo_zone_id, last_modified, date_added) values ('220', '163', '0', '2', NULL, '2008-03-11 01:16:30');
insert into zones_to_geo_zones (association_id, zone_country_id, zone_id, geo_zone_id, last_modified, date_added) values ('221', '164', '0', '2', NULL, '2008-03-11 01:16:31');
insert into zones_to_geo_zones (association_id, zone_country_id, zone_id, geo_zone_id, last_modified, date_added) values ('222', '165', '0', '2', NULL, '2008-03-11 01:16:32');
insert into zones_to_geo_zones (association_id, zone_country_id, zone_id, geo_zone_id, last_modified, date_added) values ('223', '166', '0', '2', NULL, '2008-03-11 01:16:33');
insert into zones_to_geo_zones (association_id, zone_country_id, zone_id, geo_zone_id, last_modified, date_added) values ('224', '168', '0', '2', NULL, '2008-03-11 01:16:35');
insert into zones_to_geo_zones (association_id, zone_country_id, zone_id, geo_zone_id, last_modified, date_added) values ('225', '169', '0', '2', NULL, '2008-03-11 01:16:36');
insert into zones_to_geo_zones (association_id, zone_country_id, zone_id, geo_zone_id, last_modified, date_added) values ('226', '170', '0', '2', NULL, '2008-03-11 01:16:37');
insert into zones_to_geo_zones (association_id, zone_country_id, zone_id, geo_zone_id, last_modified, date_added) values ('227', '171', '0', '2', NULL, '2008-03-11 01:16:38');
insert into zones_to_geo_zones (association_id, zone_country_id, zone_id, geo_zone_id, last_modified, date_added) values ('228', '172', '0', '2', NULL, '2008-03-11 01:16:29');
insert into zones_to_geo_zones (association_id, zone_country_id, zone_id, geo_zone_id, last_modified, date_added) values ('229', '173', '0', '2', NULL, '2008-03-11 01:16:30');
insert into zones_to_geo_zones (association_id, zone_country_id, zone_id, geo_zone_id, last_modified, date_added) values ('230', '174', '0', '2', NULL, '2008-03-11 01:16:31');
insert into zones_to_geo_zones (association_id, zone_country_id, zone_id, geo_zone_id, last_modified, date_added) values ('231', '175', '0', '2', NULL, '2008-03-11 01:16:32');
insert into zones_to_geo_zones (association_id, zone_country_id, zone_id, geo_zone_id, last_modified, date_added) values ('232', '176', '0', '2', NULL, '2008-03-11 01:16:33');
insert into zones_to_geo_zones (association_id, zone_country_id, zone_id, geo_zone_id, last_modified, date_added) values ('233', '177', '0', '2', NULL, '2008-03-11 01:16:34');
insert into zones_to_geo_zones (association_id, zone_country_id, zone_id, geo_zone_id, last_modified, date_added) values ('234', '178', '0', '2', NULL, '2008-03-11 01:16:35');
insert into zones_to_geo_zones (association_id, zone_country_id, zone_id, geo_zone_id, last_modified, date_added) values ('235', '179', '0', '2', NULL, '2008-03-11 01:16:36');
insert into zones_to_geo_zones (association_id, zone_country_id, zone_id, geo_zone_id, last_modified, date_added) values ('236', '180', '0', '2', NULL, '2008-03-11 01:16:37');
insert into zones_to_geo_zones (association_id, zone_country_id, zone_id, geo_zone_id, last_modified, date_added) values ('237', '181', '0', '2', NULL, '2008-03-11 01:16:38');
insert into zones_to_geo_zones (association_id, zone_country_id, zone_id, geo_zone_id, last_modified, date_added) values ('238', '182', '0', '2', NULL, '2008-03-11 01:16:29');
insert into zones_to_geo_zones (association_id, zone_country_id, zone_id, geo_zone_id, last_modified, date_added) values ('239', '183', '0', '2', NULL, '2008-03-11 01:16:30');
insert into zones_to_geo_zones (association_id, zone_country_id, zone_id, geo_zone_id, last_modified, date_added) values ('240', '184', '0', '2', NULL, '2008-03-11 01:16:31');
insert into zones_to_geo_zones (association_id, zone_country_id, zone_id, geo_zone_id, last_modified, date_added) values ('241', '185', '0', '2', NULL, '2008-03-11 01:16:32');
insert into zones_to_geo_zones (association_id, zone_country_id, zone_id, geo_zone_id, last_modified, date_added) values ('242', '186', '0', '2', NULL, '2008-03-11 01:16:33');
insert into zones_to_geo_zones (association_id, zone_country_id, zone_id, geo_zone_id, last_modified, date_added) values ('243', '187', '0', '2', NULL, '2008-03-11 01:16:34');
insert into zones_to_geo_zones (association_id, zone_country_id, zone_id, geo_zone_id, last_modified, date_added) values ('244', '188', '0', '2', NULL, '2008-03-11 01:16:35');
insert into zones_to_geo_zones (association_id, zone_country_id, zone_id, geo_zone_id, last_modified, date_added) values ('245', '189', '0', '2', NULL, '2008-03-11 01:16:36');
insert into zones_to_geo_zones (association_id, zone_country_id, zone_id, geo_zone_id, last_modified, date_added) values ('246', '190', '0', '2', NULL, '2008-03-11 01:16:37');
insert into zones_to_geo_zones (association_id, zone_country_id, zone_id, geo_zone_id, last_modified, date_added) values ('247', '191', '0', '2', NULL, '2008-03-11 01:16:38');
insert into zones_to_geo_zones (association_id, zone_country_id, zone_id, geo_zone_id, last_modified, date_added) values ('248', '192', '0', '2', NULL, '2008-03-11 01:16:29');
insert into zones_to_geo_zones (association_id, zone_country_id, zone_id, geo_zone_id, last_modified, date_added) values ('249', '193', '0', '2', NULL, '2008-03-11 01:16:30');
insert into zones_to_geo_zones (association_id, zone_country_id, zone_id, geo_zone_id, last_modified, date_added) values ('250', '194', '0', '2', NULL, '2008-03-11 01:16:31');
insert into zones_to_geo_zones (association_id, zone_country_id, zone_id, geo_zone_id, last_modified, date_added) values ('252', '196', '0', '2', NULL, '2008-03-11 01:16:33');
insert into zones_to_geo_zones (association_id, zone_country_id, zone_id, geo_zone_id, last_modified, date_added) values ('253', '197', '0', '2', NULL, '2008-03-11 01:16:34');
insert into zones_to_geo_zones (association_id, zone_country_id, zone_id, geo_zone_id, last_modified, date_added) values ('254', '198', '0', '2', NULL, '2008-03-11 01:16:35');
insert into zones_to_geo_zones (association_id, zone_country_id, zone_id, geo_zone_id, last_modified, date_added) values ('255', '199', '0', '2', NULL, '2008-03-11 01:16:36');
insert into zones_to_geo_zones (association_id, zone_country_id, zone_id, geo_zone_id, last_modified, date_added) values ('256', '200', '0', '2', NULL, '2008-03-11 01:16:37');
insert into zones_to_geo_zones (association_id, zone_country_id, zone_id, geo_zone_id, last_modified, date_added) values ('257', '201', '0', '2', NULL, '2008-03-11 01:16:38');
insert into zones_to_geo_zones (association_id, zone_country_id, zone_id, geo_zone_id, last_modified, date_added) values ('258', '202', '0', '2', NULL, '2008-03-11 01:16:29');
insert into zones_to_geo_zones (association_id, zone_country_id, zone_id, geo_zone_id, last_modified, date_added) values ('259', '203', '0', '2', NULL, '2008-03-11 01:16:30');
insert into zones_to_geo_zones (association_id, zone_country_id, zone_id, geo_zone_id, last_modified, date_added) values ('260', '204', '0', '2', NULL, '2008-03-11 01:16:31');
insert into zones_to_geo_zones (association_id, zone_country_id, zone_id, geo_zone_id, last_modified, date_added) values ('261', '205', '0', '2', NULL, '2008-03-11 01:16:32');
insert into zones_to_geo_zones (association_id, zone_country_id, zone_id, geo_zone_id, last_modified, date_added) values ('262', '206', '0', '2', NULL, '2008-03-11 01:16:33');
insert into zones_to_geo_zones (association_id, zone_country_id, zone_id, geo_zone_id, last_modified, date_added) values ('263', '207', '0', '2', NULL, '2008-03-11 01:16:34');
insert into zones_to_geo_zones (association_id, zone_country_id, zone_id, geo_zone_id, last_modified, date_added) values ('264', '208', '0', '2', NULL, '2008-03-11 01:16:35');
insert into zones_to_geo_zones (association_id, zone_country_id, zone_id, geo_zone_id, last_modified, date_added) values ('265', '209', '0', '2', NULL, '2008-03-11 01:16:36');
insert into zones_to_geo_zones (association_id, zone_country_id, zone_id, geo_zone_id, last_modified, date_added) values ('266', '210', '0', '2', NULL, '2008-03-11 01:16:37');
insert into zones_to_geo_zones (association_id, zone_country_id, zone_id, geo_zone_id, last_modified, date_added) values ('267', '211', '0', '2', NULL, '2008-03-11 01:16:38');
insert into zones_to_geo_zones (association_id, zone_country_id, zone_id, geo_zone_id, last_modified, date_added) values ('268', '212', '0', '2', NULL, '2008-03-11 01:16:29');
insert into zones_to_geo_zones (association_id, zone_country_id, zone_id, geo_zone_id, last_modified, date_added) values ('269', '213', '0', '2', NULL, '2008-03-11 01:16:30');
insert into zones_to_geo_zones (association_id, zone_country_id, zone_id, geo_zone_id, last_modified, date_added) values ('270', '214', '0', '2', NULL, '2008-03-11 01:16:31');
insert into zones_to_geo_zones (association_id, zone_country_id, zone_id, geo_zone_id, last_modified, date_added) values ('271', '215', '0', '2', NULL, '2008-03-11 01:16:32');
insert into zones_to_geo_zones (association_id, zone_country_id, zone_id, geo_zone_id, last_modified, date_added) values ('272', '216', '0', '2', NULL, '2008-03-11 01:16:33');
insert into zones_to_geo_zones (association_id, zone_country_id, zone_id, geo_zone_id, last_modified, date_added) values ('273', '217', '0', '2', NULL, '2008-03-11 01:16:34');
insert into zones_to_geo_zones (association_id, zone_country_id, zone_id, geo_zone_id, last_modified, date_added) values ('274', '218', '0', '2', NULL, '2008-03-11 01:16:35');
insert into zones_to_geo_zones (association_id, zone_country_id, zone_id, geo_zone_id, last_modified, date_added) values ('275', '219', '0', '2', NULL, '2008-03-11 01:16:36');
insert into zones_to_geo_zones (association_id, zone_country_id, zone_id, geo_zone_id, last_modified, date_added) values ('276', '220', '0', '2', NULL, '2008-03-11 01:16:37');
insert into zones_to_geo_zones (association_id, zone_country_id, zone_id, geo_zone_id, last_modified, date_added) values ('277', '221', '0', '2', NULL, '2008-03-11 01:16:38');
insert into zones_to_geo_zones (association_id, zone_country_id, zone_id, geo_zone_id, last_modified, date_added) values ('278', '222', '0', '2', NULL, '2008-03-11 01:16:29');
insert into zones_to_geo_zones (association_id, zone_country_id, zone_id, geo_zone_id, last_modified, date_added) values ('279', '224', '0', '2', NULL, '2008-03-11 01:16:31');
insert into zones_to_geo_zones (association_id, zone_country_id, zone_id, geo_zone_id, last_modified, date_added) values ('280', '225', '0', '2', NULL, '2008-03-11 01:16:32');
insert into zones_to_geo_zones (association_id, zone_country_id, zone_id, geo_zone_id, last_modified, date_added) values ('281', '226', '0', '2', NULL, '2008-03-11 01:16:33');
insert into zones_to_geo_zones (association_id, zone_country_id, zone_id, geo_zone_id, last_modified, date_added) values ('282', '227', '0', '2', NULL, '2008-03-11 01:16:34');
insert into zones_to_geo_zones (association_id, zone_country_id, zone_id, geo_zone_id, last_modified, date_added) values ('283', '228', '0', '2', NULL, '2008-03-11 01:16:35');
insert into zones_to_geo_zones (association_id, zone_country_id, zone_id, geo_zone_id, last_modified, date_added) values ('284', '229', '0', '2', NULL, '2008-03-11 01:16:36');
insert into zones_to_geo_zones (association_id, zone_country_id, zone_id, geo_zone_id, last_modified, date_added) values ('285', '230', '0', '2', NULL, '2008-03-11 01:16:37');
insert into zones_to_geo_zones (association_id, zone_country_id, zone_id, geo_zone_id, last_modified, date_added) values ('286', '231', '0', '2', NULL, '2008-03-11 01:16:38');
insert into zones_to_geo_zones (association_id, zone_country_id, zone_id, geo_zone_id, last_modified, date_added) values ('287', '232', '0', '2', NULL, '2008-03-11 01:16:29');
insert into zones_to_geo_zones (association_id, zone_country_id, zone_id, geo_zone_id, last_modified, date_added) values ('288', '233', '0', '2', NULL, '2008-03-11 01:16:30');
insert into zones_to_geo_zones (association_id, zone_country_id, zone_id, geo_zone_id, last_modified, date_added) values ('289', '234', '0', '2', NULL, '2008-03-11 01:16:31');
insert into zones_to_geo_zones (association_id, zone_country_id, zone_id, geo_zone_id, last_modified, date_added) values ('290', '235', '0', '2', NULL, '2008-03-11 01:16:32');
insert into zones_to_geo_zones (association_id, zone_country_id, zone_id, geo_zone_id, last_modified, date_added) values ('291', '236', '0', '2', NULL, '2008-03-11 22:29:29');
insert into zones_to_geo_zones (association_id, zone_country_id, zone_id, geo_zone_id, last_modified, date_added) values ('292', '237', '0', '2', NULL, '2008-03-11 22:29:37');
insert into zones_to_geo_zones (association_id, zone_country_id, zone_id, geo_zone_id, last_modified, date_added) values ('293', '238', '0', '2', NULL, '2008-03-11 22:29:45');
insert into zones_to_geo_zones (association_id, zone_country_id, zone_id, geo_zone_id, last_modified, date_added) values ('294', '239', '0', '2', NULL, '2008-03-11 22:29:52');
insert into zones_to_geo_zones (association_id, zone_country_id, zone_id, geo_zone_id, last_modified, date_added) values ('297', '1', '0', '4', NULL, '2008-03-12 02:04:36');
insert into zones_to_geo_zones (association_id, zone_country_id, zone_id, geo_zone_id, last_modified, date_added) values ('298', '2', '0', '4', NULL, '2008-03-11 01:16:29');
insert into zones_to_geo_zones (association_id, zone_country_id, zone_id, geo_zone_id, last_modified, date_added) values ('299', '3', '0', '4', NULL, '2008-03-11 01:16:30');
insert into zones_to_geo_zones (association_id, zone_country_id, zone_id, geo_zone_id, last_modified, date_added) values ('300', '4', '0', '4', NULL, '2008-03-11 01:16:31');
insert into zones_to_geo_zones (association_id, zone_country_id, zone_id, geo_zone_id, last_modified, date_added) values ('301', '5', '0', '4', NULL, '2008-03-11 01:16:32');
insert into zones_to_geo_zones (association_id, zone_country_id, zone_id, geo_zone_id, last_modified, date_added) values ('302', '6', '0', '4', NULL, '2008-03-11 01:16:33');
insert into zones_to_geo_zones (association_id, zone_country_id, zone_id, geo_zone_id, last_modified, date_added) values ('303', '7', '0', '4', NULL, '2008-03-11 01:16:34');
insert into zones_to_geo_zones (association_id, zone_country_id, zone_id, geo_zone_id, last_modified, date_added) values ('304', '8', '0', '4', NULL, '2008-03-11 01:16:35');
insert into zones_to_geo_zones (association_id, zone_country_id, zone_id, geo_zone_id, last_modified, date_added) values ('305', '9', '0', '4', NULL, '2008-03-11 01:16:36');
insert into zones_to_geo_zones (association_id, zone_country_id, zone_id, geo_zone_id, last_modified, date_added) values ('306', '10', '0', '4', NULL, '2008-03-11 01:16:37');
insert into zones_to_geo_zones (association_id, zone_country_id, zone_id, geo_zone_id, last_modified, date_added) values ('307', '11', '0', '4', NULL, '2008-03-11 01:16:38');
insert into zones_to_geo_zones (association_id, zone_country_id, zone_id, geo_zone_id, last_modified, date_added) values ('308', '12', '0', '4', NULL, '2008-03-11 01:16:29');
insert into zones_to_geo_zones (association_id, zone_country_id, zone_id, geo_zone_id, last_modified, date_added) values ('309', '13', '0', '4', NULL, '2008-03-11 01:16:30');
insert into zones_to_geo_zones (association_id, zone_country_id, zone_id, geo_zone_id, last_modified, date_added) values ('310', '14', '0', '4', NULL, '2008-03-11 01:16:31');
insert into zones_to_geo_zones (association_id, zone_country_id, zone_id, geo_zone_id, last_modified, date_added) values ('311', '15', '0', '4', NULL, '2008-03-11 01:16:32');
insert into zones_to_geo_zones (association_id, zone_country_id, zone_id, geo_zone_id, last_modified, date_added) values ('312', '16', '0', '4', NULL, '2008-03-11 01:16:33');
insert into zones_to_geo_zones (association_id, zone_country_id, zone_id, geo_zone_id, last_modified, date_added) values ('313', '17', '0', '4', NULL, '2008-03-11 01:16:34');
insert into zones_to_geo_zones (association_id, zone_country_id, zone_id, geo_zone_id, last_modified, date_added) values ('314', '18', '0', '4', NULL, '2008-03-11 01:16:35');
insert into zones_to_geo_zones (association_id, zone_country_id, zone_id, geo_zone_id, last_modified, date_added) values ('315', '19', '0', '4', NULL, '2008-03-11 01:16:36');
insert into zones_to_geo_zones (association_id, zone_country_id, zone_id, geo_zone_id, last_modified, date_added) values ('316', '20', '0', '4', NULL, '2008-03-11 01:16:37');
insert into zones_to_geo_zones (association_id, zone_country_id, zone_id, geo_zone_id, last_modified, date_added) values ('317', '21', '0', '4', NULL, '2008-03-11 01:16:38');
insert into zones_to_geo_zones (association_id, zone_country_id, zone_id, geo_zone_id, last_modified, date_added) values ('318', '22', '0', '4', NULL, '2008-03-11 01:16:29');
insert into zones_to_geo_zones (association_id, zone_country_id, zone_id, geo_zone_id, last_modified, date_added) values ('319', '23', '0', '4', NULL, '2008-03-11 01:16:30');
insert into zones_to_geo_zones (association_id, zone_country_id, zone_id, geo_zone_id, last_modified, date_added) values ('320', '24', '0', '4', NULL, '2008-03-11 01:16:31');
insert into zones_to_geo_zones (association_id, zone_country_id, zone_id, geo_zone_id, last_modified, date_added) values ('321', '25', '0', '4', NULL, '2008-03-11 22:14:10');
insert into zones_to_geo_zones (association_id, zone_country_id, zone_id, geo_zone_id, last_modified, date_added) values ('322', '26', '0', '4', NULL, '2008-03-11 01:16:29');
insert into zones_to_geo_zones (association_id, zone_country_id, zone_id, geo_zone_id, last_modified, date_added) values ('323', '27', '0', '4', NULL, '2008-03-11 01:16:29');
insert into zones_to_geo_zones (association_id, zone_country_id, zone_id, geo_zone_id, last_modified, date_added) values ('324', '28', '0', '4', NULL, '2008-03-11 01:16:30');
insert into zones_to_geo_zones (association_id, zone_country_id, zone_id, geo_zone_id, last_modified, date_added) values ('325', '29', '0', '4', NULL, '2008-03-11 01:16:31');
insert into zones_to_geo_zones (association_id, zone_country_id, zone_id, geo_zone_id, last_modified, date_added) values ('326', '30', '0', '4', NULL, '2008-03-11 01:16:32');
insert into zones_to_geo_zones (association_id, zone_country_id, zone_id, geo_zone_id, last_modified, date_added) values ('327', '31', '0', '4', NULL, '2008-03-11 01:16:33');
insert into zones_to_geo_zones (association_id, zone_country_id, zone_id, geo_zone_id, last_modified, date_added) values ('328', '32', '0', '4', NULL, '2008-03-11 01:16:34');
insert into zones_to_geo_zones (association_id, zone_country_id, zone_id, geo_zone_id, last_modified, date_added) values ('329', '33', '0', '4', NULL, '2008-03-11 01:16:35');
insert into zones_to_geo_zones (association_id, zone_country_id, zone_id, geo_zone_id, last_modified, date_added) values ('330', '34', '0', '4', NULL, '2008-03-11 01:16:36');
insert into zones_to_geo_zones (association_id, zone_country_id, zone_id, geo_zone_id, last_modified, date_added) values ('331', '35', '0', '4', NULL, '2008-03-11 01:16:37');
insert into zones_to_geo_zones (association_id, zone_country_id, zone_id, geo_zone_id, last_modified, date_added) values ('332', '36', '0', '4', NULL, '2008-03-11 01:16:38');
insert into zones_to_geo_zones (association_id, zone_country_id, zone_id, geo_zone_id, last_modified, date_added) values ('333', '37', '0', '4', NULL, '2008-03-11 01:16:29');
insert into zones_to_geo_zones (association_id, zone_country_id, zone_id, geo_zone_id, last_modified, date_added) values ('334', '38', '0', '4', NULL, '2008-03-11 01:16:30');
insert into zones_to_geo_zones (association_id, zone_country_id, zone_id, geo_zone_id, last_modified, date_added) values ('335', '39', '0', '4', NULL, '2008-03-11 01:16:31');
insert into zones_to_geo_zones (association_id, zone_country_id, zone_id, geo_zone_id, last_modified, date_added) values ('336', '40', '0', '4', NULL, '2008-03-11 01:16:32');
insert into zones_to_geo_zones (association_id, zone_country_id, zone_id, geo_zone_id, last_modified, date_added) values ('337', '41', '0', '4', NULL, '2008-03-11 01:16:33');
insert into zones_to_geo_zones (association_id, zone_country_id, zone_id, geo_zone_id, last_modified, date_added) values ('338', '42', '0', '4', NULL, '2008-03-11 01:16:34');
insert into zones_to_geo_zones (association_id, zone_country_id, zone_id, geo_zone_id, last_modified, date_added) values ('339', '43', '0', '4', NULL, '2008-03-11 01:16:35');
insert into zones_to_geo_zones (association_id, zone_country_id, zone_id, geo_zone_id, last_modified, date_added) values ('340', '44', '0', '4', NULL, '2008-03-11 01:16:36');
insert into zones_to_geo_zones (association_id, zone_country_id, zone_id, geo_zone_id, last_modified, date_added) values ('341', '45', '0', '4', NULL, '2008-03-11 01:16:37');
insert into zones_to_geo_zones (association_id, zone_country_id, zone_id, geo_zone_id, last_modified, date_added) values ('342', '46', '0', '4', NULL, '2008-03-11 01:16:38');
insert into zones_to_geo_zones (association_id, zone_country_id, zone_id, geo_zone_id, last_modified, date_added) values ('343', '47', '0', '4', NULL, '2008-03-11 01:16:29');
insert into zones_to_geo_zones (association_id, zone_country_id, zone_id, geo_zone_id, last_modified, date_added) values ('344', '48', '0', '4', NULL, '2008-03-11 01:16:30');
insert into zones_to_geo_zones (association_id, zone_country_id, zone_id, geo_zone_id, last_modified, date_added) values ('345', '49', '0', '4', NULL, '2008-03-11 01:16:31');
insert into zones_to_geo_zones (association_id, zone_country_id, zone_id, geo_zone_id, last_modified, date_added) values ('346', '50', '0', '4', NULL, '2008-03-11 01:16:38');
insert into zones_to_geo_zones (association_id, zone_country_id, zone_id, geo_zone_id, last_modified, date_added) values ('347', '51', '0', '4', NULL, '2008-03-11 01:16:29');
insert into zones_to_geo_zones (association_id, zone_country_id, zone_id, geo_zone_id, last_modified, date_added) values ('348', '52', '0', '4', NULL, '2008-03-11 01:16:29');
insert into zones_to_geo_zones (association_id, zone_country_id, zone_id, geo_zone_id, last_modified, date_added) values ('349', '53', '0', '4', NULL, '2008-03-11 01:16:30');
insert into zones_to_geo_zones (association_id, zone_country_id, zone_id, geo_zone_id, last_modified, date_added) values ('350', '54', '0', '4', NULL, '2008-03-11 01:16:31');
insert into zones_to_geo_zones (association_id, zone_country_id, zone_id, geo_zone_id, last_modified, date_added) values ('351', '55', '0', '4', NULL, '2008-03-11 01:16:32');
insert into zones_to_geo_zones (association_id, zone_country_id, zone_id, geo_zone_id, last_modified, date_added) values ('352', '56', '0', '4', NULL, '2008-03-11 01:16:33');
insert into zones_to_geo_zones (association_id, zone_country_id, zone_id, geo_zone_id, last_modified, date_added) values ('353', '57', '0', '4', NULL, '2008-03-11 01:16:34');
insert into zones_to_geo_zones (association_id, zone_country_id, zone_id, geo_zone_id, last_modified, date_added) values ('354', '58', '0', '4', NULL, '2008-03-11 01:16:35');
insert into zones_to_geo_zones (association_id, zone_country_id, zone_id, geo_zone_id, last_modified, date_added) values ('355', '59', '0', '4', NULL, '2008-03-11 01:16:36');
insert into zones_to_geo_zones (association_id, zone_country_id, zone_id, geo_zone_id, last_modified, date_added) values ('356', '60', '0', '4', NULL, '2008-03-11 01:16:37');
insert into zones_to_geo_zones (association_id, zone_country_id, zone_id, geo_zone_id, last_modified, date_added) values ('357', '61', '0', '4', NULL, '2008-03-11 01:16:38');
insert into zones_to_geo_zones (association_id, zone_country_id, zone_id, geo_zone_id, last_modified, date_added) values ('358', '62', '0', '4', NULL, '2008-03-11 01:16:29');
insert into zones_to_geo_zones (association_id, zone_country_id, zone_id, geo_zone_id, last_modified, date_added) values ('359', '63', '0', '4', NULL, '2008-03-11 01:16:30');
insert into zones_to_geo_zones (association_id, zone_country_id, zone_id, geo_zone_id, last_modified, date_added) values ('360', '64', '0', '4', NULL, '2008-03-11 01:16:31');
insert into zones_to_geo_zones (association_id, zone_country_id, zone_id, geo_zone_id, last_modified, date_added) values ('361', '65', '0', '4', NULL, '2008-03-11 01:16:32');
insert into zones_to_geo_zones (association_id, zone_country_id, zone_id, geo_zone_id, last_modified, date_added) values ('362', '66', '0', '4', NULL, '2008-03-11 01:16:33');
insert into zones_to_geo_zones (association_id, zone_country_id, zone_id, geo_zone_id, last_modified, date_added) values ('363', '67', '0', '4', NULL, '2008-03-11 01:16:34');
insert into zones_to_geo_zones (association_id, zone_country_id, zone_id, geo_zone_id, last_modified, date_added) values ('364', '68', '0', '4', NULL, '2008-03-11 01:16:35');
insert into zones_to_geo_zones (association_id, zone_country_id, zone_id, geo_zone_id, last_modified, date_added) values ('365', '69', '0', '4', NULL, '2008-03-11 01:16:36');
insert into zones_to_geo_zones (association_id, zone_country_id, zone_id, geo_zone_id, last_modified, date_added) values ('366', '70', '0', '4', NULL, '2008-03-11 01:16:37');
insert into zones_to_geo_zones (association_id, zone_country_id, zone_id, geo_zone_id, last_modified, date_added) values ('367', '71', '0', '4', NULL, '2008-03-11 01:16:38');
insert into zones_to_geo_zones (association_id, zone_country_id, zone_id, geo_zone_id, last_modified, date_added) values ('368', '72', '0', '4', NULL, '2008-03-11 01:16:29');
insert into zones_to_geo_zones (association_id, zone_country_id, zone_id, geo_zone_id, last_modified, date_added) values ('369', '73', '0', '4', NULL, '2008-03-11 01:16:30');
insert into zones_to_geo_zones (association_id, zone_country_id, zone_id, geo_zone_id, last_modified, date_added) values ('370', '74', '0', '4', NULL, '2008-03-11 01:16:31');
insert into zones_to_geo_zones (association_id, zone_country_id, zone_id, geo_zone_id, last_modified, date_added) values ('371', '75', '0', '4', NULL, '2008-03-11 22:14:10');
insert into zones_to_geo_zones (association_id, zone_country_id, zone_id, geo_zone_id, last_modified, date_added) values ('372', '76', '0', '4', NULL, '2008-03-11 01:16:29');
insert into zones_to_geo_zones (association_id, zone_country_id, zone_id, geo_zone_id, last_modified, date_added) values ('373', '77', '0', '4', NULL, '2008-03-11 01:16:29');
insert into zones_to_geo_zones (association_id, zone_country_id, zone_id, geo_zone_id, last_modified, date_added) values ('374', '78', '0', '4', NULL, '2008-03-11 01:16:30');
insert into zones_to_geo_zones (association_id, zone_country_id, zone_id, geo_zone_id, last_modified, date_added) values ('375', '79', '0', '4', NULL, '2008-03-11 01:16:31');
insert into zones_to_geo_zones (association_id, zone_country_id, zone_id, geo_zone_id, last_modified, date_added) values ('376', '80', '0', '4', NULL, '2008-03-11 01:16:32');
insert into zones_to_geo_zones (association_id, zone_country_id, zone_id, geo_zone_id, last_modified, date_added) values ('377', '81', '0', '4', NULL, '2008-03-11 01:16:33');
insert into zones_to_geo_zones (association_id, zone_country_id, zone_id, geo_zone_id, last_modified, date_added) values ('378', '82', '0', '4', NULL, '2008-03-11 01:16:34');
insert into zones_to_geo_zones (association_id, zone_country_id, zone_id, geo_zone_id, last_modified, date_added) values ('379', '83', '0', '4', NULL, '2008-03-11 01:16:35');
insert into zones_to_geo_zones (association_id, zone_country_id, zone_id, geo_zone_id, last_modified, date_added) values ('380', '84', '0', '4', NULL, '2008-03-11 01:16:36');
insert into zones_to_geo_zones (association_id, zone_country_id, zone_id, geo_zone_id, last_modified, date_added) values ('381', '85', '0', '4', NULL, '2008-03-11 01:16:37');
insert into zones_to_geo_zones (association_id, zone_country_id, zone_id, geo_zone_id, last_modified, date_added) values ('382', '86', '0', '4', NULL, '2008-03-11 01:16:38');
insert into zones_to_geo_zones (association_id, zone_country_id, zone_id, geo_zone_id, last_modified, date_added) values ('383', '87', '0', '4', NULL, '2008-03-11 01:16:29');
insert into zones_to_geo_zones (association_id, zone_country_id, zone_id, geo_zone_id, last_modified, date_added) values ('384', '88', '0', '4', NULL, '2008-03-11 01:16:30');
insert into zones_to_geo_zones (association_id, zone_country_id, zone_id, geo_zone_id, last_modified, date_added) values ('385', '89', '0', '4', NULL, '2008-03-11 01:16:31');
insert into zones_to_geo_zones (association_id, zone_country_id, zone_id, geo_zone_id, last_modified, date_added) values ('386', '90', '0', '4', NULL, '2008-03-11 01:16:32');
insert into zones_to_geo_zones (association_id, zone_country_id, zone_id, geo_zone_id, last_modified, date_added) values ('387', '91', '0', '4', NULL, '2008-03-11 01:16:33');
insert into zones_to_geo_zones (association_id, zone_country_id, zone_id, geo_zone_id, last_modified, date_added) values ('388', '92', '0', '4', NULL, '2008-03-11 01:16:34');
insert into zones_to_geo_zones (association_id, zone_country_id, zone_id, geo_zone_id, last_modified, date_added) values ('389', '93', '0', '4', NULL, '2008-03-11 01:16:35');
insert into zones_to_geo_zones (association_id, zone_country_id, zone_id, geo_zone_id, last_modified, date_added) values ('390', '94', '0', '4', NULL, '2008-03-11 01:16:36');
insert into zones_to_geo_zones (association_id, zone_country_id, zone_id, geo_zone_id, last_modified, date_added) values ('391', '95', '0', '4', NULL, '2008-03-11 01:16:37');
insert into zones_to_geo_zones (association_id, zone_country_id, zone_id, geo_zone_id, last_modified, date_added) values ('392', '96', '0', '4', NULL, '2008-03-11 01:16:38');
insert into zones_to_geo_zones (association_id, zone_country_id, zone_id, geo_zone_id, last_modified, date_added) values ('393', '97', '0', '4', NULL, '2008-03-11 01:16:29');
insert into zones_to_geo_zones (association_id, zone_country_id, zone_id, geo_zone_id, last_modified, date_added) values ('394', '98', '0', '4', NULL, '2008-03-11 01:16:30');
insert into zones_to_geo_zones (association_id, zone_country_id, zone_id, geo_zone_id, last_modified, date_added) values ('395', '99', '0', '4', NULL, '2008-03-11 01:16:31');
insert into zones_to_geo_zones (association_id, zone_country_id, zone_id, geo_zone_id, last_modified, date_added) values ('396', '100', '0', '4', NULL, '2008-03-11 01:16:38');
insert into zones_to_geo_zones (association_id, zone_country_id, zone_id, geo_zone_id, last_modified, date_added) values ('397', '101', '0', '4', NULL, '2008-03-11 01:16:29');
insert into zones_to_geo_zones (association_id, zone_country_id, zone_id, geo_zone_id, last_modified, date_added) values ('398', '102', '0', '4', NULL, '2008-03-11 01:16:29');
insert into zones_to_geo_zones (association_id, zone_country_id, zone_id, geo_zone_id, last_modified, date_added) values ('399', '103', '0', '4', NULL, '2008-03-11 01:16:30');
insert into zones_to_geo_zones (association_id, zone_country_id, zone_id, geo_zone_id, last_modified, date_added) values ('400', '104', '0', '4', NULL, '2008-03-11 01:16:31');
insert into zones_to_geo_zones (association_id, zone_country_id, zone_id, geo_zone_id, last_modified, date_added) values ('401', '105', '0', '4', NULL, '2008-03-11 01:16:32');
insert into zones_to_geo_zones (association_id, zone_country_id, zone_id, geo_zone_id, last_modified, date_added) values ('402', '106', '0', '4', NULL, '2008-03-11 01:16:33');
insert into zones_to_geo_zones (association_id, zone_country_id, zone_id, geo_zone_id, last_modified, date_added) values ('403', '107', '0', '4', NULL, '2008-03-11 01:16:34');
insert into zones_to_geo_zones (association_id, zone_country_id, zone_id, geo_zone_id, last_modified, date_added) values ('404', '108', '0', '4', NULL, '2008-03-11 01:16:35');
insert into zones_to_geo_zones (association_id, zone_country_id, zone_id, geo_zone_id, last_modified, date_added) values ('405', '109', '0', '4', NULL, '2008-03-11 01:16:36');
insert into zones_to_geo_zones (association_id, zone_country_id, zone_id, geo_zone_id, last_modified, date_added) values ('406', '110', '0', '4', NULL, '2008-03-11 01:16:37');
insert into zones_to_geo_zones (association_id, zone_country_id, zone_id, geo_zone_id, last_modified, date_added) values ('407', '111', '0', '4', NULL, '2008-03-11 01:16:38');
insert into zones_to_geo_zones (association_id, zone_country_id, zone_id, geo_zone_id, last_modified, date_added) values ('408', '112', '0', '4', NULL, '2008-03-11 01:16:29');
insert into zones_to_geo_zones (association_id, zone_country_id, zone_id, geo_zone_id, last_modified, date_added) values ('409', '113', '0', '4', NULL, '2008-03-11 01:16:30');
insert into zones_to_geo_zones (association_id, zone_country_id, zone_id, geo_zone_id, last_modified, date_added) values ('410', '114', '0', '4', NULL, '2008-03-11 01:16:31');
insert into zones_to_geo_zones (association_id, zone_country_id, zone_id, geo_zone_id, last_modified, date_added) values ('411', '115', '0', '4', NULL, '2008-03-11 01:16:32');
insert into zones_to_geo_zones (association_id, zone_country_id, zone_id, geo_zone_id, last_modified, date_added) values ('412', '116', '0', '4', NULL, '2008-03-11 01:16:33');
insert into zones_to_geo_zones (association_id, zone_country_id, zone_id, geo_zone_id, last_modified, date_added) values ('413', '117', '0', '4', NULL, '2008-03-11 01:16:34');
insert into zones_to_geo_zones (association_id, zone_country_id, zone_id, geo_zone_id, last_modified, date_added) values ('414', '118', '0', '4', NULL, '2008-03-11 01:16:35');
insert into zones_to_geo_zones (association_id, zone_country_id, zone_id, geo_zone_id, last_modified, date_added) values ('415', '119', '0', '4', NULL, '2008-03-11 01:16:36');
insert into zones_to_geo_zones (association_id, zone_country_id, zone_id, geo_zone_id, last_modified, date_added) values ('416', '120', '0', '4', NULL, '2008-03-11 01:16:37');
insert into zones_to_geo_zones (association_id, zone_country_id, zone_id, geo_zone_id, last_modified, date_added) values ('417', '121', '0', '4', NULL, '2008-03-11 01:16:38');
insert into zones_to_geo_zones (association_id, zone_country_id, zone_id, geo_zone_id, last_modified, date_added) values ('418', '122', '0', '4', NULL, '2008-03-11 01:16:29');
insert into zones_to_geo_zones (association_id, zone_country_id, zone_id, geo_zone_id, last_modified, date_added) values ('419', '123', '0', '4', NULL, '2008-03-11 01:16:30');
insert into zones_to_geo_zones (association_id, zone_country_id, zone_id, geo_zone_id, last_modified, date_added) values ('420', '124', '0', '4', NULL, '2008-03-11 01:16:31');
insert into zones_to_geo_zones (association_id, zone_country_id, zone_id, geo_zone_id, last_modified, date_added) values ('421', '125', '0', '4', NULL, '2008-03-11 22:14:10');
insert into zones_to_geo_zones (association_id, zone_country_id, zone_id, geo_zone_id, last_modified, date_added) values ('422', '126', '0', '4', NULL, '2008-03-11 01:16:29');
insert into zones_to_geo_zones (association_id, zone_country_id, zone_id, geo_zone_id, last_modified, date_added) values ('423', '127', '0', '4', NULL, '2008-03-11 01:16:29');
insert into zones_to_geo_zones (association_id, zone_country_id, zone_id, geo_zone_id, last_modified, date_added) values ('424', '128', '0', '4', NULL, '2008-03-11 01:16:30');
insert into zones_to_geo_zones (association_id, zone_country_id, zone_id, geo_zone_id, last_modified, date_added) values ('425', '129', '0', '4', NULL, '2008-03-11 01:16:31');
insert into zones_to_geo_zones (association_id, zone_country_id, zone_id, geo_zone_id, last_modified, date_added) values ('426', '130', '0', '4', NULL, '2008-03-11 01:16:32');
insert into zones_to_geo_zones (association_id, zone_country_id, zone_id, geo_zone_id, last_modified, date_added) values ('427', '131', '0', '4', NULL, '2008-03-11 01:16:33');
insert into zones_to_geo_zones (association_id, zone_country_id, zone_id, geo_zone_id, last_modified, date_added) values ('428', '132', '0', '4', NULL, '2008-03-11 01:16:34');
insert into zones_to_geo_zones (association_id, zone_country_id, zone_id, geo_zone_id, last_modified, date_added) values ('429', '133', '0', '4', NULL, '2008-03-11 01:16:35');
insert into zones_to_geo_zones (association_id, zone_country_id, zone_id, geo_zone_id, last_modified, date_added) values ('430', '134', '0', '4', NULL, '2008-03-11 01:16:36');
insert into zones_to_geo_zones (association_id, zone_country_id, zone_id, geo_zone_id, last_modified, date_added) values ('431', '135', '0', '4', NULL, '2008-03-11 01:16:37');
insert into zones_to_geo_zones (association_id, zone_country_id, zone_id, geo_zone_id, last_modified, date_added) values ('432', '136', '0', '4', NULL, '2008-03-11 01:16:38');
insert into zones_to_geo_zones (association_id, zone_country_id, zone_id, geo_zone_id, last_modified, date_added) values ('433', '137', '0', '4', NULL, '2008-03-11 01:16:29');
insert into zones_to_geo_zones (association_id, zone_country_id, zone_id, geo_zone_id, last_modified, date_added) values ('434', '138', '0', '4', NULL, '2008-03-11 01:16:30');
insert into zones_to_geo_zones (association_id, zone_country_id, zone_id, geo_zone_id, last_modified, date_added) values ('435', '139', '0', '4', NULL, '2008-03-11 01:16:31');
insert into zones_to_geo_zones (association_id, zone_country_id, zone_id, geo_zone_id, last_modified, date_added) values ('436', '140', '0', '4', NULL, '2008-03-11 01:16:32');
insert into zones_to_geo_zones (association_id, zone_country_id, zone_id, geo_zone_id, last_modified, date_added) values ('437', '141', '0', '4', NULL, '2008-03-11 01:16:33');
insert into zones_to_geo_zones (association_id, zone_country_id, zone_id, geo_zone_id, last_modified, date_added) values ('438', '142', '0', '4', NULL, '2008-03-11 01:16:34');
insert into zones_to_geo_zones (association_id, zone_country_id, zone_id, geo_zone_id, last_modified, date_added) values ('439', '143', '0', '4', NULL, '2008-03-11 01:16:35');
insert into zones_to_geo_zones (association_id, zone_country_id, zone_id, geo_zone_id, last_modified, date_added) values ('440', '144', '0', '4', NULL, '2008-03-11 01:16:36');
insert into zones_to_geo_zones (association_id, zone_country_id, zone_id, geo_zone_id, last_modified, date_added) values ('441', '145', '0', '4', NULL, '2008-03-11 01:16:37');
insert into zones_to_geo_zones (association_id, zone_country_id, zone_id, geo_zone_id, last_modified, date_added) values ('442', '146', '0', '4', NULL, '2008-03-11 01:16:38');
insert into zones_to_geo_zones (association_id, zone_country_id, zone_id, geo_zone_id, last_modified, date_added) values ('443', '147', '0', '4', NULL, '2008-03-11 01:16:29');
insert into zones_to_geo_zones (association_id, zone_country_id, zone_id, geo_zone_id, last_modified, date_added) values ('444', '148', '0', '4', NULL, '2008-03-11 01:16:30');
insert into zones_to_geo_zones (association_id, zone_country_id, zone_id, geo_zone_id, last_modified, date_added) values ('445', '149', '0', '4', NULL, '2008-03-11 01:16:31');
insert into zones_to_geo_zones (association_id, zone_country_id, zone_id, geo_zone_id, last_modified, date_added) values ('446', '150', '0', '4', NULL, '2008-03-11 01:16:38');
insert into zones_to_geo_zones (association_id, zone_country_id, zone_id, geo_zone_id, last_modified, date_added) values ('447', '151', '0', '4', NULL, '2008-03-11 01:16:29');
insert into zones_to_geo_zones (association_id, zone_country_id, zone_id, geo_zone_id, last_modified, date_added) values ('448', '152', '0', '4', NULL, '2008-03-11 01:16:29');
insert into zones_to_geo_zones (association_id, zone_country_id, zone_id, geo_zone_id, last_modified, date_added) values ('449', '153', '0', '4', NULL, '2008-03-11 01:16:30');
insert into zones_to_geo_zones (association_id, zone_country_id, zone_id, geo_zone_id, last_modified, date_added) values ('450', '154', '0', '4', NULL, '2008-03-11 01:16:31');
insert into zones_to_geo_zones (association_id, zone_country_id, zone_id, geo_zone_id, last_modified, date_added) values ('451', '155', '0', '4', NULL, '2008-03-11 01:16:32');
insert into zones_to_geo_zones (association_id, zone_country_id, zone_id, geo_zone_id, last_modified, date_added) values ('452', '156', '0', '4', NULL, '2008-03-11 01:16:33');
insert into zones_to_geo_zones (association_id, zone_country_id, zone_id, geo_zone_id, last_modified, date_added) values ('453', '157', '0', '4', NULL, '2008-03-11 01:16:34');
insert into zones_to_geo_zones (association_id, zone_country_id, zone_id, geo_zone_id, last_modified, date_added) values ('454', '158', '0', '4', NULL, '2008-03-11 01:16:35');
insert into zones_to_geo_zones (association_id, zone_country_id, zone_id, geo_zone_id, last_modified, date_added) values ('455', '159', '0', '4', NULL, '2008-03-11 01:16:36');
insert into zones_to_geo_zones (association_id, zone_country_id, zone_id, geo_zone_id, last_modified, date_added) values ('456', '160', '0', '4', NULL, '2008-03-11 01:16:37');
insert into zones_to_geo_zones (association_id, zone_country_id, zone_id, geo_zone_id, last_modified, date_added) values ('457', '161', '0', '4', NULL, '2008-03-11 01:16:38');
insert into zones_to_geo_zones (association_id, zone_country_id, zone_id, geo_zone_id, last_modified, date_added) values ('458', '162', '0', '4', NULL, '2008-03-11 01:16:29');
insert into zones_to_geo_zones (association_id, zone_country_id, zone_id, geo_zone_id, last_modified, date_added) values ('459', '163', '0', '4', NULL, '2008-03-11 01:16:30');
insert into zones_to_geo_zones (association_id, zone_country_id, zone_id, geo_zone_id, last_modified, date_added) values ('460', '164', '0', '4', NULL, '2008-03-11 01:16:31');
insert into zones_to_geo_zones (association_id, zone_country_id, zone_id, geo_zone_id, last_modified, date_added) values ('461', '165', '0', '4', NULL, '2008-03-11 01:16:32');
insert into zones_to_geo_zones (association_id, zone_country_id, zone_id, geo_zone_id, last_modified, date_added) values ('462', '166', '0', '4', NULL, '2008-03-11 01:16:33');
insert into zones_to_geo_zones (association_id, zone_country_id, zone_id, geo_zone_id, last_modified, date_added) values ('463', '167', '0', '4', NULL, '2008-03-11 01:16:34');
insert into zones_to_geo_zones (association_id, zone_country_id, zone_id, geo_zone_id, last_modified, date_added) values ('464', '168', '0', '4', NULL, '2008-03-11 01:16:35');
insert into zones_to_geo_zones (association_id, zone_country_id, zone_id, geo_zone_id, last_modified, date_added) values ('465', '169', '0', '4', NULL, '2008-03-11 01:16:36');
insert into zones_to_geo_zones (association_id, zone_country_id, zone_id, geo_zone_id, last_modified, date_added) values ('466', '170', '0', '4', NULL, '2008-03-11 01:16:37');
insert into zones_to_geo_zones (association_id, zone_country_id, zone_id, geo_zone_id, last_modified, date_added) values ('467', '171', '0', '4', NULL, '2008-03-11 01:16:38');
insert into zones_to_geo_zones (association_id, zone_country_id, zone_id, geo_zone_id, last_modified, date_added) values ('468', '172', '0', '4', NULL, '2008-03-11 01:16:29');
insert into zones_to_geo_zones (association_id, zone_country_id, zone_id, geo_zone_id, last_modified, date_added) values ('469', '173', '0', '4', NULL, '2008-03-11 01:16:30');
insert into zones_to_geo_zones (association_id, zone_country_id, zone_id, geo_zone_id, last_modified, date_added) values ('470', '174', '0', '4', NULL, '2008-03-11 01:16:31');
insert into zones_to_geo_zones (association_id, zone_country_id, zone_id, geo_zone_id, last_modified, date_added) values ('471', '175', '0', '4', NULL, '2008-03-11 22:14:10');
insert into zones_to_geo_zones (association_id, zone_country_id, zone_id, geo_zone_id, last_modified, date_added) values ('472', '176', '0', '4', NULL, '2008-03-11 01:16:29');
insert into zones_to_geo_zones (association_id, zone_country_id, zone_id, geo_zone_id, last_modified, date_added) values ('473', '177', '0', '4', NULL, '2008-03-11 01:16:29');
insert into zones_to_geo_zones (association_id, zone_country_id, zone_id, geo_zone_id, last_modified, date_added) values ('474', '178', '0', '4', NULL, '2008-03-11 01:16:30');
insert into zones_to_geo_zones (association_id, zone_country_id, zone_id, geo_zone_id, last_modified, date_added) values ('475', '179', '0', '4', NULL, '2008-03-11 01:16:31');
insert into zones_to_geo_zones (association_id, zone_country_id, zone_id, geo_zone_id, last_modified, date_added) values ('476', '180', '0', '4', NULL, '2008-03-11 01:16:32');
insert into zones_to_geo_zones (association_id, zone_country_id, zone_id, geo_zone_id, last_modified, date_added) values ('477', '181', '0', '4', NULL, '2008-03-11 01:16:33');
insert into zones_to_geo_zones (association_id, zone_country_id, zone_id, geo_zone_id, last_modified, date_added) values ('478', '182', '0', '4', NULL, '2008-03-11 01:16:34');
insert into zones_to_geo_zones (association_id, zone_country_id, zone_id, geo_zone_id, last_modified, date_added) values ('479', '183', '0', '4', NULL, '2008-03-11 01:16:35');
insert into zones_to_geo_zones (association_id, zone_country_id, zone_id, geo_zone_id, last_modified, date_added) values ('480', '184', '0', '4', NULL, '2008-03-11 01:16:36');
insert into zones_to_geo_zones (association_id, zone_country_id, zone_id, geo_zone_id, last_modified, date_added) values ('481', '185', '0', '4', NULL, '2008-03-11 01:16:37');
insert into zones_to_geo_zones (association_id, zone_country_id, zone_id, geo_zone_id, last_modified, date_added) values ('482', '186', '0', '4', NULL, '2008-03-11 01:16:38');
insert into zones_to_geo_zones (association_id, zone_country_id, zone_id, geo_zone_id, last_modified, date_added) values ('483', '187', '0', '4', NULL, '2008-03-11 01:16:29');
insert into zones_to_geo_zones (association_id, zone_country_id, zone_id, geo_zone_id, last_modified, date_added) values ('484', '188', '0', '4', NULL, '2008-03-11 01:16:30');
insert into zones_to_geo_zones (association_id, zone_country_id, zone_id, geo_zone_id, last_modified, date_added) values ('485', '189', '0', '4', NULL, '2008-03-11 01:16:31');
insert into zones_to_geo_zones (association_id, zone_country_id, zone_id, geo_zone_id, last_modified, date_added) values ('486', '190', '0', '4', NULL, '2008-03-11 01:16:32');
insert into zones_to_geo_zones (association_id, zone_country_id, zone_id, geo_zone_id, last_modified, date_added) values ('487', '191', '0', '4', NULL, '2008-03-11 01:16:33');
insert into zones_to_geo_zones (association_id, zone_country_id, zone_id, geo_zone_id, last_modified, date_added) values ('488', '192', '0', '4', NULL, '2008-03-11 01:16:34');
insert into zones_to_geo_zones (association_id, zone_country_id, zone_id, geo_zone_id, last_modified, date_added) values ('489', '193', '0', '4', NULL, '2008-03-11 01:16:35');
insert into zones_to_geo_zones (association_id, zone_country_id, zone_id, geo_zone_id, last_modified, date_added) values ('490', '194', '0', '4', NULL, '2008-03-11 01:16:36');
insert into zones_to_geo_zones (association_id, zone_country_id, zone_id, geo_zone_id, last_modified, date_added) values ('491', '195', '0', '4', NULL, '2008-03-11 01:16:37');
insert into zones_to_geo_zones (association_id, zone_country_id, zone_id, geo_zone_id, last_modified, date_added) values ('492', '196', '0', '4', NULL, '2008-03-11 01:16:38');
insert into zones_to_geo_zones (association_id, zone_country_id, zone_id, geo_zone_id, last_modified, date_added) values ('493', '197', '0', '4', NULL, '2008-03-11 01:16:29');
insert into zones_to_geo_zones (association_id, zone_country_id, zone_id, geo_zone_id, last_modified, date_added) values ('494', '198', '0', '4', NULL, '2008-03-11 01:16:30');
insert into zones_to_geo_zones (association_id, zone_country_id, zone_id, geo_zone_id, last_modified, date_added) values ('495', '199', '0', '4', NULL, '2008-03-11 01:16:31');
insert into zones_to_geo_zones (association_id, zone_country_id, zone_id, geo_zone_id, last_modified, date_added) values ('496', '200', '0', '4', NULL, '2008-03-11 01:16:38');
insert into zones_to_geo_zones (association_id, zone_country_id, zone_id, geo_zone_id, last_modified, date_added) values ('497', '201', '0', '4', NULL, '2008-03-11 01:16:29');
insert into zones_to_geo_zones (association_id, zone_country_id, zone_id, geo_zone_id, last_modified, date_added) values ('498', '202', '0', '4', NULL, '2008-03-11 01:16:29');
insert into zones_to_geo_zones (association_id, zone_country_id, zone_id, geo_zone_id, last_modified, date_added) values ('499', '203', '0', '4', NULL, '2008-03-11 01:16:30');
insert into zones_to_geo_zones (association_id, zone_country_id, zone_id, geo_zone_id, last_modified, date_added) values ('500', '204', '0', '4', NULL, '2008-03-11 01:16:31');
insert into zones_to_geo_zones (association_id, zone_country_id, zone_id, geo_zone_id, last_modified, date_added) values ('501', '205', '0', '4', NULL, '2008-03-11 01:16:32');
insert into zones_to_geo_zones (association_id, zone_country_id, zone_id, geo_zone_id, last_modified, date_added) values ('502', '206', '0', '4', NULL, '2008-03-11 01:16:33');
insert into zones_to_geo_zones (association_id, zone_country_id, zone_id, geo_zone_id, last_modified, date_added) values ('503', '207', '0', '4', NULL, '2008-03-11 01:16:34');
insert into zones_to_geo_zones (association_id, zone_country_id, zone_id, geo_zone_id, last_modified, date_added) values ('504', '208', '0', '4', NULL, '2008-03-11 01:16:35');
insert into zones_to_geo_zones (association_id, zone_country_id, zone_id, geo_zone_id, last_modified, date_added) values ('505', '209', '0', '4', NULL, '2008-03-11 01:16:36');
insert into zones_to_geo_zones (association_id, zone_country_id, zone_id, geo_zone_id, last_modified, date_added) values ('506', '210', '0', '4', NULL, '2008-03-11 01:16:37');
insert into zones_to_geo_zones (association_id, zone_country_id, zone_id, geo_zone_id, last_modified, date_added) values ('507', '211', '0', '4', NULL, '2008-03-11 01:16:38');
insert into zones_to_geo_zones (association_id, zone_country_id, zone_id, geo_zone_id, last_modified, date_added) values ('508', '212', '0', '4', NULL, '2008-03-11 01:16:29');
insert into zones_to_geo_zones (association_id, zone_country_id, zone_id, geo_zone_id, last_modified, date_added) values ('509', '213', '0', '4', NULL, '2008-03-11 01:16:30');
insert into zones_to_geo_zones (association_id, zone_country_id, zone_id, geo_zone_id, last_modified, date_added) values ('510', '214', '0', '4', NULL, '2008-03-11 01:16:31');
insert into zones_to_geo_zones (association_id, zone_country_id, zone_id, geo_zone_id, last_modified, date_added) values ('511', '215', '0', '4', NULL, '2008-03-11 22:14:10');
insert into zones_to_geo_zones (association_id, zone_country_id, zone_id, geo_zone_id, last_modified, date_added) values ('512', '216', '0', '4', NULL, '2008-03-11 01:16:29');
insert into zones_to_geo_zones (association_id, zone_country_id, zone_id, geo_zone_id, last_modified, date_added) values ('513', '217', '0', '4', NULL, '2008-03-11 01:16:29');
insert into zones_to_geo_zones (association_id, zone_country_id, zone_id, geo_zone_id, last_modified, date_added) values ('514', '218', '0', '4', NULL, '2008-03-11 01:16:30');
insert into zones_to_geo_zones (association_id, zone_country_id, zone_id, geo_zone_id, last_modified, date_added) values ('515', '219', '0', '4', NULL, '2008-03-11 01:16:31');
insert into zones_to_geo_zones (association_id, zone_country_id, zone_id, geo_zone_id, last_modified, date_added) values ('516', '220', '0', '4', NULL, '2008-03-11 01:16:32');
insert into zones_to_geo_zones (association_id, zone_country_id, zone_id, geo_zone_id, last_modified, date_added) values ('517', '221', '0', '4', NULL, '2008-03-11 01:16:33');
insert into zones_to_geo_zones (association_id, zone_country_id, zone_id, geo_zone_id, last_modified, date_added) values ('518', '222', '0', '4', NULL, '2008-03-11 01:16:34');
insert into zones_to_geo_zones (association_id, zone_country_id, zone_id, geo_zone_id, last_modified, date_added) values ('519', '223', '0', '4', NULL, '2008-03-11 01:16:35');
insert into zones_to_geo_zones (association_id, zone_country_id, zone_id, geo_zone_id, last_modified, date_added) values ('520', '224', '0', '4', NULL, '2008-03-11 01:16:36');
insert into zones_to_geo_zones (association_id, zone_country_id, zone_id, geo_zone_id, last_modified, date_added) values ('521', '225', '0', '4', NULL, '2008-03-11 01:16:37');
insert into zones_to_geo_zones (association_id, zone_country_id, zone_id, geo_zone_id, last_modified, date_added) values ('522', '226', '0', '4', NULL, '2008-03-11 01:16:38');
insert into zones_to_geo_zones (association_id, zone_country_id, zone_id, geo_zone_id, last_modified, date_added) values ('523', '227', '0', '4', NULL, '2008-03-11 01:16:29');
insert into zones_to_geo_zones (association_id, zone_country_id, zone_id, geo_zone_id, last_modified, date_added) values ('524', '228', '0', '4', NULL, '2008-03-11 01:16:30');
insert into zones_to_geo_zones (association_id, zone_country_id, zone_id, geo_zone_id, last_modified, date_added) values ('525', '229', '0', '4', NULL, '2008-03-11 01:16:31');
insert into zones_to_geo_zones (association_id, zone_country_id, zone_id, geo_zone_id, last_modified, date_added) values ('526', '230', '0', '4', NULL, '2008-03-11 01:16:30');
insert into zones_to_geo_zones (association_id, zone_country_id, zone_id, geo_zone_id, last_modified, date_added) values ('527', '231', '0', '4', NULL, '2008-03-11 01:16:31');
insert into zones_to_geo_zones (association_id, zone_country_id, zone_id, geo_zone_id, last_modified, date_added) values ('528', '232', '0', '4', NULL, '2008-03-11 01:16:32');
insert into zones_to_geo_zones (association_id, zone_country_id, zone_id, geo_zone_id, last_modified, date_added) values ('529', '233', '0', '4', NULL, '2008-03-11 01:16:33');
insert into zones_to_geo_zones (association_id, zone_country_id, zone_id, geo_zone_id, last_modified, date_added) values ('530', '234', '0', '4', NULL, '2008-03-11 01:16:34');
insert into zones_to_geo_zones (association_id, zone_country_id, zone_id, geo_zone_id, last_modified, date_added) values ('531', '235', '0', '4', NULL, '2008-03-11 01:16:35');
insert into zones_to_geo_zones (association_id, zone_country_id, zone_id, geo_zone_id, last_modified, date_added) values ('532', '236', '0', '4', NULL, '2008-03-11 01:16:36');
insert into zones_to_geo_zones (association_id, zone_country_id, zone_id, geo_zone_id, last_modified, date_added) values ('533', '237', '0', '4', NULL, '2008-03-11 01:16:37');
insert into zones_to_geo_zones (association_id, zone_country_id, zone_id, geo_zone_id, last_modified, date_added) values ('534', '238', '0', '4', NULL, '2008-03-11 01:16:38');
